customerID,gender,SeniorCitizen,Partner,Dependents,tenure,Contract,InternetService,PhoneService,PaymentMethod,PaperlessBilling,MonthlyCharges,TotalCharges,Churn
CUST00001,Male,0,No,No,66,One year,Fiber optic,Yes,Electronic check,Yes,79.47,5185.07,No
CUST00002,Female,1,No,No,24,Month-to-month,Fiber optic,Yes,Credit card,No,77.57,1995.87,Yes
CUST00003,Male,0,No,No,60,Month-to-month,Fiber optic,Yes,Electronic check,Yes,77.08,4604.47,No
CUST00004,Male,0,Yes,No,25,Month-to-month,No,Yes,Credit card,No,35.73,955.24,No
CUST00005,Male,0,Yes,No,33,Month-to-month,Fiber optic,Yes,Mailed check,Yes,69.77,2262.3,No
CUST00006,Female,1,Yes,No,8,Month-to-month,Fiber optic,No,Bank transfer,Yes,83.75,647.61,Yes
CUST00007,Male,0,Yes,Yes,39,One year,Fiber optic,Yes,Electronic check,No,95.73,3913.9,Yes
CUST00008,Male,0,Yes,No,6,Month-to-month,DSL,Yes,Electronic check,Yes,43.32,246.96,No
CUST00009,Male,0,Yes,No,29,Month-to-month,Fiber optic,Yes,Mailed check,Yes,76.15,2141.57,No
CUST00010,Female,0,Yes,Yes,65,Month-to-month,Fiber optic,Yes,Mailed check,No,67.59,4397.85,No
CUST00011,Male,0,Yes,Yes,29,Month-to-month,DSL,Yes,Electronic check,Yes,77.76,2125.95,No
CUST00012,Male,0,Yes,No,67,Month-to-month,Fiber optic,Yes,Mailed check,Yes,85.97,5654.84,No
CUST00013,Male,0,No,No,57,Month-to-month,No,Yes,Electronic check,No,33.0,1969.98,No
CUST00014,Male,0,No,Yes,54,Month-to-month,No,Yes,Credit card,No,38.53,2103.63,No
CUST00015,Female,0,Yes,No,13,One year,No,Yes,Credit card,No,28.07,384.51,No
CUST00016,Male,0,Yes,No,36,Month-to-month,DSL,Yes,Electronic check,Yes,66.34,2373.9,No
CUST00017,Female,0,Yes,Yes,43,One year,DSL,Yes,Bank transfer,Yes,62.14,2570.56,No
CUST00018,Female,0,No,Yes,5,Two year,Fiber optic,Yes,Mailed check,Yes,86.58,508.18,No
CUST00019,Female,1,Yes,No,25,Month-to-month,DSL,No,Credit card,Yes,46.18,1288.93,No
CUST00020,Male,0,No,No,13,Month-to-month,Fiber optic,Yes,Electronic check,Yes,85.77,999.02,Yes
CUST00021,Female,1,Yes,No,7,Month-to-month,DSL,Yes,Electronic check,No,56.62,432.05,Yes
CUST00022,Male,0,Yes,No,23,Month-to-month,Fiber optic,Yes,Credit card,Yes,66.96,1399.46,No
CUST00023,Female,0,Yes,Yes,38,Two year,DSL,Yes,Credit card,No,53.73,1992.86,No
CUST00024,Female,1,Yes,No,48,Month-to-month,Fiber optic,Yes,Credit card,No,54.3,2782.79,Yes
CUST00025,Female,0,No,No,62,Month-to-month,No,Yes,Electronic check,Yes,22.92,1504.31,No
CUST00026,Female,0,No,No,25,Month-to-month,No,Yes,Electronic check,Yes,18.0,485.41,No
CUST00027,Female,0,No,No,9,Month-to-month,No,Yes,Electronic check,No,36.57,187.95,Yes
CUST00028,Female,0,No,Yes,57,Month-to-month,Fiber optic,Yes,Credit card,Yes,73.09,4240.73,No
CUST00029,Female,0,No,No,13,Month-to-month,No,Yes,Mailed check,No,22.3,311.23,Yes
CUST00030,Female,0,No,Yes,72,Month-to-month,Fiber optic,Yes,Credit card,Yes,87.83,6296.66,Yes
CUST00031,Male,0,Yes,Yes,70,One year,Fiber optic,Yes,Credit card,Yes,60.32,4139.78,No
CUST00032,Male,0,Yes,No,38,Month-to-month,No,Yes,Mailed check,No,18.0,593.84,No
CUST00033,Female,0,Yes,Yes,30,Two year,DSL,Yes,Bank transfer,Yes,70.47,2047.11,No
CUST00034,Female,0,No,No,49,Month-to-month,No,Yes,Electronic check,No,20.25,1044.13,No
CUST00035,Female,0,Yes,Yes,15,Month-to-month,Fiber optic,Yes,Mailed check,No,67.69,1006.6,No
CUST00036,Male,0,No,Yes,71,Month-to-month,DSL,Yes,Bank transfer,Yes,67.74,4815.91,No
CUST00037,Female,1,Yes,No,50,One year,DSL,Yes,Electronic check,No,76.45,3920.18,No
CUST00038,Male,0,No,Yes,14,Month-to-month,Fiber optic,Yes,Electronic check,No,84.95,1082.74,No
CUST00039,Male,1,Yes,Yes,37,Month-to-month,Fiber optic,Yes,Mailed check,No,77.43,2707.31,No
CUST00040,Male,0,Yes,No,70,Month-to-month,Fiber optic,Yes,Bank transfer,Yes,80.44,5693.6,No
CUST00041,Male,0,No,Yes,71,Two year,DSL,Yes,Mailed check,Yes,71.51,4978.7,No
CUST00042,Male,0,Yes,Yes,20,Two year,DSL,Yes,Mailed check,Yes,74.15,1440.84,No
CUST00043,Female,0,No,No,15,Month-to-month,Fiber optic,Yes,Electronic check,Yes,64.44,941.02,No
CUST00044,Female,0,Yes,Yes,66,Month-to-month,DSL,Yes,Credit card,Yes,41.18,2706.23,No
CUST00045,Female,0,Yes,No,64,Month-to-month,DSL,Yes,Bank transfer,No,63.83,3923.61,No
CUST00046,Female,0,No,Yes,12,Month-to-month,DSL,Yes,Mailed check,No,78.31,931.87,No
CUST00047,Female,1,No,Yes,63,Two year,DSL,Yes,Electronic check,Yes,60.57,3957.19,No
CUST00048,Male,0,Yes,No,60,One year,Fiber optic,Yes,Mailed check,No,64.25,3830.02,No
CUST00049,Female,0,No,No,31,Month-to-month,DSL,Yes,Mailed check,No,54.89,1718.84,Yes
CUST00050,Female,0,No,Yes,11,Two year,No,Yes,Electronic check,Yes,21.64,310.42,Yes
CUST00051,Male,0,No,No,40,Month-to-month,Fiber optic,Yes,Mailed check,Yes,69.18,2869.32,No
CUST00052,Female,0,Yes,Yes,65,Month-to-month,Fiber optic,Yes,Electronic check,No,59.98,4000.33,No
CUST00053,Male,0,Yes,Yes,7,Month-to-month,Fiber optic,Yes,Bank transfer,Yes,67.83,437.17,Yes
CUST00054,Female,1,No,No,58,Month-to-month,Fiber optic,Yes,Credit card,Yes,76.58,4486.7,Yes
CUST00055,Male,0,No,Yes,24,Month-to-month,Fiber optic,Yes,Electronic check,No,64.06,1674.54,No
CUST00056,Female,0,No,No,4,One year,DSL,Yes,Mailed check,No,57.62,200.77,No
CUST00057,Female,0,Yes,Yes,44,Month-to-month,DSL,Yes,Bank transfer,Yes,64.8,2973.11,No
CUST00058,Male,0,Yes,No,1,Month-to-month,Fiber optic,No,Credit card,No,84.11,46.64,Yes
CUST00059,Male,0,No,No,41,Two year,DSL,Yes,Mailed check,Yes,53.16,2188.44,No
CUST00060,Male,0,Yes,No,37,Two year,DSL,Yes,Credit card,No,95.0,3690.44,No
CUST00061,Male,0,Yes,Yes,2,One year,Fiber optic,Yes,Credit card,Yes,82.62,83.68,No
CUST00062,Male,0,Yes,No,45,One year,Fiber optic,Yes,Mailed check,Yes,75.37,3214.1,No
CUST00063,Male,0,No,No,21,Two year,Fiber optic,Yes,Electronic check,No,79.61,1718.67,No
CUST00064,Male,0,Yes,No,32,One year,No,Yes,Bank transfer,Yes,31.62,1088.6,No
CUST00065,Male,0,No,No,31,Month-to-month,DSL,No,Electronic check,No,78.1,2391.63,Yes
CUST00066,Female,0,No,No,16,Month-to-month,No,No,Mailed check,No,37.68,585.04,Yes
CUST00067,Female,0,No,No,55,Month-to-month,Fiber optic,Yes,Mailed check,Yes,91.13,5072.55,Yes
CUST00068,Male,1,Yes,No,2,Month-to-month,DSL,Yes,Mailed check,Yes,74.82,102.86,No
CUST00069,Female,1,Yes,No,69,Month-to-month,No,Yes,Electronic check,Yes,18.19,1220.1,No
CUST00070,Female,0,No,No,48,One year,Fiber optic,Yes,Bank transfer,No,83.7,4085.84,No
CUST00071,Female,0,No,Yes,54,Month-to-month,DSL,No,Credit card,Yes,63.55,3507.27,Yes
CUST00072,Female,0,No,No,30,Month-to-month,DSL,No,Electronic check,No,64.91,1946.85,No
CUST00073,Male,0,No,No,20,Month-to-month,Fiber optic,Yes,Mailed check,Yes,77.62,1489.08,No
CUST00074,Female,1,No,No,15,Month-to-month,Fiber optic,Yes,Mailed check,Yes,98.17,1537.43,Yes
CUST00075,Male,0,No,Yes,16,Two year,No,Yes,Electronic check,No,18.0,312.29,Yes
CUST00076,Female,1,Yes,No,0,One year,DSL,Yes,Mailed check,No,64.46,0.0,No
CUST00077,Female,1,Yes,No,71,Two year,Fiber optic,No,Bank transfer,No,105.35,7406.53,No
CUST00078,Female,0,No,No,64,Month-to-month,DSL,Yes,Mailed check,No,54.49,3452.3,No
CUST00079,Male,0,Yes,No,65,Month-to-month,Fiber optic,Yes,Mailed check,Yes,61.44,4104.4,No
CUST00080,Female,0,No,No,36,One year,No,Yes,Mailed check,Yes,18.0,568.44,No
CUST00081,Male,1,Yes,No,23,Month-to-month,Fiber optic,No,Mailed check,Yes,85.81,2127.49,Yes
CUST00082,Female,0,No,Yes,61,Month-to-month,Fiber optic,Yes,Electronic check,No,96.31,5978.88,No
CUST00083,Male,1,Yes,Yes,20,Month-to-month,Fiber optic,Yes,Mailed check,No,40.92,872.15,No
CUST00084,Female,0,Yes,Yes,36,Two year,DSL,Yes,Electronic check,Yes,47.58,1673.34,No
CUST00085,Male,0,No,Yes,34,Two year,No,Yes,Bank transfer,No,18.0,782.27,Yes
CUST00086,Male,1,Yes,No,37,Month-to-month,Fiber optic,Yes,Electronic check,No,86.52,3199.73,Yes
CUST00087,Female,0,Yes,No,52,Month-to-month,Fiber optic,Yes,Bank transfer,No,63.38,3245.22,No
CUST00088,Male,0,Yes,No,14,One year,No,Yes,Credit card,No,18.0,217.87,No
CUST00089,Female,0,No,No,41,Month-to-month,Fiber optic,Yes,Electronic check,No,89.7,3553.75,No
CUST00090,Female,0,No,No,3,Month-to-month,Fiber optic,Yes,Credit card,Yes,103.43,233.23,Yes
CUST00091,Female,0,No,No,38,Month-to-month,Fiber optic,Yes,Bank transfer,Yes,87.4,3260.18,Yes
CUST00092,Female,0,Yes,No,22,Month-to-month,DSL,Yes,Electronic check,Yes,73.95,1615.62,Yes
CUST00093,Female,1,No,Yes,14,Month-to-month,Fiber optic,Yes,Credit card,Yes,80.15,1105.29,No
CUST00094,Female,1,Yes,No,11,Month-to-month,No,Yes,Bank transfer,Yes,34.19,260.47,Yes
CUST00095,Female,0,No,Yes,69,Two year,DSL,Yes,Mailed check,Yes,47.62,3255.37,No
CUST00096,Female,0,No,No,53,Month-to-month,Fiber optic,Yes,Credit card,Yes,80.7,4255.31,No
CUST00097,Female,0,No,No,37,Month-to-month,DSL,Yes,Electronic check,Yes,81.57,2980.2,Yes
CUST00098,Female,0,No,No,27,One year,DSL,Yes,Bank transfer,Yes,66.09,1802.09,No
CUST00099,Female,1,No,Yes,18,Month-to-month,Fiber optic,Yes,Electronic check,Yes,89.03,1630.95,Yes
CUST00100,Male,0,No,No,68,Two year,Fiber optic,Yes,Mailed check,Yes,77.45,5310.99,No
CUST00101,Male,0,Yes,No,63,Month-to-month,Fiber optic,No,Electronic check,Yes,99.96,6187.01,No
CUST00102,Female,0,No,Yes,3,Two year,No,Yes,Bank transfer,Yes,29.23,12.28,Yes
CUST00103,Female,0,Yes,Yes,9,Month-to-month,Fiber optic,Yes,Mailed check,No,82.56,692.92,No
CUST00104,Female,0,Yes,No,11,Two year,DSL,No,Electronic check,Yes,62.43,748.67,Yes
CUST00105,Female,0,Yes,Yes,68,One year,Fiber optic,Yes,Electronic check,Yes,97.98,6680.85,No
CUST00106,Female,0,Yes,No,6,Two year,No,Yes,Bank transfer,Yes,19.53,102.54,No
CUST00107,Female,0,Yes,No,43,One year,DSL,Yes,Mailed check,Yes,67.97,2910.21,No
CUST00108,Female,0,No,No,22,One year,Fiber optic,Yes,Bank transfer,Yes,65.49,1540.69,No
CUST00109,Female,0,Yes,Yes,1,One year,DSL,Yes,Mailed check,Yes,68.84,194.21,No
CUST00110,Male,0,Yes,No,36,Two year,DSL,No,Mailed check,No,48.97,1747.82,No
CUST00111,Female,0,No,No,68,Two year,No,No,Credit card,Yes,31.95,2125.5,Yes
CUST00112,Male,0,Yes,Yes,19,Month-to-month,No,Yes,Credit card,No,23.74,278.87,Yes
CUST00113,Female,0,No,Yes,43,Month-to-month,DSL,Yes,Credit card,No,49.47,2160.79,No
CUST00114,Female,0,No,Yes,69,Month-to-month,No,Yes,Credit card,Yes,32.17,2223.48,No
CUST00115,Male,0,No,No,50,Month-to-month,DSL,Yes,Electronic check,Yes,87.7,4458.35,No
CUST00116,Female,1,No,No,30,Two year,Fiber optic,Yes,Electronic check,Yes,72.62,2255.8,No
CUST00117,Male,1,Yes,Yes,40,Month-to-month,Fiber optic,Yes,Electronic check,Yes,82.26,3280.63,Yes
CUST00118,Female,0,Yes,No,57,Month-to-month,Fiber optic,Yes,Credit card,Yes,63.73,3525.69,No
CUST00119,Female,1,Yes,No,4,One year,No,Yes,Mailed check,Yes,26.48,213.85,No
CUST00120,Male,0,No,No,32,Two year,Fiber optic,Yes,Electronic check,No,65.48,2035.98,No
CUST00121,Female,0,Yes,No,42,One year,Fiber optic,Yes,Mailed check,No,88.64,3835.44,Yes
CUST00122,Male,0,Yes,Yes,18,Month-to-month,No,Yes,Bank transfer,No,22.36,459.36,No
CUST00123,Female,0,Yes,Yes,31,Two year,DSL,No,Electronic check,Yes,60.84,1730.47,No
CUST00124,Male,0,No,No,2,Month-to-month,Fiber optic,Yes,Mailed check,Yes,64.38,95.68,Yes
CUST00125,Male,0,Yes,Yes,0,Two year,Fiber optic,Yes,Electronic check,No,93.35,0.0,No
CUST00126,Female,0,No,No,40,Month-to-month,No,Yes,Credit card,No,18.0,484.49,No
CUST00127,Female,0,Yes,No,47,Month-to-month,Fiber optic,Yes,Electronic check,Yes,61.12,2760.02,No
CUST00128,Male,0,Yes,No,38,Two year,No,Yes,Bank transfer,No,18.0,559.15,No
CUST00129,Female,1,Yes,No,4,One year,Fiber optic,Yes,Credit card,No,60.2,314.13,Yes
CUST00130,Female,0,No,No,10,Month-to-month,DSL,Yes,Credit card,Yes,56.86,519.63,No
CUST00131,Female,0,No,No,21,One year,No,No,Mailed check,No,19.13,388.53,No
CUST00132,Male,0,Yes,No,63,Month-to-month,Fiber optic,Yes,Electronic check,No,113.72,7163.55,No
CUST00133,Male,0,Yes,No,11,Month-to-month,Fiber optic,Yes,Credit card,Yes,73.53,984.86,No
CUST00134,Male,0,No,No,52,One year,No,Yes,Electronic check,No,19.59,1019.17,No
CUST00135,Male,0,Yes,No,54,Two year,Fiber optic,Yes,Bank transfer,No,81.53,4355.36,No
CUST00136,Male,0,Yes,Yes,52,Two year,Fiber optic,Yes,Credit card,No,78.5,4029.11,No
CUST00137,Male,0,Yes,Yes,20,Month-to-month,Fiber optic,Yes,Credit card,Yes,101.91,2002.45,No
CUST00138,Male,0,Yes,No,18,One year,Fiber optic,Yes,Electronic check,Yes,75.69,1396.36,No
CUST00139,Male,0,Yes,No,68,Month-to-month,Fiber optic,Yes,Mailed check,No,80.81,5468.96,No
CUST00140,Male,0,Yes,No,71,Month-to-month,Fiber optic,Yes,Mailed check,No,88.43,6200.42,No
CUST00141,Female,0,Yes,No,65,Month-to-month,No,Yes,Credit card,Yes,36.05,2347.52,No
CUST00142,Male,0,No,Yes,58,Two year,Fiber optic,Yes,Mailed check,Yes,70.17,4166.53,No
CUST00143,Female,0,Yes,No,48,Month-to-month,DSL,Yes,Mailed check,No,78.48,3776.34,No
CUST00144,Female,1,No,No,58,Month-to-month,Fiber optic,Yes,Electronic check,Yes,90.47,5200.08,No
CUST00145,Female,1,Yes,No,22,One year,DSL,Yes,Credit card,Yes,85.46,1893.79,No
CUST00146,Male,1,No,No,2,Month-to-month,Fiber optic,Yes,Electronic check,Yes,74.42,0.0,Yes
CUST00147,Male,0,Yes,No,55,Two year,DSL,Yes,Credit card,No,63.27,3459.26,No
CUST00148,Male,0,No,No,57,Month-to-month,DSL,Yes,Credit card,Yes,75.63,4239.32,No
CUST00149,Male,0,Yes,No,61,One year,No,Yes,Electronic check,Yes,28.03,1561.27,No
CUST00150,Female,0,No,No,17,Month-to-month,Fiber optic,Yes,Mailed check,Yes,59.47,1121.97,No
CUST00151,Male,0,Yes,No,60,Month-to-month,Fiber optic,Yes,Mailed check,Yes,80.47,4784.71,No
CUST00152,Male,0,Yes,Yes,36,Two year,DSL,Yes,Mailed check,Yes,64.79,2263.34,No
CUST00153,Male,1,No,No,53,One year,No,Yes,Mailed check,Yes,31.74,1686.94,No
CUST00154,Male,0,No,No,64,Month-to-month,No,Yes,Mailed check,Yes,27.79,1660.56,No
CUST00155,Male,1,Yes,No,13,Month-to-month,Fiber optic,Yes,Electronic check,No,94.71,1174.57,Yes
CUST00156,Female,0,No,No,4,Month-to-month,Fiber optic,No,Credit card,Yes,68.8,214.45,Yes
CUST00157,Male,0,Yes,No,61,Month-to-month,DSL,Yes,Mailed check,Yes,50.84,3081.83,No
CUST00158,Female,0,Yes,No,0,Month-to-month,Fiber optic,Yes,Mailed check,No,90.47,159.41,Yes
CUST00159,Male,0,No,No,62,Month-to-month,Fiber optic,No,Electronic check,Yes,97.45,6175.04,No
CUST00160,Female,0,Yes,No,66,Month-to-month,No,Yes,Bank transfer,No,29.98,1853.77,No
CUST00161,Male,0,No,Yes,19,Month-to-month,Fiber optic,Yes,Bank transfer,Yes,92.01,1750.09,Yes
CUST00162,Male,0,Yes,No,42,Month-to-month,Fiber optic,Yes,Mailed check,Yes,94.91,3931.06,Yes
CUST00163,Female,0,No,Yes,41,Month-to-month,DSL,No,Credit card,No,68.78,2840.83,No
CUST00164,Female,1,No,Yes,68,One year,DSL,Yes,Mailed check,Yes,78.17,5199.52,No
CUST00165,Female,0,No,No,38,One year,DSL,Yes,Credit card,No,75.21,3021.84,No
CUST00166,Male,1,No,No,61,Month-to-month,Fiber optic,Yes,Credit card,Yes,63.18,3845.93,No
CUST00167,Female,0,Yes,Yes,47,Month-to-month,DSL,Yes,Bank transfer,Yes,70.51,3261.2,No
CUST00168,Male,0,No,No,5,Month-to-month,No,Yes,Bank transfer,Yes,18.0,29.38,Yes
CUST00169,Male,0,Yes,No,41,One year,No,Yes,Electronic check,No,21.19,881.96,No
CUST00170,Female,0,No,Yes,57,One year,Fiber optic,Yes,Credit card,No,75.29,4215.41,No
CUST00171,Female,0,No,No,42,Month-to-month,No,Yes,Credit card,No,39.21,1595.25,No
CUST00172,Male,0,No,No,9,Two year,DSL,Yes,Mailed check,No,73.82,696.32,No
CUST00173,Male,0,No,No,38,Month-to-month,No,Yes,Electronic check,Yes,39.48,1400.82,Yes
CUST00174,Female,0,Yes,No,12,One year,No,No,Credit card,No,22.83,287.2,No
CUST00175,Female,0,No,No,38,Month-to-month,DSL,Yes,Electronic check,Yes,77.05,2965.3,No
CUST00176,Female,0,Yes,No,10,Month-to-month,No,Yes,Mailed check,Yes,21.04,88.46,Yes
CUST00177,Male,0,No,No,15,Month-to-month,DSL,Yes,Electronic check,Yes,39.92,607.82,Yes
CUST00178,Male,0,Yes,No,32,One year,DSL,Yes,Credit card,No,62.9,2018.71,No
CUST00179,Male,0,No,No,59,Month-to-month,Fiber optic,Yes,Bank transfer,Yes,93.41,5580.19,No
CUST00180,Male,0,Yes,No,58,One year,No,Yes,Electronic check,No,18.0,1014.92,No
CUST00181,Male,0,No,Yes,50,One year,Fiber optic,Yes,Electronic check,Yes,48.92,2362.62,No
CUST00182,Male,0,Yes,Yes,14,Month-to-month,Fiber optic,Yes,Electronic check,No,69.68,881.45,No
CUST00183,Female,0,No,No,42,One year,DSL,No,Bank transfer,No,56.29,2252.38,No
CUST00184,Male,0,Yes,No,26,Month-to-month,DSL,Yes,Electronic check,Yes,60.99,1578.62,No
CUST00185,Male,0,No,Yes,55,Month-to-month,No,Yes,Electronic check,Yes,18.0,915.84,No
CUST00186,Male,0,Yes,No,59,One year,Fiber optic,Yes,Credit card,Yes,80.18,4815.3,No
CUST00187,Female,1,No,Yes,69,One year,DSL,Yes,Electronic check,Yes,62.99,4352.17,No
CUST00188,Male,0,Yes,Yes,46,Month-to-month,DSL,Yes,Bank transfer,Yes,58.21,2705.51,No
CUST00189,Male,0,No,Yes,7,Month-to-month,DSL,Yes,Mailed check,No,70.19,498.99,Yes
CUST00190,Female,0,Yes,No,62,Month-to-month,Fiber optic,Yes,Electronic check,Yes,72.61,4486.68,No
CUST00191,Male,0,No,No,6,Month-to-month,Fiber optic,Yes,Mailed check,Yes,91.44,649.89,Yes
CUST00192,Male,0,Yes,Yes,1,Two year,Fiber optic,Yes,Mailed check,Yes,97.57,0.0,No
CUST00193,Male,0,Yes,No,16,Month-to-month,DSL,Yes,Mailed check,Yes,51.32,818.72,No
CUST00194,Male,0,No,Yes,3,Two year,DSL,Yes,Electronic check,Yes,71.49,95.17,No
CUST00195,Male,0,Yes,No,25,Two year,DSL,Yes,Electronic check,No,64.22,1458.04,No
CUST00196,Female,0,Yes,Yes,71,Month-to-month,No,Yes,Mailed check,No,31.53,2128.1,No
CUST00197,Female,0,No,No,68,Month-to-month,Fiber optic,Yes,Electronic check,No,78.6,5497.0,No
CUST00198,Female,1,No,No,4,Two year,DSL,Yes,Electronic check,Yes,82.25,295.41,Yes
CUST00199,Male,0,No,No,4,Month-to-month,DSL,Yes,Mailed check,No,53.37,220.69,Yes
CUST00200,Male,1,Yes,Yes,68,Month-to-month,Fiber optic,No,Mailed check,No,90.05,6244.04,No
CUST00201,Male,0,Yes,Yes,2,Month-to-month,Fiber optic,Yes,Bank transfer,No,101.39,114.33,Yes
CUST00202,Female,1,No,No,37,Month-to-month,DSL,Yes,Mailed check,No,66.31,2435.35,No
CUST00203,Male,1,Yes,No,0,Month-to-month,Fiber optic,Yes,Electronic check,Yes,89.6,0.0,Yes
CUST00204,Male,0,No,No,7,Month-to-month,Fiber optic,Yes,Bank transfer,Yes,102.63,787.78,No
CUST00205,Female,0,Yes,No,12,One year,Fiber optic,Yes,Mailed check,Yes,79.33,1051.39,Yes
CUST00206,Male,0,No,No,69,Two year,No,Yes,Electronic check,Yes,34.94,2324.02,No
CUST00207,Female,0,No,No,49,Month-to-month,DSL,Yes,Electronic check,Yes,82.45,3975.06,No
CUST00208,Female,0,No,No,7,Month-to-month,No,Yes,Bank transfer,No,35.43,345.57,Yes
CUST00209,Female,0,Yes,Yes,29,Month-to-month,Fiber optic,Yes,Bank transfer,No,56.19,1567.73,Yes
CUST00210,Male,0,No,No,39,Month-to-month,DSL,Yes,Credit card,Yes,55.2,2131.35,No
CUST00211,Male,0,Yes,No,32,One year,No,No,Bank transfer,Yes,20.62,618.66,No
CUST00212,Male,1,No,No,72,One year,Fiber optic,Yes,Credit card,No,55.74,4093.47,No
CUST00213,Male,0,No,Yes,51,Month-to-month,No,Yes,Electronic check,Yes,28.52,1478.24,Yes
CUST00214,Male,0,Yes,No,32,One year,DSL,Yes,Mailed check,No,62.77,1847.25,No
CUST00215,Male,0,Yes,No,72,One year,Fiber optic,Yes,Electronic check,Yes,77.84,5518.45,No
CUST00216,Male,1,No,No,36,Month-to-month,No,Yes,Mailed check,No,21.51,737.4,No
CUST00217,Female,0,Yes,Yes,69,One year,DSL,Yes,Electronic check,No,48.12,3307.94,No
CUST00218,Male,0,No,No,68,Month-to-month,Fiber optic,Yes,Credit card,Yes,61.27,4278.28,No
CUST00219,Female,0,Yes,Yes,3,One year,Fiber optic,Yes,Bank transfer,No,83.33,273.59,No
CUST00220,Male,0,Yes,No,59,Month-to-month,Fiber optic,Yes,Bank transfer,Yes,54.95,3218.6,No
CUST00221,Male,0,No,No,30,Month-to-month,No,Yes,Bank transfer,Yes,21.48,670.92,No
CUST00222,Male,1,No,No,13,Two year,Fiber optic,Yes,Bank transfer,No,60.24,775.22,No
CUST00223,Female,0,Yes,No,59,One year,DSL,Yes,Electronic check,No,56.69,3289.66,No
CUST00224,Female,0,No,No,67,One year,Fiber optic,Yes,Bank transfer,No,92.7,6138.1,No
CUST00225,Female,1,No,No,25,Month-to-month,Fiber optic,Yes,Electronic check,Yes,77.74,1914.63,Yes
CUST00226,Female,0,No,Yes,23,One year,DSL,Yes,Electronic check,Yes,84.1,1839.22,No
CUST00227,Male,0,Yes,No,55,Month-to-month,Fiber optic,No,Electronic check,Yes,77.7,4282.01,No
CUST00228,Female,1,Yes,No,8,Two year,DSL,Yes,Credit card,Yes,83.17,752.54,Yes
CUST00229,Male,0,No,Yes,34,One year,DSL,Yes,Credit card,No,60.7,2112.06,No
CUST00230,Male,0,No,No,23,Month-to-month,DSL,Yes,Credit card,Yes,69.29,1654.66,Yes
CUST00231,Female,0,Yes,Yes,30,Month-to-month,Fiber optic,Yes,Credit card,Yes,72.14,2095.94,No
CUST00232,Female,0,No,Yes,65,Two year,Fiber optic,Yes,Bank transfer,No,82.12,5232.74,No
CUST00233,Female,0,Yes,No,65,One year,Fiber optic,Yes,Credit card,Yes,55.32,3662.63,No
CUST00234,Female,0,Yes,No,40,Two year,Fiber optic,Yes,Electronic check,Yes,93.27,3753.96,No
CUST00235,Female,0,No,No,35,Month-to-month,DSL,Yes,Mailed check,No,78.18,2717.44,No
CUST00236,Female,1,No,No,33,One year,Fiber optic,Yes,Mailed check,No,93.26,3128.09,Yes
CUST00237,Female,0,Yes,No,38,One year,DSL,Yes,Electronic check,Yes,51.62,1938.85,No
CUST00238,Female,1,No,Yes,22,One year,Fiber optic,Yes,Credit card,No,62.18,1497.51,Yes
CUST00239,Male,0,No,Yes,43,One year,DSL,Yes,Electronic check,No,69.02,3018.83,Yes
CUST00240,Female,0,No,No,69,Month-to-month,Fiber optic,No,Credit card,Yes,65.77,4535.48,No
CUST00241,Female,0,No,No,57,Month-to-month,Fiber optic,Yes,Credit card,No,90.31,5026.33,No
CUST00242,Male,0,Yes,No,58,Month-to-month,DSL,Yes,Mailed check,No,61.11,3500.55,No
CUST00243,Female,0,Yes,No,25,Month-to-month,DSL,Yes,Electronic check,Yes,72.31,1905.73,No
CUST00244,Male,1,Yes,Yes,21,Month-to-month,Fiber optic,Yes,Mailed check,Yes,76.03,1647.05,No
CUST00245,Male,0,No,No,39,Month-to-month,Fiber optic,Yes,Electronic check,Yes,56.81,2346.56,No
CUST00246,Female,0,No,No,10,Month-to-month,No,Yes,Electronic check,Yes,29.83,224.38,Yes
CUST00247,Male,0,Yes,No,8,Month-to-month,DSL,No,Bank transfer,Yes,51.52,271.24,No
CUST00248,Male,0,Yes,Yes,11,One year,No,Yes,Mailed check,Yes,24.32,338.7,No
CUST00249,Male,0,Yes,No,25,Month-to-month,DSL,Yes,Electronic check,Yes,53.64,1408.62,No
CUST00250,Male,0,Yes,Yes,37,Month-to-month,DSL,Yes,Electronic check,No,75.82,2813.09,No
CUST00251,Female,0,No,No,2,One year,DSL,Yes,Credit card,No,73.67,225.31,No
CUST00252,Male,0,No,Yes,14,Month-to-month,DSL,Yes,Bank transfer,No,51.49,837.92,No
CUST00253,Female,0,Yes,No,46,One year,Fiber optic,Yes,Credit card,Yes,90.77,4152.02,No
CUST00254,Male,0,No,No,4,Month-to-month,DSL,Yes,Electronic check,Yes,83.49,445.89,Yes
CUST00255,Male,0,No,No,53,Two year,Fiber optic,Yes,Electronic check,No,70.24,3585.75,No
CUST00256,Male,1,No,No,23,Month-to-month,DSL,Yes,Bank transfer,Yes,56.13,1298.75,No
CUST00257,Male,0,Yes,Yes,10,Month-to-month,Fiber optic,Yes,Bank transfer,Yes,94.84,953.16,No
CUST00258,Female,0,Yes,No,32,Month-to-month,No,Yes,Electronic check,No,29.6,972.6,No
CUST00259,Female,0,Yes,No,56,Month-to-month,Fiber optic,Yes,Credit card,Yes,67.64,3849.31,No
CUST00260,Male,0,No,No,51,Two year,Fiber optic,Yes,Credit card,Yes,80.83,4199.34,No
CUST00261,Male,1,No,No,63,One year,DSL,Yes,Electronic check,No,73.36,4582.71,No
CUST00262,Female,0,No,No,42,Two year,DSL,Yes,Electronic check,No,88.25,3618.07,No
CUST00263,Male,0,Yes,No,43,Month-to-month,Fiber optic,Yes,Bank transfer,Yes,83.85,3677.23,No
CUST00264,Male,0,Yes,No,35,Two year,No,Yes,Credit card,No,31.7,1037.46,No
CUST00265,Male,0,Yes,No,11,Month-to-month,DSL,Yes,Electronic check,Yes,61.94,549.8,Yes
CUST00266,Female,0,No,Yes,55,Month-to-month,Fiber optic,Yes,Electronic check,No,103.51,5720.73,No
CUST00267,Female,0,Yes,Yes,2,Month-to-month,No,Yes,Mailed check,Yes,38.98,54.1,No
CUST00268,Female,0,Yes,Yes,49,One year,No,No,Bank transfer,Yes,37.53,1719.39,No
CUST00269,Male,0,No,Yes,28,Two year,No,Yes,Bank transfer,Yes,26.3,622.14,Yes
CUST00270,Male,0,No,No,15,Month-to-month,Fiber optic,No,Bank transfer,Yes,104.69,1558.41,Yes
CUST00271,Female,1,No,Yes,39,Two year,DSL,Yes,Electronic check,Yes,75.92,2927.75,No
CUST00272,Female,0,Yes,Yes,26,Two year,No,Yes,Mailed check,Yes,25.55,696.35,No
CUST00273,Female,0,No,No,69,Month-to-month,No,Yes,Mailed check,No,36.93,2569.86,No
CUST00274,Female,0,Yes,No,41,One year,Fiber optic,Yes,Credit card,Yes,76.12,3148.29,No
CUST00275,Male,1,No,No,56,Month-to-month,DSL,Yes,Credit card,No,69.47,3822.37,No
CUST00276,Female,0,Yes,No,9,Two year,Fiber optic,No,Bank transfer,Yes,78.46,689.59,No
CUST00277,Male,1,Yes,Yes,37,One year,DSL,Yes,Credit card,Yes,50.66,1909.71,No
CUST00278,Female,0,No,Yes,7,Month-to-month,Fiber optic,Yes,Bank transfer,No,82.76,561.73,No
CUST00279,Male,0,No,No,17,Two year,Fiber optic,Yes,Bank transfer,Yes,84.28,1519.44,No
CUST00280,Female,0,No,No,16,Month-to-month,Fiber optic,Yes,Electronic check,Yes,55.31,845.43,Yes
CUST00281,Female,0,Yes,No,57,Two year,Fiber optic,Yes,Bank transfer,No,71.2,4102.83,No
CUST00282,Female,0,Yes,No,65,Month-to-month,Fiber optic,Yes,Credit card,Yes,95.12,6195.04,Yes
CUST00283,Female,0,No,Yes,43,One year,Fiber optic,Yes,Bank transfer,No,69.89,2950.22,Yes
CUST00284,Male,0,No,No,8,One year,No,No,Bank transfer,Yes,22.0,240.91,No
CUST00285,Female,0,No,Yes,47,One year,Fiber optic,Yes,Electronic check,No,109.99,5120.06,No
CUST00286,Male,0,No,No,38,Month-to-month,Fiber optic,Yes,Bank transfer,Yes,108.87,4181.27,Yes
CUST00287,Male,0,No,No,5,Two year,Fiber optic,Yes,Mailed check,No,99.98,564.17,Yes
CUST00288,Male,0,No,No,29,Month-to-month,Fiber optic,Yes,Electronic check,No,79.15,2360.71,No
CUST00289,Male,0,Yes,No,17,Month-to-month,No,Yes,Electronic check,Yes,29.88,507.6,No
CUST00290,Female,0,Yes,No,42,Month-to-month,Fiber optic,Yes,Mailed check,Yes,67.21,2723.6,No
CUST00291,Male,0,Yes,No,32,Two year,Fiber optic,Yes,Credit card,No,73.55,2380.12,No
CUST00292,Male,1,Yes,No,52,Month-to-month,Fiber optic,Yes,Bank transfer,No,67.08,3621.24,Yes
CUST00293,Male,0,No,No,55,Month-to-month,Fiber optic,Yes,Electronic check,No,90.62,5127.82,No
CUST00294,Female,0,No,No,18,Two year,No,Yes,Bank transfer,Yes,26.6,417.69,Yes
CUST00295,Female,0,No,No,68,Two year,Fiber optic,No,Mailed check,No,77.2,5270.97,No
CUST00296,Female,1,Yes,No,25,Month-to-month,DSL,Yes,Bank transfer,No,57.25,1363.66,No
CUST00297,Female,0,Yes,Yes,28,Month-to-month,Fiber optic,Yes,Bank transfer,Yes,98.1,2878.69,Yes
CUST00298,Male,0,Yes,No,23,Month-to-month,No,Yes,Bank transfer,No,23.15,590.18,Yes
CUST00299,Male,1,No,No,5,Two year,DSL,Yes,Electronic check,Yes,81.41,422.2,No
CUST00300,Female,0,Yes,No,53,Two year,Fiber optic,Yes,Credit card,No,84.65,4537.32,No
CUST00301,Male,0,No,No,38,Two year,DSL,Yes,Credit card,Yes,64.63,2297.48,No
CUST00302,Male,0,Yes,Yes,3,One year,No,Yes,Electronic check,No,19.96,24.99,Yes
CUST00303,Male,0,Yes,Yes,57,Month-to-month,Fiber optic,Yes,Electronic check,Yes,84.39,4835.13,No
CUST00304,Female,0,No,No,47,Month-to-month,Fiber optic,Yes,Credit card,No,80.61,3715.41,Yes
CUST00305,Female,0,No,Yes,59,Month-to-month,DSL,Yes,Credit card,Yes,65.16,3815.11,Yes
CUST00306,Male,0,Yes,Yes,25,Month-to-month,Fiber optic,Yes,Mailed check,No,69.77,1781.51,Yes
CUST00307,Female,1,No,Yes,39,Two year,DSL,Yes,Electronic check,No,66.1,2624.45,No
CUST00308,Female,0,No,Yes,55,Month-to-month,Fiber optic,Yes,Credit card,No,83.4,4565.84,No
CUST00309,Female,0,No,No,38,Two year,Fiber optic,Yes,Electronic check,No,97.53,3702.18,Yes
CUST00310,Female,0,No,No,38,Two year,Fiber optic,No,Electronic check,Yes,83.66,3103.49,No
CUST00311,Female,0,No,No,47,Two year,No,Yes,Electronic check,Yes,18.0,791.78,Yes
CUST00312,Male,0,Yes,No,24,One year,DSL,Yes,Mailed check,Yes,51.5,1296.41,No
CUST00313,Female,0,No,Yes,33,Month-to-month,DSL,Yes,Electronic check,Yes,43.54,1351.91,No
CUST00314,Male,0,Yes,Yes,20,Month-to-month,No,Yes,Electronic check,Yes,23.67,555.51,No
CUST00315,Male,0,No,No,24,One year,Fiber optic,Yes,Mailed check,Yes,89.45,2229.86,No
CUST00316,Female,0,Yes,No,21,Month-to-month,DSL,Yes,Electronic check,Yes,62.18,1346.37,Yes
CUST00317,Male,0,Yes,Yes,22,Month-to-month,DSL,No,Mailed check,No,80.67,1819.03,No
CUST00318,Male,0,No,No,24,One year,Fiber optic,Yes,Electronic check,No,89.71,2049.79,No
CUST00319,Male,0,Yes,No,25,Two year,DSL,Yes,Electronic check,Yes,82.15,2101.84,No
CUST00320,Female,0,Yes,No,29,Two year,No,Yes,Credit card,Yes,18.0,436.41,No
CUST00321,Female,1,No,Yes,37,Month-to-month,Fiber optic,Yes,Bank transfer,Yes,84.85,2997.49,No
CUST00322,Male,0,No,No,33,Two year,No,Yes,Credit card,No,27.91,946.84,No
CUST00323,Female,0,No,Yes,72,One year,No,Yes,Bank transfer,Yes,23.72,1854.56,No
CUST00324,Female,0,Yes,No,14,One year,Fiber optic,Yes,Credit card,No,94.36,1266.01,Yes
CUST00325,Female,0,No,No,43,Month-to-month,Fiber optic,Yes,Credit card,Yes,85.56,3718.18,No
CUST00326,Female,0,Yes,No,9,One year,Fiber optic,Yes,Credit card,No,63.05,604.59,Yes
CUST00327,Male,1,Yes,Yes,36,One year,No,Yes,Mailed check,No,21.8,791.6,No
CUST00328,Male,1,No,Yes,6,One year,Fiber optic,Yes,Bank transfer,No,75.45,333.39,No
CUST00329,Female,0,No,No,31,Month-to-month,DSL,Yes,Electronic check,No,64.03,2003.48,No
CUST00330,Female,0,No,No,10,Two year,Fiber optic,No,Credit card,No,80.87,932.36,No
CUST00331,Male,0,No,No,47,Two year,Fiber optic,Yes,Mailed check,Yes,96.64,4622.03,No
CUST00332,Male,0,Yes,No,67,Two year,DSL,Yes,Credit card,No,62.51,4038.1,No
CUST00333,Female,0,No,Yes,47,Month-to-month,Fiber optic,Yes,Electronic check,Yes,86.72,4167.17,No
CUST00334,Male,0,Yes,No,44,Month-to-month,DSL,Yes,Mailed check,Yes,58.92,2589.85,No
CUST00335,Female,0,No,Yes,32,Month-to-month,No,Yes,Electronic check,Yes,26.39,947.64,No
CUST00336,Female,0,No,Yes,3,One year,DSL,Yes,Mailed check,Yes,61.35,67.89,Yes
CUST00337,Male,0,No,No,46,Two year,Fiber optic,Yes,Electronic check,No,92.73,4218.91,Yes
CUST00338,Male,1,No,No,52,Month-to-month,Fiber optic,Yes,Mailed check,Yes,102.59,5340.76,No
CUST00339,Female,0,No,No,30,Two year,No,Yes,Mailed check,Yes,26.02,882.11,No
CUST00340,Female,0,No,No,30,One year,DSL,Yes,Credit card,Yes,52.85,1571.71,No
CUST00341,Male,0,Yes,No,26,Month-to-month,Fiber optic,No,Electronic check,No,50.71,1275.9,No
CUST00342,Female,1,Yes,Yes,47,Month-to-month,Fiber optic,Yes,Mailed check,Yes,89.42,4191.58,No
CUST00343,Male,1,No,No,35,Month-to-month,DSL,Yes,Electronic check,Yes,83.7,3083.88,No
CUST00344,Female,0,No,No,48,One year,DSL,Yes,Credit card,Yes,55.61,2590.55,No
CUST00345,Male,0,Yes,No,30,Month-to-month,Fiber optic,Yes,Mailed check,No,100.58,2983.56,No
CUST00346,Male,0,Yes,No,43,One year,Fiber optic,No,Electronic check,Yes,100.14,4225.24,No
CUST00347,Male,0,Yes,No,58,One year,Fiber optic,Yes,Mailed check,Yes,69.34,4063.22,No
CUST00348,Female,0,No,No,22,Month-to-month,DSL,Yes,Mailed check,No,77.39,1622.15,No
CUST00349,Female,0,Yes,No,67,Month-to-month,DSL,No,Bank transfer,Yes,80.5,5404.57,No
CUST00350,Male,0,Yes,No,41,One year,No,Yes,Credit card,No,26.71,1032.02,No
CUST00351,Female,0,No,Yes,41,Month-to-month,Fiber optic,Yes,Electronic check,Yes,84.4,3492.29,No
CUST00352,Male,0,No,No,12,Two year,Fiber optic,Yes,Electronic check,No,75.19,917.1,No
CUST00353,Male,1,Yes,Yes,0,Month-to-month,Fiber optic,Yes,Bank transfer,No,77.03,69.28,No
CUST00354,Female,0,Yes,Yes,52,Month-to-month,Fiber optic,Yes,Credit card,Yes,102.8,5385.88,No
CUST00355,Female,0,No,Yes,39,One year,DSL,Yes,Mailed check,Yes,78.2,3146.67,No
CUST00356,Male,0,Yes,Yes,45,Two year,DSL,Yes,Electronic check,No,53.74,2598.82,No
CUST00357,Female,0,No,No,21,Month-to-month,DSL,Yes,Mailed check,Yes,69.99,1655.83,No
CUST00358,Female,0,No,No,51,Month-to-month,No,Yes,Bank transfer,Yes,18.0,953.15,No
CUST00359,Male,0,Yes,Yes,27,One year,No,Yes,Electronic check,No,20.9,585.2,No
CUST00360,Male,1,No,Yes,52,Month-to-month,Fiber optic,Yes,Credit card,Yes,94.74,4898.78,No
CUST00361,Female,0,Yes,No,62,Month-to-month,DSL,Yes,Electronic check,No,74.74,4613.72,No
CUST00362,Male,0,Yes,Yes,16,One year,DSL,Yes,Mailed check,Yes,63.35,1038.13,Yes
CUST00363,Male,0,No,No,63,One year,Fiber optic,No,Credit card,No,101.49,6321.91,Yes
CUST00364,Female,0,No,Yes,5,Two year,Fiber optic,No,Bank transfer,Yes,58.86,343.83,No
CUST00365,Male,0,Yes,Yes,13,Month-to-month,Fiber optic,Yes,Electronic check,No,72.89,801.39,Yes
CUST00366,Male,0,Yes,No,16,Month-to-month,No,Yes,Electronic check,No,20.79,345.09,No
CUST00367,Female,0,Yes,No,37,One year,Fiber optic,Yes,Bank transfer,Yes,77.95,2819.8,No
CUST00368,Female,0,Yes,No,68,One year,DSL,Yes,Electronic check,Yes,53.3,3595.52,No
CUST00369,Male,0,No,Yes,12,One year,Fiber optic,Yes,Credit card,Yes,67.035,707.6,Yes
CUST00370,Male,0,Yes,No,52,Month-to-month,DSL,Yes,Credit card,Yes,60.84,3077.63,No
CUST00371,Female,0,No,No,8,Month-to-month,DSL,No,Electronic check,Yes,38.09,250.3,Yes
CUST00372,Female,0,Yes,Yes,43,Two year,No,Yes,Credit card,Yes,18.0,679.38,No
CUST00373,Female,0,No,Yes,25,Month-to-month,Fiber optic,Yes,Bank transfer,No,90.55,2368.67,No
CUST00374,Female,0,No,Yes,18,Month-to-month,DSL,Yes,Mailed check,Yes,75.35,1200.21,Yes
CUST00375,Male,1,No,No,47,Month-to-month,DSL,Yes,Electronic check,Yes,71.13,3306.41,No
CUST00376,Female,0,Yes,Yes,29,Two year,Fiber optic,Yes,Electronic check,No,93.09,2766.96,No
CUST00377,Female,0,Yes,No,31,Two year,Fiber optic,Yes,Bank transfer,No,76.96,2475.83,No
CUST00378,Male,1,Yes,Yes,68,Month-to-month,Fiber optic,Yes,Mailed check,No,90.83,6269.27,No
CUST00379,Female,0,No,Yes,10,Month-to-month,DSL,Yes,Bank transfer,No,48.78,545.66,No
CUST00380,Male,0,No,Yes,25,Month-to-month,Fiber optic,Yes,Electronic check,Yes,92.23,2236.46,No
CUST00381,Female,0,No,No,25,Month-to-month,DSL,Yes,Electronic check,Yes,67.88,1711.27,No
CUST00382,Female,0,No,Yes,16,Month-to-month,Fiber optic,Yes,Credit card,No,80.67,1149.12,No
CUST00383,Female,0,Yes,No,43,Month-to-month,DSL,Yes,Credit card,No,68.69,2894.01,No
CUST00384,Male,0,No,No,22,One year,DSL,Yes,Bank transfer,Yes,58.28,1194.75,No
CUST00385,Male,0,No,No,24,Month-to-month,DSL,Yes,Electronic check,Yes,48.51,1118.94,No
CUST00386,Female,0,Yes,No,36,Two year,DSL,Yes,Electronic check,Yes,71.88,2577.89,No
CUST00387,Male,1,Yes,No,64,One year,DSL,Yes,Mailed check,Yes,58.44,3641.53,No
CUST00388,Male,0,No,No,1,Month-to-month,No,Yes,Mailed check,Yes,24.1,133.11,No
CUST00389,Male,1,Yes,No,31,Month-to-month,DSL,Yes,Bank transfer,Yes,70.29,2077.85,No
CUST00390,Male,0,Yes,Yes,54,Two year,Fiber optic,Yes,Credit card,Yes,103.15,5594.78,No
CUST00391,Male,0,No,Yes,49,Two year,Fiber optic,Yes,Bank transfer,Yes,93.86,4462.79,No
CUST00392,Male,0,No,No,64,Month-to-month,DSL,Yes,Credit card,Yes,70.9,4549.79,No
CUST00393,Female,0,Yes,No,31,Month-to-month,Fiber optic,Yes,Electronic check,Yes,61.68,1809.19,No
CUST00394,Female,0,Yes,No,36,Two year,No,Yes,Bank transfer,Yes,35.27,1370.6,No
CUST00395,Male,0,No,Yes,12,Month-to-month,DSL,Yes,Credit card,Yes,52.88,628.31,No
CUST00396,Female,0,No,No,53,Month-to-month,No,Yes,Mailed check,Yes,35.52,1841.12,No
CUST00397,Female,1,Yes,No,2,Two year,No,Yes,Credit card,No,18.0,75.66,Yes
CUST00398,Female,0,No,No,41,Two year,No,Yes,Mailed check,No,33.0,1340.89,No
CUST00399,Female,0,No,No,39,One year,DSL,Yes,Credit card,No,57.79,2302.05,Yes
CUST00400,Male,0,No,No,65,Month-to-month,Fiber optic,Yes,Bank transfer,No,59.1,3917.16,No
CUST00401,Female,0,Yes,Yes,59,Month-to-month,Fiber optic,Yes,Mailed check,Yes,81.34,4783.17,No
CUST00402,Female,0,Yes,No,10,One year,DSL,Yes,Electronic check,No,52.57,520.21,No
CUST00403,Male,0,No,No,0,One year,Fiber optic,Yes,Bank transfer,Yes,70.82,0.0,No
CUST00404,Male,0,Yes,No,25,Month-to-month,No,Yes,Electronic check,Yes,42.99,1152.82,Yes
CUST00405,Female,1,No,No,41,Two year,No,Yes,Electronic check,No,23.64,976.99,No
CUST00406,Female,0,Yes,No,61,Month-to-month,DSL,Yes,Electronic check,Yes,84.02,5175.2,No
CUST00407,Female,0,Yes,Yes,60,Month-to-month,DSL,Yes,Mailed check,Yes,72.59,4324.47,No
CUST00408,Female,0,Yes,Yes,61,Month-to-month,DSL,Yes,Electronic check,Yes,55.2,3222.6,No
CUST00409,Female,0,Yes,No,11,One year,DSL,Yes,Credit card,Yes,72.83,737.49,No
CUST00410,Female,0,No,No,26,One year,Fiber optic,Yes,Bank transfer,Yes,112.01,2726.37,No
CUST00411,Male,0,Yes,Yes,66,One year,No,Yes,Mailed check,No,33.43,2184.59,No
CUST00412,Female,1,No,No,27,Month-to-month,Fiber optic,Yes,Electronic check,Yes,97.66,2730.08,Yes
CUST00413,Female,0,No,No,65,Two year,No,Yes,Bank transfer,No,35.03,2189.09,No
CUST00414,Male,0,Yes,Yes,27,Month-to-month,Fiber optic,Yes,Electronic check,No,67.14,1957.45,Yes
CUST00415,Male,1,No,Yes,20,Month-to-month,Fiber optic,Yes,Mailed check,Yes,70.07,1320.97,Yes
CUST00416,Male,0,Yes,Yes,6,One year,Fiber optic,Yes,Electronic check,Yes,79.91,334.29,No
CUST00417,Male,0,No,No,13,Month-to-month,No,Yes,Electronic check,No,35.88,371.01,No
CUST00418,Female,0,No,No,38,Month-to-month,No,No,Electronic check,No,34.88,1372.89,No
CUST00419,Female,0,Yes,No,72,Month-to-month,Fiber optic,Yes,Mailed check,Yes,93.95,6745.34,No
CUST00420,Female,0,Yes,No,61,Month-to-month,No,Yes,Credit card,No,29.79,1873.19,No
CUST00421,Female,0,No,No,11,Month-to-month,Fiber optic,Yes,Electronic check,No,66.13,823.59,No
CUST00422,Female,0,No,No,37,Month-to-month,No,Yes,Mailed check,No,27.19,924.09,No
CUST00423,Female,0,Yes,No,57,Month-to-month,Fiber optic,Yes,Electronic check,Yes,67.27,3877.04,No
CUST00424,Male,0,No,No,55,Month-to-month,DSL,Yes,Mailed check,Yes,67.13,3576.5,No
CUST00425,Female,0,Yes,Yes,38,One year,No,Yes,Bank transfer,Yes,24.03,834.48,No
CUST00426,Male,0,No,No,3,Month-to-month,DSL,Yes,Mailed check,Yes,85.76,293.91,No
CUST00427,Male,0,Yes,No,47,One year,No,Yes,Bank transfer,No,18.0,921.1,No
CUST00428,Female,0,No,Yes,6,One year,Fiber optic,Yes,Credit card,Yes,105.13,594.13,Yes
CUST00429,Male,0,Yes,No,59,Two year,Fiber optic,Yes,Bank transfer,Yes,90.55,5373.02,No
CUST00430,Female,0,No,No,39,Two year,DSL,Yes,Electronic check,Yes,53.2,2043.05,No
CUST00431,Male,1,No,No,7,Month-to-month,DSL,Yes,Mailed check,No,74.48,742.1,No
CUST00432,Female,0,No,No,57,Month-to-month,No,Yes,Bank transfer,No,45.46,2599.15,No
CUST00433,Male,0,No,Yes,56,One year,DSL,Yes,Bank transfer,No,90.55,5069.62,Yes
CUST00434,Female,0,No,No,34,One year,No,Yes,Mailed check,No,29.52,927.42,No
CUST00435,Female,0,No,No,72,Month-to-month,Fiber optic,Yes,Bank transfer,No,99.96,7186.75,No
CUST00436,Female,0,No,No,12,Month-to-month,Fiber optic,Yes,Mailed check,Yes,81.69,1005.88,No
CUST00437,Female,1,No,No,38,Two year,Fiber optic,Yes,Credit card,Yes,83.5,3153.44,No
CUST00438,Female,0,No,No,20,Two year,DSL,Yes,Credit card,No,71.55,1381.89,No
CUST00439,Male,0,No,Yes,46,One year,Fiber optic,Yes,Credit card,No,52.2,2451.06,No
CUST00440,Male,0,Yes,No,1,Month-to-month,Fiber optic,Yes,Electronic check,Yes,84.43,45.25,Yes
CUST00441,Male,1,No,No,43,Month-to-month,No,Yes,Mailed check,Yes,19.12,895.85,No
CUST00442,Female,0,Yes,No,29,Month-to-month,Fiber optic,Yes,Bank transfer,Yes,67.69,1912.54,No
CUST00443,Male,1,No,No,54,Month-to-month,DSL,Yes,Mailed check,Yes,51.4,2724.08,No
CUST00444,Female,0,No,No,39,Two year,No,Yes,Bank transfer,Yes,18.78,796.19,No
CUST00445,Female,0,No,No,23,Month-to-month,Fiber optic,No,Credit card,Yes,63.72,1516.11,No
CUST00446,Male,0,Yes,Yes,41,Month-to-month,Fiber optic,No,Bank transfer,No,70.86,3020.24,No
CUST00447,Male,0,Yes,No,27,Month-to-month,No,Yes,Electronic check,Yes,31.61,781.2,Yes
CUST00448,Female,0,No,No,50,One year,Fiber optic,No,Mailed check,Yes,81.88,4101.72,No
CUST00449,Male,0,Yes,Yes,21,Month-to-month,Fiber optic,Yes,Mailed check,Yes,87.1,1901.1,Yes
CUST00450,Female,0,Yes,Yes,7,One year,Fiber optic,Yes,Bank transfer,Yes,81.58,676.19,Yes
CUST00451,Female,0,No,No,13,Two year,DSL,Yes,Credit card,Yes,82.38,1151.35,No
CUST00452,Female,0,No,No,44,Month-to-month,Fiber optic,Yes,Electronic check,Yes,85.46,3753.27,Yes
CUST00453,Female,0,Yes,Yes,37,Month-to-month,DSL,Yes,Mailed check,Yes,54.23,2046.7,No
CUST00454,Female,0,No,Yes,31,Two year,Fiber optic,Yes,Bank transfer,No,54.71,1586.27,No
CUST00455,Male,0,Yes,Yes,61,Two year,DSL,Yes,Electronic check,No,67.61,4322.05,No
CUST00456,Male,0,No,Yes,66,Month-to-month,DSL,Yes,Credit card,Yes,53.84,3583.37,No
CUST00457,Female,0,Yes,No,60,Month-to-month,No,Yes,Credit card,Yes,32.86,1959.15,No
CUST00458,Female,0,No,No,12,Two year,Fiber optic,Yes,Mailed check,Yes,58.9,768.5,Yes
CUST00459,Male,0,Yes,No,46,Month-to-month,Fiber optic,Yes,Bank transfer,Yes,75.51,3471.95,No
CUST00460,Male,0,No,No,53,Month-to-month,Fiber optic,Yes,Credit card,No,120.52,6547.73,No
CUST00461,Female,0,Yes,No,70,Two year,Fiber optic,No,Mailed check,Yes,64.69,4702.21,No
CUST00462,Male,0,No,No,51,Month-to-month,Fiber optic,Yes,Mailed check,No,83.49,4210.3,No
CUST00463,Female,0,Yes,No,71,One year,No,Yes,Credit card,No,18.0,1289.28,No
CUST00464,Male,0,Yes,No,24,Month-to-month,DSL,Yes,Credit card,Yes,48.4,1159.56,No
CUST00465,Female,0,No,No,22,Month-to-month,Fiber optic,Yes,Electronic check,Yes,108.75,2243.68,No
CUST00466,Male,0,No,No,29,One year,DSL,Yes,Credit card,Yes,76.56,2273.87,No
CUST00467,Female,0,Yes,No,10,Month-to-month,Fiber optic,Yes,Electronic check,Yes,66.01,661.82,No
CUST00468,Male,0,Yes,Yes,34,One year,No,Yes,Bank transfer,Yes,18.0,670.66,No
CUST00469,Male,0,Yes,Yes,26,Month-to-month,No,Yes,Bank transfer,Yes,28.78,644.37,Yes
CUST00470,Female,0,Yes,No,66,Month-to-month,Fiber optic,Yes,Electronic check,No,72.83,4910.49,No
CUST00471,Male,0,Yes,No,46,Month-to-month,DSL,Yes,Electronic check,Yes,74.73,3439.51,No
CUST00472,Female,0,Yes,No,49,Two year,Fiber optic,Yes,Bank transfer,Yes,55.44,2589.67,Yes
CUST00473,Male,1,No,No,7,Month-to-month,Fiber optic,Yes,Electronic check,Yes,85.23,482.07,Yes
CUST00474,Female,0,No,Yes,54,Month-to-month,DSL,Yes,Credit card,No,62.04,3346.6,No
CUST00475,Male,0,Yes,No,41,Month-to-month,Fiber optic,Yes,Electronic check,No,80.32,3252.16,No
CUST00476,Female,0,No,No,66,One year,Fiber optic,Yes,Mailed check,No,72.14,4689.61,No
CUST00477,Male,0,No,Yes,19,Month-to-month,DSL,Yes,Electronic check,Yes,50.76,992.24,No
CUST00478,Female,0,Yes,No,44,Two year,Fiber optic,Yes,Electronic check,No,66.22,2948.53,No
CUST00479,Male,0,Yes,No,34,Two year,DSL,Yes,Credit card,Yes,40.11,1383.49,No
CUST00480,Female,0,No,No,19,Month-to-month,DSL,Yes,Electronic check,Yes,78.05,1377.0,No
CUST00481,Female,0,Yes,No,23,Month-to-month,Fiber optic,Yes,Bank transfer,Yes,73.9,1691.82,No
CUST00482,Female,1,Yes,No,56,Two year,DSL,Yes,Bank transfer,Yes,63.22,3552.81,No
CUST00483,Male,0,No,No,54,Month-to-month,No,Yes,Electronic check,Yes,31.85,1619.88,Yes
CUST00484,Female,0,No,No,8,Two year,Fiber optic,No,Credit card,No,87.11,733.21,No
CUST00485,Male,0,Yes,No,15,Month-to-month,No,Yes,Electronic check,No,33.34,518.91,No
CUST00486,Female,0,No,No,54,Month-to-month,Fiber optic,Yes,Bank transfer,Yes,84.57,4430.7,No
CUST00487,Male,0,No,No,71,Two year,DSL,Yes,Bank transfer,No,54.86,3822.67,No
CUST00488,Female,0,No,No,57,Month-to-month,Fiber optic,Yes,Bank transfer,Yes,79.25,4511.05,No
CUST00489,Male,0,No,No,63,Month-to-month,No,Yes,Bank transfer,Yes,35.35,2285.22,No
CUST00490,Male,0,Yes,No,48,One year,Fiber optic,No,Credit card,Yes,73.53,3308.8,No
CUST00491,Female,0,No,No,28,Two year,Fiber optic,Yes,Credit card,No,77.11,2248.19,No
CUST00492,Male,0,Yes,No,6,Month-to-month,Fiber optic,Yes,Bank transfer,Yes,102.31,585.02,Yes
CUST00493,Male,0,Yes,No,68,Two year,DSL,Yes,Mailed check,Yes,88.89,6134.28,No
CUST00494,Female,1,Yes,Yes,1,One year,DSL,Yes,Electronic check,Yes,61.68,0.0,No
CUST00495,Male,0,Yes,No,32,Two year,DSL,Yes,Credit card,No,75.11,2326.89,No
CUST00496,Male,0,Yes,No,47,One year,Fiber optic,Yes,Credit card,No,99.94,4745.05,No
CUST00497,Male,0,Yes,No,36,One year,DSL,Yes,Electronic check,Yes,45.75,1731.1,No
CUST00498,Female,0,Yes,No,29,Two year,Fiber optic,Yes,Electronic check,No,53.37,1654.52,Yes
CUST00499,Male,0,No,No,40,Month-to-month,Fiber optic,Yes,Credit card,No,78.73,3222.37,Yes
CUST00500,Female,0,Yes,No,3,Two year,Fiber optic,Yes,Bank transfer,No,82.58,245.51,No
CUST00501,Male,1,No,No,38,Month-to-month,DSL,Yes,Electronic check,Yes,44.44,1735.11,Yes
CUST00502,Male,0,Yes,Yes,23,Month-to-month,Fiber optic,Yes,Bank transfer,Yes,57.15,1420.68,Yes
CUST00503,Male,0,Yes,Yes,49,One year,Fiber optic,Yes,Electronic check,Yes,67.61,3400.51,No
CUST00504,Female,0,Yes,No,36,Month-to-month,No,Yes,Electronic check,Yes,26.5,918.8,No
CUST00505,Male,0,Yes,Yes,52,One year,Fiber optic,No,Mailed check,No,65.83,3482.5,No
CUST00506,Male,0,No,No,24,Two year,DSL,Yes,Mailed check,Yes,77.24,1853.49,Yes
CUST00507,Female,0,Yes,No,30,Month-to-month,DSL,Yes,Electronic check,No,52.05,1673.49,Yes
CUST00508,Male,0,No,No,37,Month-to-month,Fiber optic,Yes,Credit card,No,79.83,2913.75,No
CUST00509,Female,0,No,No,57,Month-to-month,Fiber optic,Yes,Mailed check,No,72.03,4164.24,Yes
CUST00510,Female,0,Yes,No,52,Two year,DSL,Yes,Bank transfer,Yes,74.64,3964.83,No
CUST00511,Male,1,No,No,49,Two year,Fiber optic,Yes,Electronic check,Yes,91.18,4395.69,No
CUST00512,Female,0,Yes,No,3,Month-to-month,DSL,Yes,Mailed check,Yes,62.85,148.19,Yes
CUST00513,Male,0,No,Yes,51,Two year,Fiber optic,Yes,Credit card,Yes,60.35,3228.9,No
CUST00514,Female,0,No,No,30,Month-to-month,DSL,Yes,Credit card,No,52.72,1638.37,Yes
CUST00515,Female,0,Yes,No,13,Month-to-month,No,Yes,Electronic check,No,21.96,403.78,No
CUST00516,Male,0,Yes,Yes,0,Month-to-month,DSL,Yes,Mailed check,Yes,62.99,0.0,No
CUST00517,Female,0,Yes,No,42,Month-to-month,Fiber optic,No,Electronic check,Yes,67.035,3262.93,No
CUST00518,Female,0,Yes,No,58,One year,Fiber optic,Yes,Credit card,No,72.19,4202.05,Yes
CUST00519,Female,0,No,No,60,Month-to-month,DSL,Yes,Bank transfer,No,64.58,3834.24,No
CUST00520,Female,0,Yes,Yes,40,Two year,No,Yes,Mailed check,Yes,27.15,887.86,No
CUST00521,Female,1,Yes,No,17,One year,Fiber optic,Yes,Bank transfer,No,69.7,1291.06,Yes
CUST00522,Male,0,Yes,No,59,Month-to-month,DSL,Yes,Credit card,Yes,79.96,4852.63,No
CUST00523,Female,0,No,No,68,One year,Fiber optic,Yes,Electronic check,Yes,59.63,4164.16,No
CUST00524,Male,0,Yes,No,58,Month-to-month,No,Yes,Electronic check,Yes,21.58,1382.97,Yes
CUST00525,Female,0,No,No,41,One year,No,Yes,Electronic check,No,35.15,1493.15,No
CUST00526,Male,0,No,Yes,35,Month-to-month,Fiber optic,Yes,Electronic check,Yes,52.95,1830.8,No
CUST00527,Male,0,No,No,39,Month-to-month,Fiber optic,Yes,Electronic check,No,62.02,2599.38,No
CUST00528,Female,0,No,Yes,29,Month-to-month,DSL,Yes,Bank transfer,Yes,63.77,1970.36,No
CUST00529,Female,0,Yes,Yes,10,Two year,No,Yes,Credit card,Yes,18.0,244.25,No
CUST00530,Female,0,Yes,Yes,24,One year,DSL,Yes,Mailed check,Yes,57.37,1174.3,No
CUST00531,Male,0,No,No,44,Two year,DSL,Yes,Bank transfer,No,68.31,3022.91,No
CUST00532,Female,0,No,No,50,Month-to-month,No,Yes,Credit card,Yes,29.75,1462.99,No
CUST00533,Male,0,No,Yes,42,Two year,DSL,Yes,Credit card,No,71.07,3013.9,No
CUST00534,Male,0,Yes,No,65,Month-to-month,Fiber optic,No,Mailed check,Yes,69.55,4457.5,No
CUST00535,Male,0,Yes,Yes,46,One year,Fiber optic,Yes,Mailed check,Yes,75.49,3505.72,No
CUST00536,Female,0,No,No,23,Month-to-month,No,No,Electronic check,Yes,31.0,652.79,No
CUST00537,Female,0,Yes,No,36,Month-to-month,Fiber optic,Yes,Bank transfer,Yes,97.24,3561.14,No
CUST00538,Male,0,Yes,No,55,Two year,Fiber optic,Yes,Mailed check,No,91.1,4928.69,No
CUST00539,Male,0,Yes,No,45,Two year,DSL,Yes,Electronic check,Yes,61.32,2783.67,No
CUST00540,Female,0,No,No,27,Two year,DSL,Yes,Bank transfer,Yes,53.45,1463.26,No
CUST00541,Male,0,Yes,No,51,Month-to-month,No,Yes,Mailed check,No,18.0,943.19,No
CUST00542,Female,0,Yes,Yes,14,One year,Fiber optic,Yes,Mailed check,Yes,87.57,1196.53,No
CUST00543,Male,0,No,Yes,44,Month-to-month,DSL,No,Bank transfer,Yes,70.89,3078.4,Yes
CUST00544,Female,0,Yes,No,57,Month-to-month,Fiber optic,Yes,Credit card,Yes,67.59,3952.78,No
CUST00545,Male,0,No,No,66,Two year,DSL,Yes,Mailed check,Yes,79.05,5225.78,Yes
CUST00546,Female,0,No,No,72,Month-to-month,Fiber optic,Yes,Mailed check,Yes,76.64,5487.11,No
CUST00547,Male,0,Yes,Yes,71,Two year,DSL,Yes,Bank transfer,No,42.9,3019.38,No
CUST00548,Female,1,No,No,72,Month-to-month,DSL,No,Electronic check,Yes,55.73,4057.68,No
CUST00549,Female,0,No,Yes,40,Two year,Fiber optic,Yes,Mailed check,No,85.55,3365.82,No
CUST00550,Male,0,Yes,Yes,64,One year,No,Yes,Credit card,Yes,24.67,1553.63,No
CUST00551,Male,1,Yes,No,39,Month-to-month,Fiber optic,Yes,Credit card,No,78.48,3017.6,No
CUST00552,Female,1,No,No,4,Month-to-month,Fiber optic,Yes,Bank transfer,No,59.49,366.21,Yes
CUST00553,Male,0,Yes,No,27,Two year,DSL,Yes,Mailed check,Yes,66.08,1758.55,No
CUST00554,Female,0,No,No,37,Two year,Fiber optic,Yes,Bank transfer,No,78.07,2800.64,No
CUST00555,Male,0,No,No,17,Month-to-month,No,Yes,Electronic check,No,22.53,284.72,No
CUST00556,Female,0,Yes,Yes,36,One year,Fiber optic,Yes,Electronic check,Yes,104.13,3710.55,Yes
CUST00557,Female,0,No,No,26,Month-to-month,DSL,Yes,Electronic check,Yes,87.7,2252.03,No
CUST00558,Female,0,Yes,No,24,One year,No,Yes,Electronic check,No,18.15,444.84,No
CUST00559,Female,0,No,No,68,Two year,Fiber optic,Yes,Electronic check,Yes,85.88,5782.81,Yes
CUST00560,Female,1,Yes,No,26,Month-to-month,DSL,No,Mailed check,Yes,46.8,1218.58,Yes
CUST00561,Female,0,No,No,53,One year,Fiber optic,Yes,Electronic check,No,76.83,4199.81,No
CUST00562,Male,0,No,No,6,Month-to-month,DSL,Yes,Bank transfer,Yes,73.06,427.65,Yes
CUST00563,Male,0,No,Yes,26,Month-to-month,DSL,Yes,Credit card,Yes,57.3,1586.15,Yes
CUST00564,Male,0,No,Yes,58,Two year,No,Yes,Mailed check,Yes,18.0,1057.34,No
CUST00565,Female,0,No,No,71,Month-to-month,Fiber optic,Yes,Bank transfer,Yes,55.47,3883.38,No
CUST00566,Female,0,Yes,No,30,Month-to-month,Fiber optic,Yes,Electronic check,No,82.35,2418.09,No
CUST00567,Female,0,No,No,67,Two year,No,Yes,Credit card,Yes,26.14,1781.31,No
CUST00568,Female,0,No,No,3,One year,Fiber optic,Yes,Electronic check,Yes,72.31,66.52,No
CUST00569,Male,0,No,No,17,Month-to-month,Fiber optic,Yes,Bank transfer,Yes,80.88,1392.44,No
CUST00570,Male,1,No,No,62,Month-to-month,No,Yes,Credit card,Yes,20.12,1155.08,No
CUST00571,Female,0,Yes,No,51,Month-to-month,Fiber optic,Yes,Credit card,Yes,83.43,4343.06,Yes
CUST00572,Male,0,Yes,Yes,62,Month-to-month,DSL,Yes,Credit card,No,68.31,4332.37,No
CUST00573,Male,0,Yes,No,44,One year,No,Yes,Mailed check,No,19.11,815.99,No
CUST00574,Female,0,No,No,11,Month-to-month,DSL,Yes,Electronic check,No,62.72,867.48,No
CUST00575,Male,0,Yes,Yes,7,One year,DSL,Yes,Electronic check,No,62.64,378.69,No
CUST00576,Female,0,No,No,21,Month-to-month,Fiber optic,Yes,Credit card,No,102.7,2077.55,Yes
CUST00577,Male,0,Yes,No,40,Month-to-month,No,Yes,Mailed check,Yes,18.0,696.96,No
CUST00578,Female,1,Yes,No,40,Month-to-month,No,Yes,Electronic check,Yes,18.0,509.83,No
CUST00579,Female,0,Yes,No,56,One year,Fiber optic,Yes,Bank transfer,No,114.12,6384.82,Yes
CUST00580,Female,0,Yes,Yes,31,Month-to-month,DSL,Yes,Mailed check,No,67.44,2047.43,No
CUST00581,Female,0,No,No,54,Two year,Fiber optic,Yes,Electronic check,Yes,80.21,4520.97,No
CUST00582,Male,0,Yes,No,5,Month-to-month,Fiber optic,Yes,Mailed check,Yes,92.58,368.74,Yes
CUST00583,Female,0,Yes,Yes,38,Month-to-month,DSL,Yes,Bank transfer,Yes,72.84,2961.77,No
CUST00584,Female,0,Yes,No,8,Month-to-month,Fiber optic,Yes,Electronic check,No,100.38,895.28,No
CUST00585,Female,0,No,Yes,31,Month-to-month,Fiber optic,Yes,Electronic check,No,110.65,3302.04,No
CUST00586,Male,0,No,No,35,Two year,Fiber optic,Yes,Credit card,Yes,86.47,3042.34,No
CUST00587,Female,0,Yes,No,15,Two year,Fiber optic,Yes,Bank transfer,No,86.28,1341.03,No
CUST00588,Male,0,No,No,11,Month-to-month,DSL,Yes,Electronic check,Yes,36.73,396.16,No
CUST00589,Female,0,Yes,No,40,One year,Fiber optic,Yes,Bank transfer,No,82.47,3193.5,Yes
CUST00590,Male,0,Yes,No,66,One year,DSL,Yes,Bank transfer,Yes,41.74,2670.26,No
CUST00591,Male,0,No,Yes,57,Two year,Fiber optic,Yes,Bank transfer,Yes,49.32,2763.35,No
CUST00592,Female,0,Yes,No,8,Month-to-month,Fiber optic,Yes,Electronic check,No,65.01,487.07,Yes
CUST00593,Male,0,No,Yes,16,Month-to-month,DSL,Yes,Electronic check,Yes,64.39,1010.9,No
CUST00594,Female,0,Yes,Yes,4,Month-to-month,DSL,Yes,Electronic check,No,45.21,56.64,No
CUST00595,Female,0,No,No,25,Month-to-month,DSL,Yes,Electronic check,Yes,67.49,1720.04,No
CUST00596,Female,1,Yes,No,0,Two year,Fiber optic,Yes,Electronic check,Yes,97.93,36.76,Yes
CUST00597,Male,0,No,No,0,Two year,DSL,Yes,Credit card,Yes,62.16,0.0,No
CUST00598,Male,1,No,Yes,34,Month-to-month,DSL,Yes,Electronic check,Yes,60.64,2102.17,Yes
CUST00599,Female,1,Yes,No,8,Two year,DSL,Yes,Bank transfer,No,79.04,384.86,No
CUST00600,Female,0,No,No,37,Two year,Fiber optic,Yes,Credit card,No,71.61,2557.34,No
CUST00601,Male,0,Yes,Yes,3,Two year,Fiber optic,Yes,Credit card,No,68.08,109.32,No
CUST00602,Female,1,No,No,51,Two year,Fiber optic,Yes,Mailed check,No,78.17,4044.7,No
CUST00603,Female,0,Yes,Yes,18,One year,Fiber optic,Yes,Bank transfer,No,84.01,1433.55,No
CUST00604,Female,0,Yes,No,4,Month-to-month,Fiber optic,Yes,Credit card,Yes,84.38,282.58,Yes
CUST00605,Male,0,No,No,47,Two year,No,Yes,Bank transfer,No,38.73,1879.19,No
CUST00606,Male,0,Yes,No,62,Month-to-month,DSL,Yes,Credit card,Yes,53.05,3262.81,No
CUST00607,Male,0,No,Yes,37,Month-to-month,Fiber optic,Yes,Bank transfer,Yes,96.43,3518.04,No
CUST00608,Female,0,Yes,Yes,51,Month-to-month,Fiber optic,Yes,Electronic check,Yes,88.02,4303.04,No
CUST00609,Female,0,Yes,Yes,45,One year,Fiber optic,Yes,Electronic check,Yes,95.53,4338.25,No
CUST00610,Female,0,No,Yes,8,Month-to-month,Fiber optic,Yes,Credit card,Yes,58.44,555.06,Yes
CUST00611,Male,1,No,Yes,49,One year,No,Yes,Credit card,Yes,18.92,928.43,No
CUST00612,Female,0,Yes,No,65,Month-to-month,No,Yes,Mailed check,No,29.11,1973.01,No
CUST00613,Female,0,Yes,Yes,37,Month-to-month,Fiber optic,Yes,Electronic check,No,85.12,3170.38,No
CUST00614,Female,0,Yes,No,26,Month-to-month,Fiber optic,Yes,Electronic check,No,94.84,2409.48,No
CUST00615,Female,0,Yes,No,19,Month-to-month,Fiber optic,Yes,Credit card,No,64.14,1314.31,No
CUST00616,Male,0,Yes,Yes,61,Month-to-month,Fiber optic,Yes,Electronic check,No,85.7,5312.08,No
CUST00617,Male,1,Yes,No,15,Month-to-month,No,Yes,Mailed check,No,18.0,249.78,Yes
CUST00618,Female,0,No,Yes,12,Month-to-month,Fiber optic,Yes,Credit card,Yes,73.38,921.53,No
CUST00619,Male,0,No,No,19,Two year,DSL,Yes,Electronic check,No,39.51,892.35,No
CUST00620,Male,0,Yes,No,23,One year,Fiber optic,Yes,Bank transfer,Yes,91.27,2065.03,No
CUST00621,Female,0,Yes,Yes,49,One year,Fiber optic,Yes,Mailed check,Yes,68.14,3406.13,No
CUST00622,Female,1,Yes,No,6,Month-to-month,No,Yes,Electronic check,Yes,23.08,191.83,No
CUST00623,Male,0,No,Yes,28,Month-to-month,No,No,Mailed check,Yes,18.0,523.17,No
CUST00624,Female,0,No,No,4,One year,No,Yes,Mailed check,No,26.19,98.8,Yes
CUST00625,Male,0,No,No,34,One year,Fiber optic,Yes,Electronic check,Yes,74.04,2339.96,Yes
CUST00626,Female,1,No,Yes,64,Month-to-month,DSL,Yes,Electronic check,Yes,40.41,2680.93,Yes
CUST00627,Male,0,No,No,69,Month-to-month,Fiber optic,Yes,Bank transfer,No,81.76,5559.22,No
CUST00628,Female,0,Yes,Yes,6,Two year,DSL,Yes,Bank transfer,No,55.63,363.77,No
CUST00629,Male,0,Yes,Yes,43,Month-to-month,No,Yes,Bank transfer,Yes,21.43,877.68,No
CUST00630,Male,1,No,Yes,71,Month-to-month,Fiber optic,Yes,Electronic check,Yes,64.75,4726.11,No
CUST00631,Male,0,Yes,No,12,Month-to-month,No,Yes,Credit card,Yes,30.67,302.39,No
CUST00632,Female,0,No,No,37,Two year,Fiber optic,Yes,Electronic check,Yes,74.22,2701.84,No
CUST00633,Male,0,No,No,12,One year,DSL,Yes,Bank transfer,No,62.44,920.58,No
CUST00634,Male,0,No,No,53,Month-to-month,Fiber optic,Yes,Electronic check,Yes,94.48,5068.54,Yes
CUST00635,Female,0,Yes,Yes,43,Month-to-month,DSL,Yes,Electronic check,Yes,67.28,2839.4,No
CUST00636,Female,0,No,No,12,Month-to-month,Fiber optic,No,Mailed check,No,83.67,980.46,Yes
CUST00637,Male,1,No,No,24,Month-to-month,Fiber optic,Yes,Electronic check,Yes,96.1,2342.85,Yes
CUST00638,Male,0,No,No,23,Month-to-month,Fiber optic,Yes,Electronic check,No,81.87,1812.11,Yes
CUST00639,Female,1,No,No,28,Month-to-month,DSL,Yes,Electronic check,Yes,64.3,1758.36,Yes
CUST00640,Female,0,No,No,69,Month-to-month,No,Yes,Credit card,Yes,18.22,1244.73,No
CUST00641,Female,0,Yes,Yes,17,Two year,Fiber optic,No,Bank transfer,Yes,44.57,781.53,No
CUST00642,Female,0,Yes,Yes,4,One year,No,Yes,Credit card,Yes,18.0,122.67,No
CUST00643,Female,0,Yes,No,17,Two year,DSL,Yes,Bank transfer,No,78.41,1206.18,No
CUST00644,Male,1,Yes,No,62,Month-to-month,DSL,Yes,Electronic check,Yes,63.84,3912.87,No
CUST00645,Female,0,No,No,36,Two year,No,No,Bank transfer,No,18.0,655.66,No
CUST00646,Male,0,No,No,70,Two year,DSL,Yes,Bank transfer,No,79.4,5658.94,No
CUST00647,Male,0,Yes,Yes,54,Month-to-month,Fiber optic,Yes,Bank transfer,No,84.78,4585.08,No
CUST00648,Male,0,Yes,No,72,Month-to-month,No,Yes,Electronic check,Yes,27.43,2047.19,No
CUST00649,Female,0,Yes,No,11,One year,Fiber optic,Yes,Electronic check,Yes,71.5,740.97,No
CUST00650,Male,0,No,No,51,Two year,DSL,Yes,Electronic check,Yes,53.76,2837.18,No
CUST00651,Male,1,Yes,No,56,Two year,DSL,Yes,Electronic check,No,65.07,3627.84,No
CUST00652,Female,0,Yes,No,45,One year,Fiber optic,Yes,Electronic check,No,55.26,2561.29,No
CUST00653,Male,0,Yes,No,43,Month-to-month,Fiber optic,Yes,Credit card,Yes,39.82,1706.86,No
CUST00654,Male,0,Yes,No,23,Month-to-month,DSL,Yes,Mailed check,Yes,77.47,1852.75,Yes
CUST00655,Female,1,No,No,8,Month-to-month,Fiber optic,No,Bank transfer,No,102.34,797.8,No
CUST00656,Male,0,Yes,Yes,11,Two year,Fiber optic,Yes,Electronic check,No,63.44,725.21,No
CUST00657,Male,0,Yes,No,8,Two year,No,Yes,Bank transfer,No,18.0,140.06,No
CUST00658,Male,0,Yes,Yes,21,Month-to-month,DSL,Yes,Electronic check,No,84.81,1792.59,Yes
CUST00659,Female,0,No,No,16,One year,Fiber optic,Yes,Electronic check,No,79.45,1329.39,Yes
CUST00660,Female,0,No,Yes,32,Month-to-month,No,Yes,Mailed check,No,22.31,773.53,No
CUST00661,Female,1,Yes,No,46,Month-to-month,Fiber optic,Yes,Electronic check,No,106.51,4795.41,No
CUST00662,Male,0,Yes,No,14,Two year,Fiber optic,Yes,Mailed check,Yes,81.3,1229.39,No
CUST00663,Male,0,No,Yes,32,One year,DSL,Yes,Credit card,No,80.14,2459.19,No
CUST00664,Female,0,Yes,Yes,14,Month-to-month,DSL,Yes,Electronic check,Yes,53.23,773.8,No
CUST00665,Male,0,No,No,26,Month-to-month,Fiber optic,Yes,Mailed check,Yes,82.91,2062.85,Yes
CUST00666,Male,0,Yes,No,60,Month-to-month,DSL,Yes,Electronic check,No,73.89,4522.12,No
CUST00667,Female,0,Yes,Yes,67,Month-to-month,No,Yes,Mailed check,No,22.32,1574.7,No
CUST00668,Female,0,No,Yes,47,Month-to-month,No,Yes,Bank transfer,No,28.5,1353.85,No
CUST00669,Male,0,No,No,7,Month-to-month,DSL,Yes,Credit card,No,72.83,452.12,Yes
CUST00670,Male,0,No,No,5,One year,Fiber optic,Yes,Bank transfer,Yes,82.38,595.87,No
CUST00671,Male,0,Yes,Yes,62,One year,No,Yes,Credit card,Yes,29.16,1783.0,No
CUST00672,Female,1,Yes,No,1,One year,Fiber optic,Yes,Electronic check,No,67.14,18.47,Yes
CUST00673,Female,0,Yes,No,21,Two year,Fiber optic,Yes,Electronic check,Yes,97.24,1753.82,No
CUST00674,Female,0,No,Yes,20,Two year,Fiber optic,Yes,Credit card,Yes,93.18,1742.88,Yes
CUST00675,Female,0,No,No,5,Two year,DSL,Yes,Bank transfer,Yes,71.89,462.83,No
CUST00676,Male,0,Yes,Yes,69,Month-to-month,No,Yes,Credit card,Yes,22.15,1512.45,No
CUST00677,Female,0,No,Yes,12,Month-to-month,No,Yes,Electronic check,No,18.0,177.24,No
CUST00678,Female,0,No,Yes,0,Month-to-month,DSL,Yes,Mailed check,No,76.62,53.21,No
CUST00679,Female,0,Yes,No,21,One year,DSL,Yes,Electronic check,No,67.58,1366.73,No
CUST00680,Female,0,No,No,23,Two year,No,Yes,Credit card,Yes,27.81,538.67,No
CUST00681,Female,0,Yes,No,63,One year,Fiber optic,Yes,Credit card,No,89.32,5664.05,No
CUST00682,Male,0,Yes,Yes,40,Month-to-month,DSL,Yes,Credit card,No,62.31,2532.06,No
CUST00683,Male,0,No,Yes,21,One year,DSL,Yes,Mailed check,Yes,76.21,1648.86,No
CUST00684,Female,0,Yes,No,60,Month-to-month,DSL,No,Mailed check,Yes,74.08,4305.1,No
CUST00685,Male,0,Yes,Yes,11,Two year,No,Yes,Mailed check,No,18.0,260.63,No
CUST00686,Female,0,No,No,3,Two year,Fiber optic,Yes,Bank transfer,Yes,67.41,246.61,No
CUST00687,Female,0,No,No,11,Two year,Fiber optic,Yes,Mailed check,No,78.3,889.15,No
CUST00688,Male,0,No,No,32,Month-to-month,No,Yes,Mailed check,Yes,42.55,1395.86,No
CUST00689,Male,0,No,Yes,20,Month-to-month,Fiber optic,No,Mailed check,Yes,64.45,1323.56,No
CUST00690,Female,1,Yes,No,72,Month-to-month,Fiber optic,Yes,Bank transfer,Yes,88.6,6312.28,No
CUST00691,Female,0,No,Yes,71,Month-to-month,No,Yes,Bank transfer,Yes,20.83,1389.52,No
CUST00692,Female,0,No,No,71,Month-to-month,DSL,Yes,Credit card,No,53.87,3884.75,No
CUST00693,Male,0,Yes,No,51,Two year,No,Yes,Electronic check,Yes,33.93,1714.96,No
CUST00694,Female,0,No,No,46,Month-to-month,DSL,Yes,Electronic check,No,61.77,2980.54,No
CUST00695,Female,1,Yes,No,58,Month-to-month,Fiber optic,Yes,Mailed check,Yes,76.29,4387.88,No
CUST00696,Female,0,Yes,No,46,Month-to-month,DSL,Yes,Mailed check,Yes,79.33,3651.4,No
CUST00697,Male,0,No,Yes,55,Month-to-month,No,No,Bank transfer,No,21.26,1069.17,No
CUST00698,Female,0,No,Yes,12,Two year,Fiber optic,Yes,Bank transfer,No,91.82,1012.07,No
CUST00699,Female,0,Yes,No,43,Month-to-month,DSL,Yes,Credit card,No,61.49,2591.88,No
CUST00700,Male,0,Yes,No,34,Two year,DSL,Yes,Mailed check,Yes,66.79,2179.54,Yes
CUST00701,Female,0,No,No,28,Month-to-month,Fiber optic,Yes,Mailed check,Yes,74.52,2163.5,Yes
CUST00702,Female,1,Yes,No,55,Two year,Fiber optic,Yes,Mailed check,Yes,112.9,6285.41,No
CUST00703,Male,0,Yes,Yes,4,Month-to-month,Fiber optic,Yes,Credit card,No,93.5,199.07,No
CUST00704,Female,0,No,No,66,One year,No,No,Bank transfer,Yes,21.3,1326.24,No
CUST00705,Male,1,No,No,52,Month-to-month,No,Yes,Bank transfer,No,21.14,1053.79,No
CUST00706,Male,0,No,Yes,59,One year,Fiber optic,Yes,Bank transfer,No,83.41,4959.25,No
CUST00707,Female,1,No,No,5,One year,Fiber optic,No,Mailed check,No,84.01,388.64,No
CUST00708,Female,1,No,No,47,Month-to-month,DSL,Yes,Bank transfer,Yes,50.27,2129.56,No
CUST00709,Female,0,No,No,34,Month-to-month,No,Yes,Electronic check,No,27.72,817.05,No
CUST00710,Female,0,Yes,No,17,Two year,DSL,Yes,Mailed check,Yes,49.1,953.81,Yes
CUST00711,Male,0,No,No,10,Month-to-month,Fiber optic,Yes,Credit card,Yes,73.02,670.08,No
CUST00712,Female,1,Yes,No,50,Two year,Fiber optic,Yes,Electronic check,Yes,94.5,4767.82,No
CUST00713,Male,0,Yes,No,22,One year,No,Yes,Credit card,Yes,27.31,664.82,No
CUST00714,Female,0,Yes,No,46,Month-to-month,Fiber optic,Yes,Bank transfer,Yes,79.53,3544.13,No
CUST00715,Female,1,No,Yes,58,Month-to-month,No,Yes,Bank transfer,Yes,25.46,1470.82,No
CUST00716,Female,1,Yes,Yes,56,Two year,DSL,Yes,Electronic check,Yes,83.64,4822.42,No
CUST00717,Male,0,Yes,Yes,55,One year,Fiber optic,Yes,Credit card,Yes,78.21,4327.16,No
CUST00718,Female,0,No,No,26,Month-to-month,DSL,Yes,Electronic check,No,53.86,1409.18,Yes
CUST00719,Female,1,No,No,72,One year,No,No,Bank transfer,No,18.0,1294.44,No
CUST00720,Female,0,No,Yes,34,Month-to-month,Fiber optic,Yes,Bank transfer,Yes,78.26,2758.31,Yes
CUST00721,Female,1,Yes,Yes,54,Two year,Fiber optic,Yes,Mailed check,Yes,82.65,4635.92,No
CUST00722,Male,0,Yes,No,8,Month-to-month,DSL,No,Electronic check,No,73.72,423.45,Yes
CUST00723,Female,0,No,No,17,Month-to-month,Fiber optic,Yes,Credit card,Yes,89.84,1710.58,Yes
CUST00724,Male,0,Yes,No,43,Month-to-month,DSL,Yes,Credit card,No,58.54,2563.16,No
CUST00725,Male,0,No,No,20,Month-to-month,DSL,Yes,Mailed check,No,62.64,1312.9,No
CUST00726,Male,0,Yes,No,55,Month-to-month,DSL,No,Bank transfer,Yes,74.84,4089.06,No
CUST00727,Male,0,No,No,47,One year,DSL,Yes,Bank transfer,Yes,72.37,3555.19,No
CUST00728,Male,0,Yes,No,0,Two year,DSL,Yes,Bank transfer,Yes,76.77,0.0,Yes
CUST00729,Male,0,Yes,Yes,26,One year,DSL,Yes,Electronic check,Yes,56.68,1480.49,No
CUST00730,Female,0,No,No,44,Month-to-month,DSL,Yes,Mailed check,No,85.6,3698.58,No
CUST00731,Male,0,Yes,Yes,62,One year,Fiber optic,Yes,Bank transfer,No,99.42,6067.32,No
CUST00732,Male,0,Yes,Yes,57,Two year,Fiber optic,Yes,Mailed check,No,100.32,5638.85,No
CUST00733,Male,0,No,No,39,Month-to-month,No,No,Bank transfer,Yes,26.64,1124.86,No
CUST00734,Female,0,Yes,No,62,Month-to-month,Fiber optic,Yes,Credit card,No,103.58,6520.05,No
CUST00735,Female,0,Yes,No,37,Month-to-month,DSL,Yes,Mailed check,No,61.13,2340.3,No
CUST00736,Male,0,Yes,No,28,Month-to-month,Fiber optic,Yes,Credit card,No,65.98,1840.25,No
CUST00737,Female,0,Yes,No,39,Month-to-month,DSL,Yes,Electronic check,Yes,71.54,2862.34,No
CUST00738,Male,1,Yes,Yes,18,Two year,Fiber optic,Yes,Credit card,Yes,80.69,1390.86,No
CUST00739,Male,1,No,Yes,55,Two year,Fiber optic,Yes,Electronic check,Yes,46.72,2568.12,No
CUST00740,Female,0,No,No,43,Month-to-month,Fiber optic,Yes,Electronic check,Yes,95.65,4069.22,No
CUST00741,Male,1,Yes,No,64,Two year,Fiber optic,Yes,Mailed check,Yes,51.29,3225.23,No
CUST00742,Female,0,Yes,No,12,Month-to-month,No,Yes,Bank transfer,Yes,37.21,461.84,No
CUST00743,Female,0,No,No,29,Month-to-month,DSL,Yes,Credit card,Yes,51.27,1533.81,No
CUST00744,Male,0,No,Yes,48,One year,No,Yes,Electronic check,No,30.88,1458.89,No
CUST00745,Male,0,Yes,Yes,62,Month-to-month,Fiber optic,No,Electronic check,No,87.75,5490.52,Yes
CUST00746,Female,0,No,No,70,Month-to-month,No,Yes,Mailed check,Yes,18.0,1258.72,No
CUST00747,Male,0,No,No,34,One year,Fiber optic,Yes,Mailed check,Yes,92.32,2972.82,No
CUST00748,Male,0,Yes,No,10,Two year,Fiber optic,Yes,Bank transfer,Yes,83.94,765.73,No
CUST00749,Male,0,Yes,No,48,One year,Fiber optic,Yes,Credit card,No,121.51,5865.8,No
CUST00750,Female,0,Yes,No,39,Month-to-month,No,Yes,Bank transfer,Yes,26.6,1074.32,No
CUST00751,Female,0,No,Yes,20,Month-to-month,Fiber optic,Yes,Bank transfer,Yes,86.13,1682.74,Yes
CUST00752,Male,0,No,No,46,Month-to-month,Fiber optic,No,Electronic check,No,88.67,4004.9,No
CUST00753,Female,0,No,No,2,Month-to-month,Fiber optic,Yes,Electronic check,Yes,53.28,216.01,No
CUST00754,Female,0,Yes,No,29,Two year,Fiber optic,Yes,Mailed check,Yes,70.81,2111.01,No
CUST00755,Female,0,No,No,66,One year,No,Yes,Credit card,Yes,45.29,2831.69,Yes
CUST00756,Female,1,No,No,61,One year,DSL,Yes,Bank transfer,Yes,88.44,5403.36,No
CUST00757,Female,0,No,No,36,Two year,DSL,Yes,Mailed check,Yes,38.22,1380.99,No
CUST00758,Male,0,Yes,Yes,21,Month-to-month,Fiber optic,Yes,Mailed check,Yes,109.44,2241.23,Yes
CUST00759,Male,0,No,Yes,30,One year,Fiber optic,No,Credit card,No,96.65,2884.3,No
CUST00760,Male,0,Yes,No,45,Month-to-month,DSL,Yes,Bank transfer,No,59.6,2576.89,No
CUST00761,Female,0,No,No,44,Month-to-month,Fiber optic,No,Credit card,Yes,79.34,3557.15,No
CUST00762,Female,0,No,Yes,13,Month-to-month,Fiber optic,Yes,Bank transfer,Yes,46.51,721.61,Yes
CUST00763,Male,0,Yes,Yes,11,Two year,DSL,Yes,Electronic check,Yes,72.63,728.7,No
CUST00764,Female,0,No,No,62,Month-to-month,Fiber optic,Yes,Electronic check,No,86.55,5347.33,Yes
CUST00765,Male,0,Yes,No,37,Month-to-month,No,Yes,Electronic check,Yes,19.69,639.82,Yes
CUST00766,Male,0,No,Yes,46,One year,Fiber optic,Yes,Electronic check,Yes,53.5,2427.74,No
CUST00767,Male,0,Yes,No,53,Month-to-month,Fiber optic,Yes,Mailed check,Yes,89.27,4784.15,No
CUST00768,Female,0,No,No,54,Month-to-month,DSL,Yes,Electronic check,No,44.34,2381.33,No
CUST00769,Female,0,No,No,47,One year,No,Yes,Mailed check,Yes,18.41,924.88,Yes
CUST00770,Male,0,Yes,Yes,72,Month-to-month,No,Yes,Mailed check,No,18.0,1478.36,No
CUST00771,Male,0,No,No,71,Two year,Fiber optic,Yes,Electronic check,Yes,88.53,6237.77,No
CUST00772,Male,0,Yes,No,14,One year,DSL,Yes,Bank transfer,No,70.8,1004.34,No
CUST00773,Male,0,Yes,Yes,70,Month-to-month,Fiber optic,Yes,Mailed check,No,89.54,6235.9,No
CUST00774,Female,0,No,No,15,Month-to-month,Fiber optic,Yes,Credit card,No,68.5,1084.68,No
CUST00775,Female,1,No,Yes,42,One year,No,Yes,Electronic check,No,25.1,1059.76,No
CUST00776,Male,0,No,No,6,Month-to-month,DSL,No,Mailed check,No,58.72,371.25,No
CUST00777,Male,1,No,No,42,Month-to-month,DSL,Yes,Bank transfer,No,61.5,2584.7,No
CUST00778,Female,0,No,Yes,27,Two year,DSL,Yes,Mailed check,Yes,71.54,1924.89,No
CUST00779,Female,0,No,Yes,65,Two year,Fiber optic,Yes,Credit card,No,65.15,4266.66,No
CUST00780,Male,0,No,No,59,One year,DSL,Yes,Electronic check,No,74.7,4421.12,No
CUST00781,Male,0,No,Yes,2,Two year,No,Yes,Electronic check,Yes,18.0,128.01,No
CUST00782,Male,0,Yes,No,0,Month-to-month,DSL,Yes,Electronic check,Yes,47.09,0.0,No
CUST00783,Female,0,Yes,No,30,Month-to-month,Fiber optic,Yes,Electronic check,Yes,97.56,3065.63,Yes
CUST00784,Female,0,No,No,55,Two year,Fiber optic,Yes,Bank transfer,Yes,57.35,3171.02,No
CUST00785,Female,0,No,No,45,Month-to-month,Fiber optic,Yes,Mailed check,No,87.32,4112.54,No
CUST00786,Male,0,No,No,31,Month-to-month,No,Yes,Electronic check,No,32.78,1122.54,No
CUST00787,Male,1,Yes,Yes,17,One year,Fiber optic,Yes,Mailed check,No,78.76,1332.23,No
CUST00788,Female,0,No,Yes,67,Month-to-month,DSL,Yes,Credit card,No,61.02,4064.66,No
CUST00789,Female,0,Yes,Yes,34,Month-to-month,DSL,Yes,Mailed check,Yes,57.36,1849.58,No
CUST00790,Male,0,No,No,22,One year,No,Yes,Electronic check,No,20.14,564.19,No
CUST00791,Female,0,Yes,No,12,Two year,No,Yes,Electronic check,No,18.0,389.03,Yes
CUST00792,Female,0,Yes,No,13,Month-to-month,DSL,Yes,Mailed check,Yes,85.59,1059.75,No
CUST00793,Male,1,No,No,36,One year,Fiber optic,Yes,Bank transfer,Yes,63.06,2271.11,No
CUST00794,Female,0,No,No,4,Month-to-month,Fiber optic,Yes,Credit card,Yes,93.99,399.9,Yes
CUST00795,Male,0,Yes,Yes,21,Month-to-month,Fiber optic,Yes,Credit card,Yes,92.39,1947.98,Yes
CUST00796,Male,0,Yes,Yes,27,Month-to-month,No,Yes,Credit card,Yes,18.0,410.79,No
CUST00797,Male,0,Yes,No,3,Month-to-month,DSL,Yes,Mailed check,Yes,47.45,235.1,Yes
CUST00798,Male,0,Yes,No,49,One year,Fiber optic,Yes,Electronic check,No,82.75,4059.05,No
CUST00799,Male,0,Yes,No,28,Month-to-month,Fiber optic,No,Electronic check,Yes,85.0,2552.16,No
CUST00800,Male,1,No,No,36,Two year,Fiber optic,Yes,Mailed check,No,51.81,1846.78,No
CUST00801,Male,0,No,No,34,Month-to-month,Fiber optic,Yes,Credit card,No,58.21,1983.33,No
CUST00802,Female,1,Yes,Yes,19,Two year,Fiber optic,Yes,Electronic check,No,112.28,2094.7,No
CUST00803,Male,0,No,No,34,Month-to-month,DSL,Yes,Mailed check,Yes,77.04,2495.09,Yes
CUST00804,Male,0,Yes,No,1,Month-to-month,Fiber optic,Yes,Bank transfer,No,74.66,69.38,Yes
CUST00805,Female,0,Yes,Yes,57,Month-to-month,Fiber optic,Yes,Electronic check,Yes,96.48,5438.34,No
CUST00806,Female,0,Yes,No,17,One year,DSL,Yes,Electronic check,No,66.07,1206.26,No
CUST00807,Female,1,No,No,55,Two year,DSL,Yes,Mailed check,Yes,69.36,3804.21,No
CUST00808,Male,0,Yes,No,63,One year,Fiber optic,Yes,Electronic check,Yes,90.9,5670.44,No
CUST00809,Female,0,Yes,Yes,51,One year,DSL,Yes,Mailed check,Yes,57.15,2785.62,No
CUST00810,Male,0,Yes,Yes,21,Month-to-month,Fiber optic,Yes,Electronic check,No,65.95,1441.89,No
CUST00811,Male,0,Yes,Yes,59,Month-to-month,No,Yes,Electronic check,Yes,23.85,1357.01,No
CUST00812,Male,0,Yes,Yes,9,Month-to-month,DSL,Yes,Electronic check,Yes,46.35,451.75,No
CUST00813,Male,0,No,No,5,Month-to-month,Fiber optic,Yes,Mailed check,No,104.71,561.0,No
CUST00814,Female,0,No,No,5,Two year,Fiber optic,Yes,Bank transfer,Yes,103.95,580.47,No
CUST00815,Female,0,No,No,27,Two year,Fiber optic,Yes,Mailed check,Yes,91.38,2379.95,No
CUST00816,Male,0,Yes,No,41,Month-to-month,DSL,No,Mailed check,No,85.76,3575.95,No
CUST00817,Male,0,Yes,Yes,40,Two year,No,Yes,Mailed check,Yes,37.7,1476.25,No
CUST00818,Male,0,Yes,No,62,Month-to-month,Fiber optic,Yes,Bank transfer,No,83.68,5213.55,No
CUST00819,Female,1,Yes,No,21,Month-to-month,DSL,No,Electronic check,Yes,81.89,1706.4,Yes
CUST00820,Male,0,No,No,28,Month-to-month,Fiber optic,No,Electronic check,Yes,97.84,2838.06,Yes
CUST00821,Male,0,Yes,Yes,70,Month-to-month,Fiber optic,Yes,Credit card,No,66.26,4667.36,No
CUST00822,Female,0,Yes,No,33,Month-to-month,No,Yes,Mailed check,No,29.41,987.36,Yes
CUST00823,Female,0,No,No,1,Month-to-month,No,Yes,Credit card,Yes,23.64,247.14,No
CUST00824,Male,0,Yes,No,25,Month-to-month,DSL,No,Credit card,Yes,79.74,2131.3,No
CUST00825,Female,0,No,Yes,18,Month-to-month,Fiber optic,Yes,Bank transfer,Yes,96.1,1690.84,No
CUST00826,Female,0,Yes,No,19,Month-to-month,No,Yes,Electronic check,Yes,34.37,610.03,No
CUST00827,Male,0,No,No,32,Month-to-month,Fiber optic,Yes,Bank transfer,Yes,83.46,2655.11,Yes
CUST00828,Female,1,Yes,Yes,3,Two year,Fiber optic,Yes,Mailed check,No,102.1,314.14,No
CUST00829,Male,0,No,No,31,Two year,Fiber optic,Yes,Credit card,Yes,57.73,1688.98,Yes
CUST00830,Female,0,Yes,Yes,18,Two year,Fiber optic,Yes,Credit card,No,72.49,1381.14,Yes
CUST00831,Male,0,No,No,2,One year,Fiber optic,Yes,Credit card,Yes,67.16,90.26,No
CUST00832,Male,0,Yes,No,60,One year,No,Yes,Bank transfer,No,22.86,1485.48,No
CUST00833,Male,1,No,Yes,37,Month-to-month,DSL,Yes,Electronic check,Yes,74.05,2799.99,Yes
CUST00834,Female,0,Yes,No,5,One year,Fiber optic,No,Credit card,No,77.35,313.91,Yes
CUST00835,Male,0,Yes,Yes,55,Month-to-month,No,Yes,Electronic check,No,35.88,1962.79,No
CUST00836,Female,0,No,No,39,Month-to-month,DSL,Yes,Electronic check,No,60.66,2236.32,No
CUST00837,Male,0,No,No,68,Month-to-month,Fiber optic,Yes,Credit card,No,77.94,5333.43,Yes
CUST00838,Male,0,Yes,No,41,Month-to-month,Fiber optic,Yes,Electronic check,No,109.06,4391.46,No
CUST00839,Female,0,No,No,1,Month-to-month,Fiber optic,Yes,Credit card,Yes,93.06,97.66,Yes
CUST00840,Male,0,Yes,No,27,Two year,DSL,Yes,Electronic check,Yes,52.85,1387.78,No
CUST00841,Male,0,No,No,16,Month-to-month,DSL,Yes,Bank transfer,No,81.43,1411.59,No
CUST00842,Female,0,No,No,69,Two year,Fiber optic,Yes,Mailed check,Yes,65.16,4488.3,No
CUST00843,Male,0,No,Yes,68,Month-to-month,Fiber optic,Yes,Bank transfer,Yes,98.27,6850.49,No
CUST00844,Male,0,No,Yes,38,One year,Fiber optic,Yes,Credit card,No,101.22,3663.81,No
CUST00845,Male,0,No,No,6,One year,DSL,Yes,Credit card,Yes,60.87,313.86,Yes
CUST00846,Male,0,Yes,No,31,One year,Fiber optic,No,Electronic check,Yes,88.87,2947.28,No
CUST00847,Female,0,No,No,3,Month-to-month,No,Yes,Bank transfer,Yes,24.93,45.44,Yes
CUST00848,Female,0,Yes,Yes,20,One year,Fiber optic,Yes,Credit card,No,97.89,2016.58,No
CUST00849,Male,0,No,No,31,Month-to-month,Fiber optic,Yes,Mailed check,Yes,61.46,1829.65,No
CUST00850,Female,0,No,No,13,Month-to-month,DSL,Yes,Electronic check,Yes,71.94,1126.23,Yes
CUST00851,Male,0,Yes,No,69,One year,Fiber optic,Yes,Bank transfer,No,87.32,6001.56,No
CUST00852,Female,0,No,No,45,Month-to-month,Fiber optic,Yes,Mailed check,No,84.93,3721.84,No
CUST00853,Male,1,No,No,19,Month-to-month,Fiber optic,Yes,Electronic check,Yes,79.18,1496.27,No
CUST00854,Male,1,No,No,57,Month-to-month,Fiber optic,Yes,Electronic check,Yes,104.13,5840.89,Yes
CUST00855,Male,1,Yes,No,47,Two year,Fiber optic,Yes,Electronic check,No,88.7,4066.77,No
CUST00856,Male,0,Yes,No,6,One year,DSL,No,Bank transfer,No,67.035,248.18,No
CUST00857,Male,0,No,Yes,39,Month-to-month,DSL,Yes,Credit card,No,70.75,2688.99,Yes
CUST00858,Male,0,Yes,No,58,Month-to-month,Fiber optic,Yes,Credit card,No,97.62,5707.01,No
CUST00859,Female,0,Yes,No,35,Month-to-month,Fiber optic,Yes,Mailed check,Yes,75.0,2748.91,No
CUST00860,Male,0,No,No,43,Month-to-month,Fiber optic,No,Mailed check,Yes,62.82,2772.35,No
CUST00861,Female,0,Yes,Yes,30,Two year,Fiber optic,Yes,Bank transfer,Yes,72.52,2221.76,No
CUST00862,Male,0,No,Yes,41,One year,DSL,No,Bank transfer,No,68.29,2796.29,No
CUST00863,Female,1,No,No,43,Two year,No,Yes,Credit card,Yes,19.08,823.67,No
CUST00864,Female,0,No,No,42,Two year,Fiber optic,Yes,Credit card,Yes,80.24,3284.94,Yes
CUST00865,Female,0,Yes,No,42,One year,Fiber optic,No,Electronic check,Yes,59.73,2540.08,No
CUST00866,Male,0,Yes,No,46,One year,Fiber optic,Yes,Credit card,Yes,75.84,3452.43,No
CUST00867,Male,1,Yes,No,5,One year,No,Yes,Electronic check,Yes,18.0,101.34,No
CUST00868,Female,0,No,Yes,65,One year,No,Yes,Bank transfer,Yes,19.79,1307.21,No
CUST00869,Male,0,Yes,No,8,Two year,Fiber optic,Yes,Electronic check,No,82.45,693.87,No
CUST00870,Female,1,No,No,10,Two year,Fiber optic,Yes,Bank transfer,No,77.38,771.45,Yes
CUST00871,Male,0,No,No,17,Month-to-month,No,Yes,Electronic check,No,18.0,372.28,No
CUST00872,Female,0,No,No,24,Two year,Fiber optic,Yes,Mailed check,No,69.27,1592.62,No
CUST00873,Female,0,Yes,No,57,One year,No,Yes,Electronic check,No,26.84,1432.15,No
CUST00874,Male,0,Yes,No,29,Month-to-month,Fiber optic,Yes,Credit card,Yes,86.95,2404.76,Yes
CUST00875,Female,0,No,No,0,Two year,DSL,Yes,Electronic check,Yes,66.65,22.03,No
CUST00876,Male,0,Yes,No,62,Month-to-month,No,Yes,Electronic check,No,22.8,1434.14,No
CUST00877,Female,1,Yes,No,28,Two year,Fiber optic,No,Mailed check,Yes,76.79,2142.74,No
CUST00878,Female,1,Yes,Yes,65,Two year,Fiber optic,Yes,Bank transfer,No,69.28,4533.53,No
CUST00879,Male,0,No,No,52,Month-to-month,No,Yes,Bank transfer,No,26.87,1509.5,Yes
CUST00880,Male,0,No,Yes,18,Two year,No,Yes,Electronic check,No,31.26,395.61,Yes
CUST00881,Male,0,No,Yes,65,Two year,DSL,Yes,Electronic check,Yes,63.38,4081.02,No
CUST00882,Female,0,No,Yes,51,One year,Fiber optic,Yes,Electronic check,Yes,82.65,4152.7,No
CUST00883,Male,0,Yes,No,30,Month-to-month,Fiber optic,Yes,Electronic check,Yes,70.68,2049.74,No
CUST00884,Female,0,No,No,59,Month-to-month,Fiber optic,Yes,Bank transfer,No,72.54,4335.26,No
CUST00885,Female,0,Yes,No,67,Month-to-month,DSL,No,Credit card,No,55.61,3724.27,No
CUST00886,Male,0,No,Yes,29,Month-to-month,DSL,Yes,Bank transfer,Yes,63.33,1806.12,No
CUST00887,Male,1,Yes,Yes,12,Month-to-month,DSL,No,Electronic check,Yes,77.77,998.5,No
CUST00888,Female,0,Yes,No,14,Two year,DSL,Yes,Electronic check,Yes,72.39,1165.12,No
CUST00889,Female,0,No,Yes,19,Two year,DSL,Yes,Electronic check,Yes,68.59,1337.75,No
CUST00890,Male,0,Yes,No,33,Month-to-month,Fiber optic,Yes,Electronic check,No,89.6,2900.59,No
CUST00891,Male,0,No,No,19,Month-to-month,Fiber optic,Yes,Bank transfer,Yes,50.7,935.12,No
CUST00892,Male,0,Yes,No,49,Two year,DSL,Yes,Bank transfer,Yes,37.95,1936.66,No
CUST00893,Male,0,Yes,No,26,Month-to-month,Fiber optic,Yes,Electronic check,Yes,69.22,1762.32,Yes
CUST00894,Male,0,Yes,Yes,29,Two year,Fiber optic,No,Mailed check,Yes,85.04,2480.41,No
CUST00895,Female,0,No,No,55,Two year,Fiber optic,Yes,Bank transfer,Yes,93.89,5161.5,No
CUST00896,Female,0,Yes,No,64,One year,DSL,Yes,Electronic check,No,67.97,4473.56,No
CUST00897,Female,0,No,No,54,Month-to-month,DSL,Yes,Credit card,Yes,78.55,4183.09,No
CUST00898,Female,0,Yes,Yes,23,Month-to-month,Fiber optic,Yes,Mailed check,Yes,78.62,1694.57,Yes
CUST00899,Male,1,Yes,No,24,Month-to-month,Fiber optic,Yes,Mailed check,Yes,75.72,1773.7,Yes
CUST00900,Male,0,Yes,No,52,Month-to-month,DSL,Yes,Electronic check,Yes,70.45,3629.76,No
CUST00901,Male,1,No,Yes,10,One year,DSL,Yes,Mailed check,No,70.84,675.23,No
CUST00902,Female,0,No,No,59,Month-to-month,No,Yes,Electronic check,Yes,29.99,1720.65,Yes
CUST00903,Female,1,Yes,Yes,46,Month-to-month,Fiber optic,Yes,Credit card,Yes,44.67,2071.51,No
CUST00904,Male,0,No,No,24,Two year,No,Yes,Mailed check,Yes,19.62,382.37,No
CUST00905,Male,0,No,No,24,Month-to-month,No,Yes,Credit card,No,22.0,672.88,No
CUST00906,Female,0,Yes,No,16,Month-to-month,Fiber optic,Yes,Bank transfer,Yes,81.48,1282.96,No
CUST00907,Female,0,No,No,11,Two year,Fiber optic,Yes,Electronic check,Yes,68.97,732.72,No
CUST00908,Male,0,Yes,No,51,Month-to-month,DSL,Yes,Credit card,Yes,69.68,3570.81,No
CUST00909,Male,0,No,No,10,Month-to-month,DSL,Yes,Electronic check,No,76.19,746.82,Yes
CUST00910,Female,0,No,No,9,Month-to-month,No,Yes,Mailed check,No,18.0,135.93,Yes
CUST00911,Male,0,Yes,Yes,59,One year,Fiber optic,Yes,Credit card,Yes,87.54,5261.2,No
CUST00912,Male,0,Yes,No,53,Month-to-month,DSL,No,Credit card,Yes,64.4,3441.54,No
CUST00913,Male,0,No,No,62,Month-to-month,No,No,Mailed check,Yes,18.12,1128.31,No
CUST00914,Female,0,No,No,19,Month-to-month,DSL,Yes,Electronic check,No,74.57,1348.8,Yes
CUST00915,Female,0,No,No,4,Month-to-month,Fiber optic,Yes,Mailed check,Yes,77.51,301.51,No
CUST00916,Female,0,Yes,No,40,Month-to-month,DSL,Yes,Mailed check,No,48.79,1830.01,No
CUST00917,Female,1,Yes,No,62,One year,Fiber optic,Yes,Credit card,No,85.91,5373.57,Yes
CUST00918,Female,0,Yes,No,55,One year,Fiber optic,Yes,Credit card,Yes,102.33,5716.75,No
CUST00919,Female,0,Yes,No,31,One year,Fiber optic,Yes,Credit card,Yes,74.48,2370.65,No
CUST00920,Female,1,No,No,26,Month-to-month,No,Yes,Credit card,Yes,19.74,474.74,Yes
CUST00921,Male,0,No,No,67,Month-to-month,Fiber optic,Yes,Mailed check,No,108.04,7099.0,No
CUST00922,Male,0,No,Yes,47,Two year,DSL,Yes,Bank transfer,Yes,67.08,3132.29,No
CUST00923,Male,0,Yes,Yes,6,One year,No,Yes,Mailed check,Yes,27.57,256.02,No
CUST00924,Male,0,No,No,45,Two year,Fiber optic,Yes,Electronic check,Yes,71.25,3234.89,Yes
CUST00925,Male,0,No,Yes,17,Month-to-month,Fiber optic,Yes,Mailed check,Yes,95.31,1621.08,Yes
CUST00926,Male,0,No,No,37,Month-to-month,DSL,Yes,Bank transfer,No,83.2,3124.21,No
CUST00927,Male,0,No,No,64,One year,DSL,Yes,Electronic check,No,47.15,2990.5,No
CUST00928,Female,0,No,Yes,16,Two year,Fiber optic,Yes,Bank transfer,Yes,40.44,642.03,No
CUST00929,Female,0,No,No,37,Two year,Fiber optic,No,Electronic check,No,95.67,3595.03,Yes
CUST00930,Male,0,Yes,No,62,Two year,DSL,Yes,Mailed check,No,52.75,3219.3,No
CUST00931,Male,0,Yes,No,41,Two year,DSL,Yes,Bank transfer,No,53.81,2168.72,No
CUST00932,Female,0,No,Yes,7,One year,DSL,No,Electronic check,No,52.57,460.23,No
CUST00933,Male,0,No,No,29,Month-to-month,DSL,Yes,Credit card,No,66.12,1862.4,No
CUST00934,Male,0,Yes,No,63,One year,DSL,Yes,Electronic check,No,71.72,4391.9,No
CUST00935,Female,1,Yes,Yes,8,Month-to-month,Fiber optic,Yes,Bank transfer,Yes,69.11,449.59,No
CUST00936,Male,1,No,No,56,Month-to-month,No,Yes,Electronic check,Yes,38.11,2158.71,Yes
CUST00937,Female,0,No,No,58,One year,Fiber optic,Yes,Bank transfer,Yes,73.42,4347.84,No
CUST00938,Male,0,Yes,Yes,66,One year,Fiber optic,Yes,Mailed check,Yes,67.21,4610.59,No
CUST00939,Female,0,No,No,4,One year,DSL,Yes,Electronic check,No,69.26,223.28,No
CUST00940,Female,0,No,No,3,Month-to-month,DSL,Yes,Bank transfer,No,65.85,51.68,No
CUST00941,Female,0,Yes,Yes,7,Month-to-month,Fiber optic,Yes,Bank transfer,No,68.45,637.29,No
CUST00942,Male,0,Yes,Yes,41,Two year,Fiber optic,Yes,Mailed check,No,84.78,3549.99,No
CUST00943,Female,0,No,Yes,34,One year,No,Yes,Bank transfer,Yes,26.92,895.98,No
CUST00944,Male,0,No,Yes,12,Month-to-month,DSL,Yes,Credit card,No,61.76,709.69,No
CUST00945,Male,1,No,No,4,One year,Fiber optic,Yes,Bank transfer,No,86.31,316.26,Yes
CUST00946,Male,0,No,Yes,39,Two year,Fiber optic,Yes,Credit card,No,72.8,2816.7,No
CUST00947,Male,0,Yes,No,18,Month-to-month,No,Yes,Mailed check,No,18.67,353.9,Yes
CUST00948,Female,0,No,No,3,Month-to-month,Fiber optic,Yes,Electronic check,No,94.01,313.84,No
CUST00949,Female,0,Yes,No,58,Month-to-month,No,Yes,Electronic check,No,25.43,1551.31,No
CUST00950,Male,0,Yes,Yes,17,Month-to-month,Fiber optic,Yes,Electronic check,No,104.52,1744.44,No
CUST00951,Male,0,Yes,No,23,Month-to-month,Fiber optic,Yes,Electronic check,Yes,78.67,1909.31,No
CUST00952,Female,0,Yes,Yes,30,Month-to-month,No,Yes,Mailed check,No,41.87,1217.0,No
CUST00953,Male,0,No,No,57,Month-to-month,Fiber optic,Yes,Electronic check,Yes,54.2,3121.45,No
CUST00954,Female,0,No,No,27,Month-to-month,No,Yes,Mailed check,Yes,24.86,517.61,No
CUST00955,Male,0,No,No,8,Month-to-month,DSL,Yes,Mailed check,Yes,55.36,390.94,No
CUST00956,Male,0,Yes,No,44,Two year,DSL,Yes,Mailed check,Yes,56.63,2515.68,No
CUST00957,Female,1,No,No,48,One year,Fiber optic,No,Mailed check,No,100.79,4748.4,No
CUST00958,Male,0,No,No,1,Month-to-month,Fiber optic,Yes,Mailed check,No,68.63,0.03,No
CUST00959,Female,0,No,No,5,Month-to-month,Fiber optic,Yes,Mailed check,No,73.64,429.95,No
CUST00960,Male,0,No,No,28,Month-to-month,DSL,Yes,Credit card,No,60.24,1575.13,No
CUST00961,Male,0,Yes,No,25,One year,Fiber optic,Yes,Mailed check,No,68.84,1739.6,No
CUST00962,Male,0,Yes,No,27,One year,DSL,Yes,Bank transfer,No,48.61,1414.25,No
CUST00963,Female,0,Yes,No,6,Two year,No,Yes,Mailed check,No,25.43,234.95,No
CUST00964,Male,0,No,No,33,One year,DSL,Yes,Electronic check,Yes,69.15,2450.56,No
CUST00965,Male,0,No,No,55,Two year,DSL,Yes,Credit card,No,61.04,3359.74,No
CUST00966,Male,0,Yes,No,9,Month-to-month,DSL,No,Bank transfer,No,67.035,650.33,No
CUST00967,Male,0,Yes,Yes,56,Two year,No,Yes,Bank transfer,Yes,18.0,1028.65,No
CUST00968,Female,0,Yes,Yes,46,One year,Fiber optic,Yes,Electronic check,No,92.56,4287.77,No
CUST00969,Female,0,No,No,26,Month-to-month,Fiber optic,Yes,Electronic check,Yes,89.45,2356.9,Yes
CUST00970,Male,0,Yes,No,38,Month-to-month,Fiber optic,Yes,Electronic check,Yes,68.45,2500.67,No
CUST00971,Female,0,Yes,No,21,Month-to-month,No,Yes,Mailed check,Yes,24.62,536.72,No
CUST00972,Male,0,Yes,No,18,Month-to-month,DSL,Yes,Credit card,No,62.87,1273.07,Yes
CUST00973,Male,0,No,No,8,Two year,DSL,Yes,Credit card,No,68.7,600.9,No
CUST00974,Male,0,No,No,18,Two year,Fiber optic,Yes,Bank transfer,Yes,62.95,1088.47,No
CUST00975,Female,0,No,Yes,1,Month-to-month,Fiber optic,Yes,Mailed check,Yes,48.69,113.96,No
CUST00976,Female,0,Yes,No,60,Month-to-month,DSL,Yes,Electronic check,No,40.02,2256.73,No
CUST00977,Female,0,Yes,Yes,58,Two year,Fiber optic,No,Mailed check,No,71.63,4196.66,No
CUST00978,Female,1,Yes,No,69,Month-to-month,Fiber optic,Yes,Bank transfer,Yes,84.14,5629.76,No
CUST00979,Female,0,Yes,Yes,70,Month-to-month,Fiber optic,Yes,Bank transfer,Yes,57.74,3947.46,No
CUST00980,Female,0,Yes,No,69,Month-to-month,No,Yes,Mailed check,No,23.85,1590.33,No
CUST00981,Female,0,Yes,No,32,Two year,Fiber optic,No,Mailed check,Yes,85.44,2657.54,Yes
CUST00982,Female,0,No,Yes,64,Two year,Fiber optic,Yes,Bank transfer,Yes,74.31,4817.08,No
CUST00983,Female,0,Yes,No,24,Month-to-month,DSL,Yes,Credit card,No,57.11,1322.87,No
CUST00984,Male,1,Yes,No,69,Month-to-month,No,Yes,Bank transfer,No,34.16,2246.34,No
CUST00985,Female,0,No,Yes,27,Month-to-month,DSL,Yes,Credit card,No,65.43,1726.98,No
CUST00986,Female,0,No,No,17,Month-to-month,No,Yes,Bank transfer,No,23.64,378.57,No
CUST00987,Female,0,No,No,62,One year,Fiber optic,Yes,Mailed check,Yes,50.33,3135.47,No
CUST00988,Female,0,No,No,48,Month-to-month,DSL,Yes,Bank transfer,Yes,57.21,2700.44,No
CUST00989,Female,0,Yes,Yes,65,Month-to-month,DSL,Yes,Mailed check,No,61.93,4101.51,No
CUST00990,Female,0,No,Yes,39,One year,No,Yes,Mailed check,No,29.18,1163.7,No
CUST00991,Female,0,No,No,65,Month-to-month,No,Yes,Credit card,No,31.3,2010.05,No
CUST00992,Female,0,Yes,Yes,3,Two year,No,Yes,Electronic check,No,19.27,133.16,No
CUST00993,Female,0,Yes,Yes,33,Month-to-month,Fiber optic,Yes,Electronic check,No,98.03,3421.58,No
CUST00994,Female,0,No,No,4,Month-to-month,DSL,Yes,Bank transfer,No,76.94,308.22,No
CUST00995,Female,0,Yes,No,21,Two year,Fiber optic,Yes,Electronic check,Yes,74.42,1410.17,No
CUST00996,Male,0,Yes,No,19,Month-to-month,DSL,Yes,Electronic check,Yes,71.35,1345.8,Yes
CUST00997,Male,0,Yes,No,46,Month-to-month,Fiber optic,Yes,Credit card,No,74.62,3553.21,No
CUST00998,Female,0,Yes,No,33,Month-to-month,Fiber optic,Yes,Electronic check,No,94.2,3077.01,Yes
CUST00999,Female,0,Yes,No,43,Month-to-month,Fiber optic,Yes,Electronic check,Yes,97.61,4206.2,No
CUST01000,Male,0,Yes,Yes,5,Two year,DSL,Yes,Electronic check,Yes,57.49,173.96,Yes
CUST01001,Female,0,Yes,No,55,Month-to-month,No,Yes,Mailed check,Yes,21.44,1218.39,No
CUST01002,Male,0,Yes,No,28,Month-to-month,No,Yes,Mailed check,Yes,21.95,543.62,Yes
CUST01003,Male,0,No,No,52,Two year,Fiber optic,Yes,Bank transfer,No,82.97,4404.02,No
CUST01004,Male,0,Yes,No,0,Month-to-month,No,No,Electronic check,Yes,24.5,0.0,No
CUST01005,Male,0,No,No,58,Two year,Fiber optic,No,Bank transfer,Yes,110.03,6248.88,No
CUST01006,Male,0,No,Yes,47,Month-to-month,DSL,Yes,Mailed check,Yes,62.61,2968.62,No
CUST01007,Female,0,No,Yes,6,Month-to-month,No,Yes,Electronic check,Yes,26.99,122.82,Yes
CUST01008,Male,0,No,No,31,Month-to-month,DSL,Yes,Bank transfer,No,72.07,2120.46,No
CUST01009,Female,0,Yes,No,60,Month-to-month,DSL,Yes,Mailed check,No,69.87,4258.59,No
CUST01010,Female,0,Yes,Yes,56,Month-to-month,DSL,No,Bank transfer,Yes,65.66,3656.2,No
CUST01011,Male,0,No,No,50,Month-to-month,Fiber optic,Yes,Credit card,No,88.68,4520.43,No
CUST01012,Male,0,Yes,No,18,One year,Fiber optic,Yes,Mailed check,Yes,58.75,1015.22,No
CUST01013,Female,0,No,No,26,Month-to-month,DSL,Yes,Credit card,No,56.23,1435.43,No
CUST01014,Male,0,No,No,62,Month-to-month,No,No,Electronic check,Yes,23.74,1512.1,No
CUST01015,Male,0,Yes,Yes,59,Month-to-month,No,Yes,Electronic check,Yes,25.63,1559.74,No
CUST01016,Female,0,No,No,60,Month-to-month,DSL,Yes,Bank transfer,Yes,70.32,4137.26,No
CUST01017,Female,0,No,No,60,Month-to-month,Fiber optic,Yes,Electronic check,Yes,83.37,4995.94,No
CUST01018,Male,0,Yes,Yes,44,Month-to-month,No,Yes,Mailed check,Yes,22.85,1223.65,No
CUST01019,Female,0,Yes,No,20,Two year,Fiber optic,No,Electronic check,Yes,83.89,1817.61,No
CUST01020,Male,0,No,No,43,Month-to-month,DSL,Yes,Bank transfer,Yes,60.16,2622.24,No
CUST01021,Male,0,No,Yes,0,Month-to-month,DSL,Yes,Credit card,No,57.03,180.34,Yes
CUST01022,Male,0,Yes,No,43,Month-to-month,No,Yes,Electronic check,Yes,35.18,1534.06,Yes
CUST01023,Female,0,Yes,Yes,61,Month-to-month,Fiber optic,Yes,Mailed check,Yes,70.68,4250.06,No
CUST01024,Female,0,No,No,60,Two year,Fiber optic,No,Bank transfer,Yes,90.92,5561.64,No
CUST01025,Female,0,No,No,49,Month-to-month,Fiber optic,Yes,Mailed check,No,80.33,3816.4,No
CUST01026,Female,0,No,No,40,Month-to-month,DSL,Yes,Electronic check,Yes,60.06,2331.53,No
CUST01027,Female,1,No,No,32,Month-to-month,DSL,Yes,Bank transfer,Yes,85.28,2739.25,No
CUST01028,Male,0,Yes,No,11,Two year,DSL,Yes,Electronic check,Yes,75.83,948.21,No
CUST01029,Male,0,Yes,No,1,Month-to-month,DSL,Yes,Mailed check,No,57.76,157.82,No
CUST01030,Male,0,No,No,20,One year,DSL,Yes,Credit card,Yes,87.09,1635.23,No
CUST01031,Male,0,No,No,13,Month-to-month,DSL,Yes,Mailed check,No,42.21,468.42,No
CUST01032,Female,0,Yes,No,33,Month-to-month,Fiber optic,Yes,Credit card,Yes,74.74,2372.84,No
CUST01033,Male,0,Yes,No,63,One year,DSL,Yes,Credit card,Yes,63.58,4004.82,No
CUST01034,Female,0,No,Yes,22,Month-to-month,Fiber optic,No,Electronic check,Yes,103.01,2282.87,Yes
CUST01035,Male,0,Yes,Yes,49,Month-to-month,DSL,Yes,Bank transfer,Yes,55.29,2682.55,No
CUST01036,Female,1,No,No,13,Month-to-month,Fiber optic,Yes,Credit card,Yes,85.55,1066.44,Yes
CUST01037,Female,0,Yes,No,45,Month-to-month,Fiber optic,Yes,Bank transfer,Yes,89.42,3966.28,Yes
CUST01038,Male,0,Yes,No,4,Month-to-month,DSL,Yes,Credit card,Yes,60.9,360.97,No
CUST01039,Male,0,Yes,Yes,65,Month-to-month,Fiber optic,Yes,Mailed check,Yes,80.76,5185.68,No
CUST01040,Male,0,No,No,21,Month-to-month,Fiber optic,Yes,Bank transfer,Yes,86.75,1704.85,Yes
CUST01041,Male,0,No,Yes,69,Month-to-month,Fiber optic,Yes,Electronic check,No,87.81,6242.21,No
CUST01042,Female,0,No,No,1,One year,DSL,Yes,Bank transfer,No,63.53,61.86,No
CUST01043,Male,0,No,No,28,Month-to-month,Fiber optic,No,Bank transfer,No,60.49,1721.52,No
CUST01044,Male,0,Yes,Yes,60,Month-to-month,DSL,Yes,Mailed check,No,58.36,3439.06,No
CUST01045,Female,0,Yes,No,70,One year,Fiber optic,Yes,Mailed check,No,83.59,5864.35,No
CUST01046,Male,0,No,No,15,Month-to-month,DSL,Yes,Electronic check,Yes,55.31,754.84,Yes
CUST01047,Male,1,No,Yes,63,Two year,Fiber optic,Yes,Mailed check,No,48.63,2981.28,No
CUST01048,Male,0,No,No,13,Two year,Fiber optic,Yes,Electronic check,Yes,80.5,988.35,No
CUST01049,Male,0,No,No,42,One year,No,Yes,Credit card,Yes,18.0,677.05,No
CUST01050,Male,0,Yes,Yes,42,Month-to-month,No,Yes,Mailed check,No,30.54,1375.58,No
CUST01051,Female,0,Yes,No,69,One year,Fiber optic,Yes,Electronic check,No,61.64,4248.9,No
CUST01052,Male,1,No,Yes,54,One year,No,Yes,Mailed check,Yes,20.87,1219.29,No
CUST01053,Male,0,Yes,No,30,Two year,Fiber optic,Yes,Credit card,Yes,82.07,2506.94,No
CUST01054,Male,0,Yes,No,39,Month-to-month,Fiber optic,Yes,Electronic check,Yes,68.91,2909.11,Yes
CUST01055,Male,0,No,No,26,One year,No,Yes,Electronic check,Yes,38.69,966.24,No
CUST01056,Male,1,Yes,Yes,51,One year,Fiber optic,No,Mailed check,No,79.08,3982.47,No
CUST01057,Female,0,No,Yes,6,Month-to-month,Fiber optic,Yes,Bank transfer,No,67.74,453.65,No
CUST01058,Male,0,Yes,No,45,One year,DSL,Yes,Bank transfer,Yes,66.92,3057.68,Yes
CUST01059,Female,0,No,No,32,Month-to-month,Fiber optic,Yes,Mailed check,Yes,78.42,2481.3,No
CUST01060,Female,0,No,No,7,One year,DSL,Yes,Credit card,No,46.26,371.39,No
CUST01061,Male,0,No,Yes,4,One year,DSL,Yes,Electronic check,Yes,63.34,157.77,Yes
CUST01062,Male,1,Yes,No,60,Month-to-month,No,Yes,Credit card,Yes,22.35,1374.92,Yes
CUST01063,Male,0,Yes,No,71,Two year,DSL,Yes,Electronic check,No,97.09,6834.0,No
CUST01064,Male,0,Yes,No,59,Two year,DSL,Yes,Electronic check,Yes,76.1,4462.75,No
CUST01065,Female,0,Yes,No,23,Month-to-month,No,Yes,Electronic check,No,30.22,612.13,No
CUST01066,Male,0,No,No,6,Month-to-month,DSL,Yes,Credit card,Yes,72.74,383.12,No
CUST01067,Male,0,Yes,Yes,60,One year,DSL,Yes,Mailed check,Yes,51.47,3018.03,No
CUST01068,Male,1,Yes,No,35,Month-to-month,Fiber optic,No,Mailed check,No,87.5,3103.5,No
CUST01069,Male,0,Yes,Yes,26,Month-to-month,DSL,No,Mailed check,Yes,84.27,2330.6,No
CUST01070,Male,0,No,No,28,Two year,No,Yes,Bank transfer,No,18.0,380.57,Yes
CUST01071,Male,0,Yes,No,19,Two year,DSL,Yes,Mailed check,Yes,78.58,1551.73,Yes
CUST01072,Female,0,No,No,69,Month-to-month,No,Yes,Credit card,No,27.48,1971.17,No
CUST01073,Female,0,No,No,2,Month-to-month,DSL,No,Electronic check,No,60.2,100.56,No
CUST01074,Male,0,No,No,38,One year,DSL,Yes,Mailed check,Yes,46.74,1680.89,No
CUST01075,Male,0,No,No,44,One year,DSL,Yes,Mailed check,Yes,85.39,3681.86,No
CUST01076,Male,0,Yes,Yes,67,Two year,DSL,Yes,Bank transfer,Yes,51.92,3529.44,No
CUST01077,Female,0,No,No,30,Month-to-month,Fiber optic,Yes,Credit card,Yes,67.73,1980.84,Yes
CUST01078,Male,0,No,No,37,Month-to-month,Fiber optic,Yes,Electronic check,No,83.4,3071.67,No
CUST01079,Female,0,No,No,5,Month-to-month,No,Yes,Credit card,No,25.57,0.0,No
CUST01080,Male,1,No,Yes,7,One year,DSL,Yes,Credit card,No,49.99,387.08,No
CUST01081,Male,0,Yes,Yes,27,Month-to-month,Fiber optic,Yes,Credit card,No,77.73,2179.75,No
CUST01082,Male,0,Yes,No,14,Two year,DSL,Yes,Electronic check,Yes,56.97,721.97,Yes
CUST01083,Male,0,No,No,7,Month-to-month,Fiber optic,Yes,Credit card,Yes,93.45,607.43,No
CUST01084,Female,0,No,Yes,53,Two year,Fiber optic,No,Credit card,No,105.24,5460.01,No
CUST01085,Female,0,Yes,Yes,5,Month-to-month,Fiber optic,Yes,Bank transfer,No,47.8,212.61,Yes
CUST01086,Male,0,Yes,Yes,28,One year,DSL,Yes,Electronic check,Yes,94.89,2664.1,No
CUST01087,Male,0,Yes,No,33,Two year,Fiber optic,Yes,Mailed check,Yes,57.2,1901.04,No
CUST01088,Female,0,No,No,6,Two year,Fiber optic,Yes,Credit card,No,53.45,409.33,Yes
CUST01089,Female,0,No,No,39,Two year,Fiber optic,No,Mailed check,Yes,81.42,3269.37,No
CUST01090,Female,0,No,Yes,12,Month-to-month,DSL,Yes,Mailed check,Yes,69.11,868.72,Yes
CUST01091,Female,1,Yes,No,61,Month-to-month,Fiber optic,Yes,Electronic check,Yes,63.82,3767.07,No
CUST01092,Male,0,Yes,Yes,64,Month-to-month,No,Yes,Electronic check,Yes,26.84,1756.14,No
CUST01093,Female,0,Yes,No,40,Month-to-month,DSL,Yes,Mailed check,Yes,41.69,1559.4,No
CUST01094,Male,0,Yes,No,41,Month-to-month,Fiber optic,Yes,Bank transfer,No,96.61,3952.56,Yes
CUST01095,Female,0,No,No,65,One year,Fiber optic,Yes,Electronic check,Yes,84.81,5535.75,No
CUST01096,Female,0,Yes,No,10,Two year,Fiber optic,Yes,Credit card,Yes,84.45,812.68,No
CUST01097,Female,0,No,No,49,Month-to-month,No,Yes,Mailed check,Yes,18.0,1005.13,No
CUST01098,Female,1,No,No,70,Two year,No,No,Credit card,No,27.81,1923.89,No
CUST01099,Female,1,No,No,34,Month-to-month,DSL,Yes,Bank transfer,Yes,76.88,2625.25,No
CUST01100,Male,0,Yes,Yes,19,Two year,No,Yes,Electronic check,Yes,20.33,496.21,No
CUST01101,Male,0,Yes,No,27,Month-to-month,Fiber optic,Yes,Credit card,Yes,68.57,1785.44,No
CUST01102,Female,1,Yes,Yes,36,Month-to-month,Fiber optic,Yes,Bank transfer,Yes,91.9,3286.57,Yes
CUST01103,Female,0,No,No,2,Month-to-month,Fiber optic,No,Electronic check,No,98.18,287.07,No
CUST01104,Male,1,No,Yes,58,Two year,No,Yes,Bank transfer,Yes,25.23,1503.73,No
CUST01105,Female,0,Yes,Yes,72,Two year,Fiber optic,Yes,Mailed check,No,77.28,5568.59,No
CUST01106,Female,0,Yes,No,26,Month-to-month,No,Yes,Credit card,Yes,23.11,476.32,No
CUST01107,Male,0,No,No,31,Month-to-month,Fiber optic,Yes,Electronic check,Yes,82.77,2544.64,No
CUST01108,Female,0,No,No,47,One year,Fiber optic,Yes,Bank transfer,Yes,72.32,3302.47,No
CUST01109,Female,0,No,Yes,45,Month-to-month,Fiber optic,Yes,Electronic check,Yes,35.47,1662.4,No
CUST01110,Male,0,Yes,Yes,46,One year,Fiber optic,Yes,Electronic check,Yes,70.24,3234.32,No
CUST01111,Male,0,Yes,No,39,Month-to-month,Fiber optic,Yes,Electronic check,Yes,83.88,3131.11,Yes
CUST01112,Male,0,Yes,No,2,Two year,Fiber optic,No,Electronic check,No,86.52,27.05,No
CUST01113,Female,0,Yes,No,28,Month-to-month,Fiber optic,Yes,Mailed check,Yes,103.03,2828.18,No
CUST01114,Male,0,No,No,57,Month-to-month,No,Yes,Mailed check,Yes,18.0,917.06,No
CUST01115,Male,0,Yes,No,49,Month-to-month,DSL,No,Bank transfer,Yes,50.2,2413.61,No
CUST01116,Male,0,Yes,No,9,Two year,DSL,No,Mailed check,Yes,54.43,531.65,No
CUST01117,Male,0,No,No,60,Month-to-month,Fiber optic,Yes,Electronic check,No,81.59,4820.89,Yes
CUST01118,Male,1,Yes,No,60,One year,Fiber optic,Yes,Mailed check,No,73.53,4470.06,No
CUST01119,Male,1,No,Yes,22,Month-to-month,DSL,Yes,Electronic check,No,52.05,1102.72,No
CUST01120,Female,0,Yes,Yes,5,Month-to-month,Fiber optic,Yes,Credit card,Yes,120.01,625.41,No
CUST01121,Female,0,No,No,59,Two year,No,Yes,Electronic check,Yes,28.52,1554.88,No
CUST01122,Male,0,Yes,Yes,26,Month-to-month,Fiber optic,Yes,Electronic check,No,52.17,1432.51,Yes
CUST01123,Male,1,No,Yes,54,Two year,No,No,Mailed check,No,23.63,1380.77,No
CUST01124,Male,0,Yes,No,30,Two year,No,Yes,Credit card,Yes,20.02,573.76,No
CUST01125,Female,0,Yes,No,29,One year,DSL,Yes,Electronic check,Yes,65.13,1842.68,No
CUST01126,Female,0,No,No,66,Month-to-month,No,Yes,Mailed check,Yes,24.37,1612.19,No
CUST01127,Female,0,Yes,No,12,Two year,Fiber optic,Yes,Credit card,No,87.91,1034.73,No
CUST01128,Female,0,Yes,No,58,Two year,No,Yes,Bank transfer,Yes,30.79,1746.52,No
CUST01129,Female,0,No,No,53,Two year,DSL,Yes,Bank transfer,No,67.36,3757.88,No
CUST01130,Female,1,No,Yes,20,Two year,DSL,Yes,Credit card,Yes,43.99,959.6,No
CUST01131,Female,1,Yes,No,42,Month-to-month,DSL,Yes,Mailed check,No,60.82,2584.9,No
CUST01132,Female,0,Yes,No,10,One year,DSL,Yes,Electronic check,No,53.9,559.6,No
CUST01133,Female,0,Yes,No,66,Month-to-month,DSL,Yes,Electronic check,No,47.67,3014.02,Yes
CUST01134,Male,0,Yes,No,37,Month-to-month,DSL,Yes,Bank transfer,No,78.72,2882.43,No
CUST01135,Male,0,No,No,23,One year,Fiber optic,Yes,Electronic check,Yes,84.44,1900.58,Yes
CUST01136,Male,0,No,No,50,Two year,Fiber optic,No,Mailed check,No,68.4,3507.4,Yes
CUST01137,Male,0,Yes,No,60,One year,DSL,Yes,Mailed check,Yes,89.55,5292.51,No
CUST01138,Female,0,No,No,45,Two year,Fiber optic,Yes,Bank transfer,Yes,100.12,4541.32,No
CUST01139,Female,0,No,No,42,Month-to-month,DSL,Yes,Electronic check,Yes,64.64,2650.29,No
CUST01140,Male,0,No,No,26,Month-to-month,DSL,Yes,Bank transfer,No,67.9,1787.64,No
CUST01141,Female,0,Yes,No,29,Month-to-month,Fiber optic,Yes,Credit card,No,105.64,3013.27,No
CUST01142,Male,0,Yes,No,62,Month-to-month,DSL,Yes,Electronic check,Yes,72.69,4523.84,No
CUST01143,Female,1,No,Yes,9,Month-to-month,Fiber optic,Yes,Mailed check,Yes,86.24,788.17,Yes
CUST01144,Male,1,Yes,Yes,2,Two year,DSL,Yes,Bank transfer,No,64.79,165.54,Yes
CUST01145,Female,1,Yes,No,59,Month-to-month,No,Yes,Electronic check,No,32.84,2022.64,No
CUST01146,Female,0,Yes,No,26,Month-to-month,No,Yes,Mailed check,No,26.03,731.97,No
CUST01147,Male,0,Yes,Yes,44,Month-to-month,DSL,Yes,Bank transfer,Yes,72.78,3274.87,No
CUST01148,Female,0,No,No,61,One year,Fiber optic,Yes,Credit card,Yes,97.57,6070.05,No
CUST01149,Male,1,No,No,23,Month-to-month,DSL,Yes,Mailed check,No,62.41,1424.42,Yes
CUST01150,Male,0,Yes,No,45,Month-to-month,DSL,Yes,Mailed check,No,69.37,3119.8,No
CUST01151,Male,0,Yes,Yes,43,Month-to-month,DSL,Yes,Electronic check,Yes,73.8,3082.98,No
CUST01152,Male,0,No,No,62,Month-to-month,No,Yes,Electronic check,Yes,31.13,1885.73,No
CUST01153,Female,0,Yes,No,3,One year,DSL,Yes,Electronic check,No,80.54,78.22,Yes
CUST01154,Female,0,No,No,15,One year,Fiber optic,Yes,Electronic check,No,120.33,1882.91,Yes
CUST01155,Female,0,No,Yes,50,Month-to-month,No,Yes,Mailed check,Yes,18.0,869.89,Yes
CUST01156,Male,0,Yes,No,47,Two year,Fiber optic,Yes,Mailed check,Yes,53.1,2610.34,No
CUST01157,Female,0,No,Yes,64,Month-to-month,No,Yes,Bank transfer,Yes,22.63,1465.02,Yes
CUST01158,Male,1,No,No,68,Month-to-month,No,Yes,Mailed check,Yes,34.11,2253.86,No
CUST01159,Female,0,Yes,Yes,44,One year,Fiber optic,Yes,Electronic check,Yes,85.92,3654.67,No
CUST01160,Female,0,Yes,No,2,One year,Fiber optic,Yes,Bank transfer,No,78.68,0.0,Yes
CUST01161,Female,0,No,Yes,16,Month-to-month,Fiber optic,Yes,Mailed check,Yes,64.92,935.45,Yes
CUST01162,Male,1,Yes,Yes,36,One year,No,Yes,Credit card,Yes,20.39,772.63,No
CUST01163,Female,0,No,No,4,Month-to-month,Fiber optic,Yes,Bank transfer,Yes,65.58,313.34,Yes
CUST01164,Female,1,No,No,46,Two year,DSL,Yes,Mailed check,No,79.23,3655.55,No
CUST01165,Male,0,Yes,No,43,One year,No,Yes,Electronic check,Yes,23.14,1013.15,No
CUST01166,Female,1,Yes,No,32,Month-to-month,No,No,Electronic check,No,31.87,914.49,Yes
CUST01167,Male,1,No,No,20,Month-to-month,Fiber optic,Yes,Electronic check,No,96.58,1850.3,No
CUST01168,Female,0,Yes,Yes,66,One year,Fiber optic,No,Mailed check,No,52.0,3369.71,No
CUST01169,Male,0,No,No,67,One year,Fiber optic,Yes,Electronic check,Yes,62.95,4248.69,No
CUST01170,Male,0,No,No,31,Two year,DSL,Yes,Credit card,Yes,53.46,1558.42,No
CUST01171,Female,0,No,No,23,Two year,Fiber optic,Yes,Credit card,No,71.19,1685.15,No
CUST01172,Male,0,Yes,Yes,34,Month-to-month,DSL,Yes,Bank transfer,No,77.45,2535.21,No
CUST01173,Male,0,No,No,17,Two year,Fiber optic,Yes,Electronic check,Yes,101.07,1805.45,No
CUST01174,Male,0,No,Yes,66,Month-to-month,Fiber optic,Yes,Electronic check,Yes,95.07,6195.32,No
CUST01175,Male,0,No,No,53,Month-to-month,DSL,Yes,Bank transfer,Yes,68.85,3573.5,No
CUST01176,Male,0,Yes,Yes,25,One year,DSL,Yes,Bank transfer,Yes,59.01,1531.73,No
CUST01177,Male,0,No,Yes,59,Month-to-month,DSL,Yes,Electronic check,Yes,67.18,3964.49,No
CUST01178,Female,0,No,No,64,Month-to-month,Fiber optic,Yes,Electronic check,Yes,85.3,5464.5,No
CUST01179,Male,0,Yes,No,50,Two year,DSL,Yes,Electronic check,Yes,72.84,3693.21,No
CUST01180,Male,0,No,No,59,Month-to-month,DSL,Yes,Electronic check,Yes,76.13,4492.92,No
CUST01181,Female,0,Yes,Yes,58,Two year,No,Yes,Mailed check,Yes,35.93,2172.29,No
CUST01182,Female,1,Yes,Yes,16,Month-to-month,Fiber optic,Yes,Electronic check,No,71.49,1098.8,No
CUST01183,Female,0,No,No,20,Month-to-month,Fiber optic,Yes,Electronic check,Yes,79.03,1579.83,No
CUST01184,Female,0,Yes,No,66,Month-to-month,Fiber optic,Yes,Mailed check,No,85.9,5728.76,No
CUST01185,Female,0,No,Yes,27,Month-to-month,DSL,Yes,Mailed check,Yes,70.22,2001.95,No
CUST01186,Female,0,No,No,43,Two year,DSL,No,Credit card,No,79.1,3321.8,No
CUST01187,Female,1,Yes,Yes,69,Month-to-month,Fiber optic,Yes,Electronic check,Yes,74.87,5136.11,No
CUST01188,Male,1,Yes,No,61,Month-to-month,Fiber optic,Yes,Mailed check,No,71.88,4381.96,Yes
CUST01189,Male,0,No,Yes,41,Month-to-month,Fiber optic,Yes,Credit card,Yes,49.7,2038.42,No
CUST01190,Female,0,No,Yes,21,Two year,Fiber optic,Yes,Credit card,Yes,92.38,1963.18,No
CUST01191,Male,0,No,Yes,37,Month-to-month,Fiber optic,Yes,Bank transfer,Yes,69.91,2664.8,No
CUST01192,Male,0,No,Yes,13,One year,DSL,Yes,Bank transfer,No,50.05,680.08,No
CUST01193,Male,1,Yes,Yes,25,One year,No,Yes,Mailed check,Yes,29.19,697.71,No
CUST01194,Female,0,Yes,No,39,Month-to-month,DSL,No,Credit card,Yes,53.59,2146.49,No
CUST01195,Female,0,No,Yes,53,Two year,No,Yes,Bank transfer,Yes,18.0,1143.81,No
CUST01196,Male,0,No,Yes,12,Two year,No,Yes,Bank transfer,Yes,23.4,247.37,No
CUST01197,Female,1,Yes,Yes,18,Month-to-month,DSL,Yes,Bank transfer,Yes,72.04,1247.64,No
CUST01198,Male,0,No,No,41,One year,No,Yes,Bank transfer,No,37.2,1441.01,No
CUST01199,Male,0,No,No,40,Two year,No,Yes,Bank transfer,Yes,22.37,1001.81,No
CUST01200,Male,0,No,No,49,Two year,No,Yes,Electronic check,Yes,25.82,1180.64,No
CUST01201,Male,0,Yes,No,2,Month-to-month,Fiber optic,Yes,Bank transfer,No,68.1,95.63,No
CUST01202,Female,0,No,Yes,30,One year,No,Yes,Bank transfer,No,32.86,1036.07,Yes
CUST01203,Female,1,No,Yes,14,Month-to-month,Fiber optic,Yes,Electronic check,Yes,79.79,1032.2,No
CUST01204,Female,0,No,No,53,Month-to-month,No,Yes,Credit card,Yes,21.16,1169.91,No
CUST01205,Male,0,No,No,52,Two year,Fiber optic,Yes,Credit card,No,79.92,4155.03,No
CUST01206,Female,0,No,No,44,Two year,No,Yes,Electronic check,No,30.0,1126.09,No
CUST01207,Male,0,No,No,37,One year,Fiber optic,Yes,Mailed check,No,77.57,2959.24,No
CUST01208,Female,0,No,No,49,One year,Fiber optic,Yes,Electronic check,Yes,81.43,4069.76,Yes
CUST01209,Male,0,Yes,No,23,One year,No,Yes,Electronic check,Yes,21.92,438.51,Yes
CUST01210,Male,0,Yes,Yes,16,Two year,Fiber optic,Yes,Bank transfer,Yes,70.35,1065.72,No
CUST01211,Male,1,No,Yes,17,Month-to-month,DSL,Yes,Electronic check,No,51.63,847.0,No
CUST01212,Female,0,Yes,No,41,Month-to-month,DSL,Yes,Mailed check,Yes,55.68,2345.73,Yes
CUST01213,Female,0,Yes,Yes,16,Two year,No,Yes,Bank transfer,No,25.64,452.72,No
CUST01214,Female,0,Yes,No,15,Month-to-month,No,Yes,Bank transfer,No,18.0,291.77,Yes
CUST01215,Female,0,Yes,No,51,Month-to-month,Fiber optic,No,Mailed check,Yes,83.8,4351.73,No
CUST01216,Male,0,Yes,No,35,One year,No,No,Electronic check,Yes,27.31,867.22,No
CUST01217,Female,0,Yes,Yes,38,One year,DSL,Yes,Bank transfer,Yes,51.21,1861.01,No
CUST01218,Female,0,No,No,24,Month-to-month,DSL,Yes,Mailed check,No,50.75,1334.29,No
CUST01219,Male,0,No,No,41,Two year,Fiber optic,Yes,Credit card,Yes,78.08,3154.37,No
CUST01220,Male,0,No,No,20,Month-to-month,Fiber optic,Yes,Bank transfer,Yes,86.79,1714.6,Yes
CUST01221,Male,0,Yes,Yes,67,Month-to-month,DSL,Yes,Mailed check,No,48.65,3235.07,No
CUST01222,Female,1,No,Yes,58,Month-to-month,Fiber optic,Yes,Credit card,No,58.97,3382.66,No
CUST01223,Male,0,No,No,29,Month-to-month,DSL,Yes,Mailed check,No,49.55,1433.56,No
CUST01224,Male,0,No,No,56,Month-to-month,Fiber optic,Yes,Electronic check,Yes,64.08,3567.1,No
CUST01225,Male,0,Yes,No,32,Month-to-month,Fiber optic,No,Electronic check,No,105.65,3432.43,No
CUST01226,Female,0,Yes,No,52,Two year,No,Yes,Mailed check,Yes,23.6,1374.43,No
CUST01227,Male,0,No,No,15,Two year,No,Yes,Mailed check,Yes,32.63,473.25,No
CUST01228,Female,0,No,No,48,Month-to-month,Fiber optic,Yes,Mailed check,Yes,84.53,4143.79,No
CUST01229,Female,0,No,Yes,4,Month-to-month,DSL,Yes,Mailed check,No,60.85,246.08,Yes
CUST01230,Male,0,No,No,59,Month-to-month,No,Yes,Bank transfer,Yes,37.41,2170.86,No
CUST01231,Male,0,Yes,Yes,70,One year,DSL,Yes,Mailed check,Yes,60.3,4129.95,No
CUST01232,Female,0,No,Yes,54,Month-to-month,DSL,Yes,Mailed check,Yes,85.73,4586.83,No
CUST01233,Male,1,Yes,Yes,34,Two year,DSL,Yes,Electronic check,Yes,52.25,1552.63,No
CUST01234,Male,0,No,No,68,Month-to-month,No,Yes,Bank transfer,Yes,23.37,1631.43,Yes
CUST01235,Female,0,No,Yes,41,Two year,No,No,Mailed check,No,34.98,1455.3,No
CUST01236,Female,0,No,Yes,68,Month-to-month,No,Yes,Bank transfer,No,18.08,1222.48,No
CUST01237,Male,0,Yes,No,23,Two year,Fiber optic,Yes,Mailed check,Yes,72.7,1585.42,No
CUST01238,Female,0,Yes,Yes,70,One year,DSL,Yes,Electronic check,Yes,53.71,3762.96,No
CUST01239,Male,0,No,No,70,One year,No,Yes,Electronic check,No,39.42,2775.33,Yes
CUST01240,Male,0,No,No,54,One year,Fiber optic,No,Bank transfer,No,87.66,4730.87,No
CUST01241,Male,0,No,No,13,Two year,Fiber optic,Yes,Mailed check,Yes,85.15,1044.58,Yes
CUST01242,Female,0,No,Yes,54,One year,DSL,No,Electronic check,Yes,72.64,3924.7,No
CUST01243,Male,0,Yes,Yes,14,Two year,DSL,Yes,Credit card,Yes,77.61,976.54,No
CUST01244,Male,1,No,No,4,Month-to-month,No,No,Mailed check,No,28.0,158.8,Yes
CUST01245,Male,0,No,No,3,Month-to-month,DSL,Yes,Bank transfer,Yes,73.59,255.95,Yes
CUST01246,Female,1,No,Yes,29,Month-to-month,DSL,Yes,Mailed check,No,52.22,1652.2,No
CUST01247,Female,0,Yes,No,52,Two year,Fiber optic,Yes,Credit card,Yes,77.1,3920.3,No
CUST01248,Female,0,No,No,72,Month-to-month,DSL,Yes,Electronic check,No,64.81,4629.2,No
CUST01249,Female,1,Yes,Yes,29,Two year,DSL,Yes,Electronic check,No,50.01,1435.59,No
CUST01250,Female,0,No,No,60,Month-to-month,No,Yes,Mailed check,Yes,35.74,2064.26,No
CUST01251,Male,1,No,Yes,70,Month-to-month,DSL,Yes,Electronic check,Yes,78.91,5442.92,Yes
CUST01252,Female,0,Yes,No,67,Month-to-month,Fiber optic,No,Bank transfer,No,87.66,5845.69,No
CUST01253,Female,0,Yes,No,54,Month-to-month,Fiber optic,Yes,Bank transfer,Yes,111.86,5930.41,No
CUST01254,Female,1,No,Yes,70,One year,DSL,No,Electronic check,No,67.97,4828.02,No
CUST01255,Male,0,No,No,72,Month-to-month,Fiber optic,Yes,Bank transfer,No,76.3,5470.96,Yes
CUST01256,Female,1,Yes,No,41,Month-to-month,DSL,Yes,Credit card,Yes,81.95,3386.54,No
CUST01257,Female,1,Yes,No,28,Two year,DSL,Yes,Electronic check,Yes,74.21,2098.16,No
CUST01258,Male,0,No,No,34,Month-to-month,DSL,Yes,Electronic check,No,68.23,2338.86,No
CUST01259,Female,0,No,No,44,Month-to-month,DSL,Yes,Bank transfer,Yes,63.26,2828.01,No
CUST01260,Male,0,Yes,No,28,Two year,Fiber optic,Yes,Credit card,Yes,75.34,2068.85,No
CUST01261,Male,0,No,Yes,69,Month-to-month,DSL,Yes,Bank transfer,Yes,61.21,4395.64,No
CUST01262,Male,0,Yes,Yes,2,Month-to-month,DSL,Yes,Credit card,Yes,62.05,115.6,No
CUST01263,Male,0,Yes,No,56,Month-to-month,No,Yes,Credit card,No,38.0,2061.98,No
CUST01264,Male,0,Yes,No,65,Month-to-month,DSL,Yes,Mailed check,Yes,59.4,3754.85,No
CUST01265,Female,0,No,Yes,21,Month-to-month,DSL,Yes,Credit card,No,74.65,1447.66,No
CUST01266,Male,1,Yes,No,26,Month-to-month,Fiber optic,Yes,Mailed check,No,73.39,2180.54,No
CUST01267,Male,0,No,No,21,Month-to-month,No,Yes,Bank transfer,Yes,18.0,392.27,No
CUST01268,Female,0,Yes,No,48,Month-to-month,DSL,Yes,Credit card,Yes,65.24,3075.13,No
CUST01269,Male,0,No,Yes,23,Month-to-month,DSL,Yes,Mailed check,Yes,64.41,1410.32,No
CUST01270,Female,0,No,No,26,Month-to-month,Fiber optic,No,Bank transfer,Yes,102.2,2709.56,No
CUST01271,Female,0,No,No,35,Month-to-month,Fiber optic,Yes,Credit card,No,69.52,2367.46,No
CUST01272,Female,0,No,No,16,Month-to-month,DSL,Yes,Electronic check,No,45.48,760.81,Yes
CUST01273,Male,1,No,Yes,55,One year,DSL,Yes,Mailed check,No,60.48,3378.73,Yes
CUST01274,Male,0,No,No,9,Two year,DSL,Yes,Bank transfer,No,63.43,590.65,Yes
CUST01275,Male,0,Yes,No,53,One year,DSL,Yes,Mailed check,Yes,58.96,2971.06,No
CUST01276,Female,1,Yes,No,37,Two year,DSL,Yes,Mailed check,No,68.14,2629.63,No
CUST01277,Male,1,No,Yes,3,One year,Fiber optic,Yes,Electronic check,No,57.03,215.03,Yes
CUST01278,Male,0,Yes,No,49,Month-to-month,DSL,Yes,Mailed check,Yes,60.48,3126.91,No
CUST01279,Male,0,Yes,Yes,60,Month-to-month,Fiber optic,No,Bank transfer,Yes,86.07,5210.74,No
CUST01280,Female,0,No,Yes,20,Month-to-month,Fiber optic,Yes,Electronic check,Yes,89.55,1729.57,Yes
CUST01281,Female,0,Yes,Yes,35,Month-to-month,DSL,Yes,Electronic check,Yes,50.41,1735.08,No
CUST01282,Male,0,No,Yes,45,Month-to-month,No,Yes,Mailed check,Yes,32.02,1429.65,Yes
CUST01283,Male,0,Yes,No,70,Two year,No,Yes,Bank transfer,Yes,24.0,1656.23,No
CUST01284,Male,1,No,Yes,43,Two year,DSL,Yes,Electronic check,Yes,63.34,2672.48,No
CUST01285,Male,0,No,No,63,Month-to-month,DSL,Yes,Electronic check,Yes,78.85,4988.43,No
CUST01286,Female,0,No,No,17,One year,Fiber optic,Yes,Electronic check,Yes,76.53,1253.66,Yes
CUST01287,Female,0,Yes,No,12,Month-to-month,DSL,Yes,Mailed check,Yes,56.21,796.46,Yes
CUST01288,Female,0,No,No,12,One year,No,Yes,Mailed check,Yes,23.19,160.45,Yes
CUST01289,Female,0,No,No,24,One year,DSL,Yes,Bank transfer,No,46.91,1112.75,No
CUST01290,Male,0,No,No,4,Month-to-month,Fiber optic,Yes,Electronic check,Yes,89.89,285.12,No
CUST01291,Male,0,No,No,38,One year,DSL,Yes,Bank transfer,Yes,59.17,2229.31,No
CUST01292,Male,0,Yes,No,28,One year,DSL,Yes,Credit card,Yes,71.96,2078.92,No
CUST01293,Female,0,No,No,56,Month-to-month,DSL,Yes,Electronic check,No,54.03,3063.64,No
CUST01294,Male,0,No,No,45,Month-to-month,Fiber optic,Yes,Electronic check,No,64.01,3009.49,No
CUST01295,Female,0,Yes,No,32,Two year,No,Yes,Electronic check,No,40.66,1921.385,No
CUST01296,Female,0,No,No,9,Two year,No,Yes,Mailed check,Yes,18.21,37.41,Yes
CUST01297,Male,0,No,Yes,57,One year,DSL,Yes,Bank transfer,Yes,70.61,3941.99,No
CUST01298,Male,1,No,Yes,24,Month-to-month,Fiber optic,Yes,Electronic check,Yes,58.65,1297.17,No
CUST01299,Male,0,Yes,No,38,Month-to-month,Fiber optic,No,Bank transfer,Yes,98.72,3786.79,Yes
CUST01300,Female,0,No,Yes,15,One year,Fiber optic,Yes,Mailed check,Yes,99.39,1555.1,Yes
CUST01301,Male,1,No,No,59,Month-to-month,DSL,Yes,Bank transfer,Yes,76.68,4634.16,No
CUST01302,Female,1,No,Yes,27,Month-to-month,Fiber optic,Yes,Electronic check,No,65.99,1653.98,No
CUST01303,Male,0,No,No,43,Month-to-month,No,No,Bank transfer,Yes,18.0,718.36,No
CUST01304,Female,0,No,No,57,Month-to-month,No,Yes,Mailed check,No,26.64,1406.93,No
CUST01305,Female,0,No,Yes,31,Month-to-month,Fiber optic,Yes,Mailed check,Yes,51.76,1521.59,No
CUST01306,Male,0,No,No,62,Month-to-month,DSL,Yes,Mailed check,No,55.17,3462.29,No
CUST01307,Female,0,Yes,No,44,Month-to-month,No,Yes,Credit card,Yes,18.0,628.69,Yes
CUST01308,Female,0,Yes,No,52,Two year,No,No,Mailed check,Yes,36.24,1792.59,No
CUST01309,Male,0,Yes,No,60,Month-to-month,Fiber optic,Yes,Electronic check,No,71.24,4269.9,No
CUST01310,Female,0,Yes,Yes,49,Month-to-month,No,Yes,Bank transfer,Yes,18.0,732.01,No
CUST01311,Male,0,Yes,No,26,Two year,No,Yes,Mailed check,No,19.77,604.87,No
CUST01312,Female,0,Yes,Yes,25,Month-to-month,Fiber optic,Yes,Electronic check,Yes,77.7,1887.02,No
CUST01313,Male,0,No,No,2,Month-to-month,Fiber optic,Yes,Bank transfer,No,100.57,350.79,Yes
CUST01314,Male,0,Yes,No,38,Month-to-month,Fiber optic,Yes,Electronic check,Yes,74.3,2832.88,No
CUST01315,Female,0,Yes,No,64,Two year,Fiber optic,Yes,Bank transfer,No,107.26,6832.13,No
CUST01316,Female,0,Yes,No,34,One year,DSL,No,Bank transfer,No,54.17,1745.38,No
CUST01317,Female,0,No,No,52,Month-to-month,Fiber optic,Yes,Mailed check,No,88.17,4490.18,No
CUST01318,Female,1,Yes,Yes,45,One year,DSL,Yes,Bank transfer,Yes,48.11,2060.73,No
CUST01319,Female,0,Yes,No,67,Two year,Fiber optic,Yes,Electronic check,Yes,59.89,4042.74,No
CUST01320,Male,0,Yes,No,21,Month-to-month,No,Yes,Mailed check,Yes,31.19,750.94,Yes
CUST01321,Female,1,No,Yes,59,One year,Fiber optic,Yes,Electronic check,No,60.02,3581.86,No
CUST01322,Male,0,No,No,5,Month-to-month,DSL,No,Credit card,Yes,46.68,112.45,Yes
CUST01323,Male,0,No,No,51,Month-to-month,No,Yes,Electronic check,No,24.44,1247.82,No
CUST01324,Female,1,Yes,Yes,72,Month-to-month,DSL,Yes,Electronic check,Yes,71.66,5146.3,No
CUST01325,Male,0,No,No,72,Two year,No,Yes,Mailed check,Yes,32.12,2285.83,No
CUST01326,Male,0,No,No,28,One year,Fiber optic,No,Mailed check,Yes,72.2,1856.9,No
CUST01327,Male,0,Yes,Yes,42,One year,Fiber optic,Yes,Mailed check,No,70.11,2740.67,No
CUST01328,Male,0,Yes,No,33,Month-to-month,Fiber optic,Yes,Credit card,No,101.74,3304.82,Yes
CUST01329,Female,0,Yes,No,30,Month-to-month,DSL,Yes,Electronic check,Yes,56.86,1641.49,Yes
CUST01330,Male,0,No,No,45,One year,Fiber optic,Yes,Bank transfer,Yes,98.95,4540.03,No
CUST01331,Female,0,Yes,No,3,Month-to-month,DSL,Yes,Electronic check,No,62.93,245.42,No
CUST01332,Female,0,Yes,No,1,Month-to-month,Fiber optic,Yes,Credit card,Yes,78.49,103.46,Yes
CUST01333,Male,0,No,No,4,Month-to-month,Fiber optic,Yes,Credit card,Yes,77.3,250.17,Yes
CUST01334,Female,0,No,Yes,45,Month-to-month,Fiber optic,Yes,Mailed check,No,76.08,3530.11,Yes
CUST01335,Female,0,No,No,18,Month-to-month,No,Yes,Electronic check,No,30.05,686.61,No
CUST01336,Female,0,No,Yes,37,One year,Fiber optic,No,Credit card,Yes,78.31,2949.76,No
CUST01337,Male,0,No,No,58,Month-to-month,Fiber optic,Yes,Credit card,Yes,79.44,4564.98,No
CUST01338,Female,0,No,No,71,One year,No,Yes,Electronic check,Yes,36.66,2584.21,No
CUST01339,Female,0,Yes,Yes,19,Month-to-month,DSL,Yes,Bank transfer,Yes,53.43,1218.24,No
CUST01340,Female,0,Yes,No,67,Two year,No,Yes,Credit card,Yes,29.75,2014.59,No
CUST01341,Male,1,No,No,52,Month-to-month,DSL,Yes,Bank transfer,Yes,80.47,4285.76,No
CUST01342,Female,0,No,Yes,54,Two year,Fiber optic,Yes,Credit card,No,90.91,4885.21,No
CUST01343,Male,0,No,Yes,38,Month-to-month,No,Yes,Electronic check,Yes,18.0,609.01,No
CUST01344,Male,0,Yes,No,35,One year,No,Yes,Electronic check,No,18.0,562.29,No
CUST01345,Male,1,Yes,Yes,57,Month-to-month,DSL,Yes,Mailed check,Yes,57.64,3083.29,No
CUST01346,Male,0,Yes,No,14,One year,DSL,Yes,Mailed check,No,44.88,579.63,No
CUST01347,Male,0,No,No,0,Month-to-month,No,Yes,Bank transfer,No,28.17,147.86,Yes
CUST01348,Male,0,No,No,8,Month-to-month,No,Yes,Mailed check,Yes,23.43,206.75,Yes
CUST01349,Female,0,No,Yes,22,Month-to-month,Fiber optic,Yes,Electronic check,Yes,102.55,2221.56,Yes
CUST01350,Male,0,No,No,51,Two year,DSL,Yes,Credit card,Yes,85.6,4275.49,No
CUST01351,Female,0,Yes,Yes,25,Month-to-month,Fiber optic,Yes,Bank transfer,Yes,83.67,2136.6,No
CUST01352,Female,1,Yes,No,59,One year,DSL,Yes,Bank transfer,Yes,40.73,2445.12,No
CUST01353,Male,0,Yes,No,17,Two year,No,No,Electronic check,Yes,20.63,390.93,No
CUST01354,Female,0,No,No,57,Month-to-month,Fiber optic,Yes,Electronic check,Yes,72.22,4069.31,No
CUST01355,Female,1,Yes,No,64,Two year,Fiber optic,Yes,Mailed check,No,98.59,6276.45,No
CUST01356,Female,0,No,No,68,Month-to-month,DSL,Yes,Mailed check,Yes,69.84,4746.59,No
CUST01357,Female,0,No,No,13,Two year,Fiber optic,Yes,Electronic check,Yes,81.1,941.39,No
CUST01358,Male,0,Yes,Yes,45,Two year,Fiber optic,Yes,Electronic check,Yes,68.23,3162.48,No
CUST01359,Female,0,Yes,No,68,Two year,Fiber optic,Yes,Mailed check,No,77.24,5156.32,No
CUST01360,Male,0,Yes,Yes,31,Month-to-month,No,Yes,Mailed check,Yes,36.2,1286.01,Yes
CUST01361,Female,0,No,No,50,Two year,Fiber optic,Yes,Electronic check,No,88.47,4443.84,No
CUST01362,Female,0,Yes,No,68,Month-to-month,DSL,Yes,Mailed check,No,74.0,5068.23,No
CUST01363,Male,0,Yes,No,14,Month-to-month,Fiber optic,Yes,Electronic check,Yes,66.95,826.36,No
CUST01364,Female,0,No,No,52,Month-to-month,Fiber optic,Yes,Electronic check,Yes,81.08,4232.98,Yes
CUST01365,Female,0,No,Yes,70,Month-to-month,Fiber optic,Yes,Electronic check,Yes,84.94,6022.82,No
CUST01366,Female,0,No,No,68,One year,DSL,Yes,Bank transfer,No,66.06,4514.84,No
CUST01367,Male,0,No,Yes,14,Month-to-month,DSL,Yes,Mailed check,No,53.05,752.25,No
CUST01368,Female,0,No,Yes,29,Two year,Fiber optic,Yes,Credit card,No,91.42,2629.89,No
CUST01369,Male,0,No,Yes,23,One year,DSL,Yes,Electronic check,Yes,81.26,1898.9,Yes
CUST01370,Female,1,Yes,No,34,Two year,No,Yes,Electronic check,No,20.91,679.73,Yes
CUST01371,Male,0,Yes,No,68,Two year,Fiber optic,Yes,Credit card,No,77.23,5275.91,No
CUST01372,Male,0,No,No,11,Two year,Fiber optic,Yes,Mailed check,Yes,78.58,986.59,No
CUST01373,Female,0,No,Yes,45,Month-to-month,Fiber optic,Yes,Electronic check,Yes,95.72,4403.56,Yes
CUST01374,Female,0,No,No,68,Month-to-month,Fiber optic,No,Mailed check,No,88.92,6060.9,No
CUST01375,Male,0,No,No,35,Month-to-month,Fiber optic,No,Mailed check,Yes,83.04,2814.59,No
CUST01376,Male,0,No,No,47,Month-to-month,DSL,No,Bank transfer,No,55.47,2589.77,No
CUST01377,Female,0,Yes,Yes,66,Month-to-month,No,Yes,Electronic check,No,18.0,1223.82,No
CUST01378,Male,0,Yes,No,53,One year,DSL,Yes,Electronic check,Yes,62.17,3337.15,No
CUST01379,Female,1,Yes,No,35,Month-to-month,No,Yes,Mailed check,No,32.27,1219.74,No
CUST01380,Female,0,No,Yes,51,Month-to-month,DSL,Yes,Mailed check,Yes,59.37,2931.95,No
CUST01381,Female,0,Yes,No,21,Month-to-month,Fiber optic,Yes,Electronic check,Yes,103.4,2254.91,Yes
CUST01382,Female,0,Yes,Yes,37,Month-to-month,Fiber optic,Yes,Electronic check,No,102.27,3839.24,Yes
CUST01383,Male,0,Yes,No,61,One year,DSL,Yes,Bank transfer,Yes,57.75,3626.64,No
CUST01384,Female,0,Yes,Yes,64,One year,Fiber optic,Yes,Bank transfer,Yes,68.25,4267.36,No
CUST01385,Male,0,Yes,Yes,2,Two year,Fiber optic,Yes,Electronic check,No,45.51,347.28,Yes
CUST01386,Female,0,Yes,No,7,Month-to-month,No,Yes,Credit card,Yes,22.29,77.45,No
CUST01387,Male,0,No,No,38,Month-to-month,Fiber optic,Yes,Mailed check,No,63.57,2364.72,No
CUST01388,Female,0,Yes,No,17,Month-to-month,No,Yes,Bank transfer,No,18.0,250.16,No
CUST01389,Male,0,Yes,No,2,Two year,DSL,Yes,Bank transfer,Yes,51.29,152.21,No
CUST01390,Male,0,No,No,17,Month-to-month,DSL,Yes,Mailed check,No,65.0,1126.15,Yes
CUST01391,Female,0,No,No,0,Month-to-month,Fiber optic,No,Mailed check,No,69.4,0.0,No
CUST01392,Female,1,Yes,No,25,Month-to-month,Fiber optic,Yes,Bank transfer,Yes,59.71,1613.6,No
CUST01393,Female,0,Yes,No,51,Month-to-month,Fiber optic,Yes,Bank transfer,No,60.66,3157.29,No
CUST01394,Female,0,No,No,11,Month-to-month,Fiber optic,Yes,Bank transfer,No,64.71,672.21,No
CUST01395,Male,0,Yes,No,37,One year,No,No,Mailed check,No,24.03,804.69,No
CUST01396,Female,0,Yes,Yes,40,One year,DSL,Yes,Electronic check,Yes,65.1,2692.92,No
CUST01397,Male,1,Yes,No,52,Month-to-month,DSL,Yes,Electronic check,Yes,69.23,3524.41,No
CUST01398,Male,0,Yes,Yes,12,Month-to-month,No,Yes,Bank transfer,No,27.0,375.36,No
CUST01399,Female,0,No,No,12,Month-to-month,DSL,Yes,Mailed check,Yes,72.88,684.3,No
CUST01400,Male,0,No,No,17,One year,Fiber optic,No,Credit card,Yes,85.31,1447.27,No
CUST01401,Male,0,No,No,18,Two year,Fiber optic,Yes,Electronic check,Yes,80.76,1576.79,Yes
CUST01402,Male,0,No,Yes,18,Two year,DSL,Yes,Electronic check,Yes,76.94,1424.26,No
CUST01403,Male,0,Yes,No,69,Month-to-month,DSL,Yes,Electronic check,Yes,69.8,4949.45,No
CUST01404,Female,0,No,Yes,47,One year,DSL,Yes,Mailed check,No,55.89,2586.52,Yes
CUST01405,Female,0,Yes,No,70,Two year,DSL,Yes,Electronic check,Yes,64.85,4560.45,No
CUST01406,Female,0,Yes,No,70,One year,Fiber optic,Yes,Mailed check,Yes,109.45,7647.56,No
CUST01407,Female,1,No,Yes,27,Month-to-month,DSL,Yes,Electronic check,Yes,64.01,1732.25,No
CUST01408,Male,0,No,No,18,One year,DSL,No,Credit card,No,61.88,1040.18,Yes
CUST01409,Male,0,Yes,Yes,47,One year,Fiber optic,Yes,Credit card,No,66.11,3110.29,No
CUST01410,Female,0,No,No,28,Month-to-month,No,Yes,Mailed check,No,28.32,772.35,No
CUST01411,Female,0,Yes,No,47,Month-to-month,No,Yes,Credit card,Yes,24.58,1115.97,Yes
CUST01412,Female,0,Yes,Yes,18,One year,No,Yes,Electronic check,Yes,19.96,315.08,Yes
CUST01413,Male,0,Yes,Yes,46,Two year,Fiber optic,Yes,Electronic check,Yes,84.98,3877.63,No
CUST01414,Female,0,No,No,59,Two year,DSL,Yes,Electronic check,Yes,74.33,4462.19,No
CUST01415,Female,1,No,No,47,Month-to-month,Fiber optic,Yes,Electronic check,Yes,81.09,3827.0,Yes
CUST01416,Female,0,No,Yes,19,One year,Fiber optic,Yes,Bank transfer,Yes,77.29,1449.78,No
CUST01417,Male,0,Yes,Yes,18,Month-to-month,Fiber optic,Yes,Mailed check,No,83.52,1540.67,Yes
CUST01418,Male,0,Yes,No,41,Two year,DSL,Yes,Credit card,Yes,58.6,2435.32,No
CUST01419,Male,0,No,Yes,48,Month-to-month,Fiber optic,Yes,Credit card,Yes,84.11,4023.22,Yes
CUST01420,Male,0,Yes,No,14,Month-to-month,DSL,Yes,Electronic check,Yes,63.52,795.31,No
CUST01421,Male,0,Yes,No,59,Month-to-month,DSL,Yes,Electronic check,Yes,75.1,4237.57,No
CUST01422,Male,0,No,Yes,67,One year,Fiber optic,Yes,Electronic check,Yes,77.13,5307.43,Yes
CUST01423,Male,1,No,No,26,Month-to-month,Fiber optic,Yes,Mailed check,Yes,87.94,2274.59,Yes
CUST01424,Male,0,Yes,No,54,One year,DSL,Yes,Electronic check,No,78.7,4180.43,No
CUST01425,Female,0,Yes,No,14,Month-to-month,No,Yes,Electronic check,No,25.15,288.15,No
CUST01426,Female,0,Yes,No,51,Month-to-month,Fiber optic,Yes,Bank transfer,No,61.82,3225.82,No
CUST01427,Male,0,No,No,30,Month-to-month,No,Yes,Credit card,Yes,24.39,895.84,No
CUST01428,Male,0,No,No,6,Month-to-month,Fiber optic,Yes,Electronic check,No,80.75,564.62,No
CUST01429,Female,0,No,Yes,12,Month-to-month,Fiber optic,Yes,Bank transfer,Yes,60.22,655.81,No
CUST01430,Male,0,Yes,No,53,One year,No,Yes,Electronic check,Yes,28.06,1621.93,No
CUST01431,Male,0,Yes,No,12,Month-to-month,No,Yes,Bank transfer,Yes,29.65,502.1,Yes
CUST01432,Male,0,No,Yes,19,Month-to-month,DSL,Yes,Mailed check,Yes,56.29,910.92,No
CUST01433,Female,0,No,No,9,Month-to-month,DSL,Yes,Credit card,No,69.6,759.7,No
CUST01434,Female,0,No,No,51,Month-to-month,DSL,Yes,Credit card,No,50.87,2521.83,No
CUST01435,Female,0,Yes,No,36,Month-to-month,Fiber optic,Yes,Mailed check,Yes,90.28,3272.98,Yes
CUST01436,Female,0,No,Yes,51,Two year,Fiber optic,Yes,Credit card,Yes,61.84,3298.6,No
CUST01437,Female,0,No,No,26,Month-to-month,Fiber optic,Yes,Electronic check,Yes,86.22,2170.24,Yes
CUST01438,Male,0,No,No,33,One year,DSL,Yes,Mailed check,Yes,73.89,2501.43,No
CUST01439,Female,0,No,No,61,One year,Fiber optic,Yes,Mailed check,Yes,82.07,5081.22,No
CUST01440,Male,0,Yes,No,15,Month-to-month,Fiber optic,Yes,Mailed check,Yes,76.26,1175.63,No
CUST01441,Male,0,Yes,No,58,One year,Fiber optic,Yes,Electronic check,Yes,68.74,3894.35,No
CUST01442,Female,0,Yes,No,20,Month-to-month,Fiber optic,Yes,Bank transfer,No,45.11,917.36,No
CUST01443,Female,0,No,Yes,15,Month-to-month,Fiber optic,Yes,Mailed check,Yes,61.37,855.84,No
CUST01444,Male,0,No,No,12,One year,Fiber optic,Yes,Electronic check,No,54.57,712.46,Yes
CUST01445,Male,0,No,Yes,32,One year,No,Yes,Credit card,No,18.0,683.85,No
CUST01446,Male,0,Yes,No,53,Two year,Fiber optic,Yes,Credit card,No,89.54,4865.07,No
CUST01447,Female,0,No,No,68,One year,Fiber optic,No,Mailed check,Yes,104.37,7194.6,No
CUST01448,Female,0,No,Yes,26,Month-to-month,DSL,Yes,Electronic check,Yes,64.6,1533.08,No
CUST01449,Female,0,Yes,No,51,One year,DSL,Yes,Bank transfer,No,77.03,3824.13,No
CUST01450,Female,0,No,No,64,One year,No,Yes,Electronic check,No,18.99,1100.79,No
CUST01451,Female,1,Yes,Yes,43,One year,Fiber optic,Yes,Mailed check,No,97.49,4170.22,No
CUST01452,Male,0,Yes,Yes,29,Two year,No,Yes,Bank transfer,No,24.9,794.13,No
CUST01453,Female,0,Yes,Yes,22,Two year,No,Yes,Mailed check,Yes,27.76,602.5,No
CUST01454,Male,0,No,Yes,15,Month-to-month,DSL,Yes,Credit card,Yes,80.32,1159.49,Yes
CUST01455,Male,0,No,No,54,Month-to-month,No,Yes,Bank transfer,No,28.16,1383.07,No
CUST01456,Male,0,Yes,No,17,One year,DSL,Yes,Credit card,Yes,74.98,1373.54,No
CUST01457,Female,0,No,Yes,16,One year,DSL,Yes,Credit card,No,65.93,1108.91,No
CUST01458,Female,0,No,No,51,One year,Fiber optic,Yes,Electronic check,Yes,63.38,3266.91,No
CUST01459,Female,0,No,No,44,Month-to-month,Fiber optic,Yes,Bank transfer,No,80.66,3498.56,No
CUST01460,Male,0,Yes,No,55,Month-to-month,No,Yes,Bank transfer,No,21.03,1188.55,No
CUST01461,Male,0,No,Yes,53,Month-to-month,Fiber optic,Yes,Electronic check,No,79.83,4184.55,No
CUST01462,Male,0,No,No,8,One year,Fiber optic,No,Electronic check,No,87.73,697.14,No
CUST01463,Male,0,Yes,No,16,Month-to-month,DSL,Yes,Mailed check,No,43.53,762.96,No
CUST01464,Male,0,Yes,No,26,One year,Fiber optic,Yes,Mailed check,Yes,94.97,2373.82,No
CUST01465,Male,1,No,No,36,Two year,DSL,Yes,Credit card,Yes,54.76,1981.72,No
CUST01466,Female,1,Yes,Yes,21,Month-to-month,DSL,Yes,Bank transfer,Yes,47.46,1102.9,No
CUST01467,Female,0,No,No,71,Month-to-month,Fiber optic,Yes,Mailed check,No,91.98,6687.08,Yes
CUST01468,Female,0,Yes,No,66,Month-to-month,No,Yes,Bank transfer,Yes,24.67,1532.92,No
CUST01469,Female,1,No,No,37,Month-to-month,Fiber optic,Yes,Bank transfer,Yes,118.9,4413.15,No
CUST01470,Male,0,Yes,No,71,Month-to-month,DSL,Yes,Credit card,No,60.84,4271.76,No
CUST01471,Male,0,Yes,No,43,Month-to-month,DSL,Yes,Credit card,No,74.63,3322.52,No
CUST01472,Female,1,Yes,No,35,Month-to-month,DSL,Yes,Bank transfer,No,71.31,2406.3,No
CUST01473,Male,0,No,No,24,Month-to-month,DSL,Yes,Mailed check,Yes,53.88,1348.2,No
CUST01474,Female,0,No,Yes,41,One year,Fiber optic,Yes,Bank transfer,No,83.21,3249.13,No
CUST01475,Female,0,Yes,No,12,Two year,Fiber optic,No,Bank transfer,Yes,77.21,971.83,No
CUST01476,Female,0,Yes,No,55,Month-to-month,DSL,Yes,Bank transfer,Yes,80.68,4510.02,No
CUST01477,Male,1,No,No,50,Two year,DSL,Yes,Bank transfer,Yes,69.92,3448.26,No
CUST01478,Female,0,Yes,No,49,Month-to-month,No,Yes,Bank transfer,Yes,40.56,1812.57,No
CUST01479,Female,0,No,No,51,Month-to-month,No,Yes,Electronic check,Yes,35.44,1890.86,No
CUST01480,Female,0,Yes,No,32,One year,DSL,Yes,Credit card,No,79.98,2405.3,No
CUST01481,Male,0,No,No,24,Month-to-month,Fiber optic,Yes,Electronic check,No,88.5,1971.22,Yes
CUST01482,Male,0,No,Yes,57,Month-to-month,Fiber optic,Yes,Credit card,Yes,64.99,3740.31,No
CUST01483,Female,0,No,Yes,39,Month-to-month,Fiber optic,Yes,Electronic check,No,66.03,2643.03,No
CUST01484,Male,1,No,Yes,37,Two year,No,Yes,Electronic check,No,18.0,677.1,No
CUST01485,Male,0,Yes,No,2,Month-to-month,Fiber optic,Yes,Electronic check,No,79.64,10.62,Yes
CUST01486,Male,0,Yes,Yes,15,Two year,Fiber optic,Yes,Electronic check,No,71.82,929.89,No
CUST01487,Male,0,No,No,1,One year,No,Yes,Electronic check,No,32.64,23.63,No
CUST01488,Male,0,No,Yes,22,Month-to-month,Fiber optic,Yes,Mailed check,No,93.98,2187.36,Yes
CUST01489,Male,0,No,No,29,Month-to-month,No,Yes,Mailed check,Yes,18.0,631.63,No
CUST01490,Male,0,No,No,9,Month-to-month,Fiber optic,Yes,Bank transfer,Yes,60.39,549.84,No
CUST01491,Male,0,No,No,64,Month-to-month,No,Yes,Electronic check,No,33.01,2080.36,Yes
CUST01492,Male,0,Yes,No,21,Month-to-month,No,Yes,Bank transfer,No,35.91,598.27,Yes
CUST01493,Male,0,Yes,No,51,Month-to-month,Fiber optic,Yes,Bank transfer,No,95.12,4817.54,Yes
CUST01494,Female,0,Yes,No,55,Month-to-month,DSL,Yes,Electronic check,No,67.92,3666.53,No
CUST01495,Female,0,Yes,No,32,Month-to-month,No,No,Mailed check,No,31.76,1114.14,No
CUST01496,Male,0,No,No,29,Month-to-month,No,Yes,Bank transfer,No,37.68,1094.31,Yes
CUST01497,Female,0,Yes,No,23,Month-to-month,Fiber optic,Yes,Bank transfer,Yes,46.63,1029.8,No
CUST01498,Female,0,Yes,No,4,Two year,DSL,Yes,Mailed check,No,65.79,241.74,No
CUST01499,Male,1,Yes,No,52,Month-to-month,No,Yes,Credit card,Yes,21.73,1121.53,No
CUST01500,Male,0,Yes,No,54,One year,Fiber optic,No,Electronic check,Yes,81.85,4453.96,No
CUST01501,Male,0,Yes,Yes,22,Two year,Fiber optic,Yes,Mailed check,Yes,79.81,1876.78,No
CUST01502,Female,0,No,Yes,9,Month-to-month,No,Yes,Bank transfer,No,25.83,152.8,No
CUST01503,Female,0,Yes,No,32,Month-to-month,Fiber optic,Yes,Credit card,No,67.5,2015.4,Yes
CUST01504,Male,0,No,No,61,Month-to-month,No,Yes,Mailed check,No,18.0,1007.91,Yes
CUST01505,Male,0,No,No,26,Two year,Fiber optic,Yes,Mailed check,Yes,83.74,2156.33,No
CUST01506,Male,0,No,No,6,One year,No,Yes,Credit card,No,18.0,68.77,No
CUST01507,Female,0,Yes,No,26,Month-to-month,Fiber optic,Yes,Mailed check,Yes,56.32,1371.67,No
CUST01508,Female,0,Yes,No,9,One year,No,Yes,Credit card,No,19.22,386.06,Yes
CUST01509,Female,0,Yes,No,56,One year,Fiber optic,Yes,Bank transfer,Yes,82.88,4730.15,No
CUST01510,Female,0,Yes,No,29,Month-to-month,Fiber optic,Yes,Electronic check,No,57.66,1608.68,No
CUST01511,Male,0,No,No,2,Two year,DSL,Yes,Electronic check,Yes,60.2,118.84,No
CUST01512,Male,0,No,Yes,28,One year,Fiber optic,Yes,Electronic check,No,66.91,1939.28,No
CUST01513,Male,0,No,Yes,13,Month-to-month,Fiber optic,Yes,Electronic check,Yes,70.47,961.87,Yes
CUST01514,Male,0,Yes,No,24,Two year,No,Yes,Mailed check,Yes,19.22,478.57,No
CUST01515,Female,0,No,No,9,Month-to-month,Fiber optic,Yes,Credit card,Yes,59.8,467.57,No
CUST01516,Female,1,Yes,No,48,One year,No,Yes,Mailed check,Yes,30.84,1535.13,No
CUST01517,Male,0,No,No,37,Month-to-month,Fiber optic,Yes,Bank transfer,Yes,70.98,2674.91,Yes
CUST01518,Male,0,No,No,70,Two year,DSL,Yes,Credit card,Yes,87.91,6156.55,No
CUST01519,Female,0,Yes,No,13,One year,DSL,Yes,Electronic check,Yes,53.92,662.88,No
CUST01520,Male,0,Yes,Yes,29,One year,DSL,Yes,Mailed check,Yes,50.49,1465.76,No
CUST01521,Female,0,No,No,39,Two year,DSL,Yes,Electronic check,No,54.76,2134.39,No
CUST01522,Male,0,Yes,No,11,Month-to-month,Fiber optic,Yes,Electronic check,No,60.85,476.8,No
CUST01523,Male,0,Yes,Yes,13,Month-to-month,Fiber optic,Yes,Bank transfer,No,87.33,1054.95,No
CUST01524,Male,0,Yes,No,0,Month-to-month,Fiber optic,Yes,Bank transfer,Yes,73.01,0.0,Yes
CUST01525,Male,0,Yes,No,67,Month-to-month,Fiber optic,Yes,Bank transfer,Yes,84.07,5586.99,No
CUST01526,Male,0,No,No,48,Month-to-month,Fiber optic,Yes,Mailed check,Yes,59.25,2738.49,No
CUST01527,Male,0,No,No,17,One year,DSL,No,Bank transfer,Yes,68.52,1038.84,Yes
CUST01528,Male,0,No,No,35,One year,DSL,Yes,Bank transfer,Yes,66.83,2338.54,Yes
CUST01529,Female,0,Yes,No,63,Month-to-month,Fiber optic,No,Electronic check,Yes,51.86,3341.85,No
CUST01530,Female,0,No,No,27,Two year,DSL,No,Mailed check,No,80.9,2120.98,Yes
CUST01531,Female,0,No,Yes,31,One year,Fiber optic,Yes,Mailed check,Yes,81.1,2572.45,No
CUST01532,Female,0,Yes,No,71,Two year,DSL,Yes,Credit card,Yes,67.8,4792.23,No
CUST01533,Female,0,Yes,No,24,Two year,Fiber optic,No,Credit card,No,80.07,2008.57,No
CUST01534,Male,0,No,No,46,Month-to-month,Fiber optic,Yes,Credit card,Yes,89.85,4158.27,Yes
CUST01535,Male,1,Yes,No,19,One year,Fiber optic,Yes,Electronic check,Yes,97.46,1820.27,Yes
CUST01536,Female,0,Yes,No,32,Month-to-month,DSL,Yes,Bank transfer,Yes,57.01,2018.81,No
CUST01537,Male,0,Yes,Yes,29,Two year,DSL,Yes,Credit card,Yes,68.39,1948.32,No
CUST01538,Female,0,Yes,No,36,One year,Fiber optic,Yes,Bank transfer,No,62.1,2246.8,No
CUST01539,Female,0,Yes,No,52,Month-to-month,No,Yes,Mailed check,No,18.0,1000.53,No
CUST01540,Male,1,Yes,No,68,Two year,DSL,Yes,Bank transfer,No,78.06,5240.49,No
CUST01541,Male,0,No,No,7,One year,DSL,Yes,Mailed check,Yes,39.87,178.48,No
CUST01542,Male,0,Yes,No,0,Two year,DSL,Yes,Bank transfer,No,89.42,24.24,Yes
CUST01543,Female,0,No,No,6,Month-to-month,Fiber optic,Yes,Bank transfer,No,71.16,454.57,Yes
CUST01544,Male,0,Yes,No,61,Two year,No,Yes,Credit card,Yes,20.38,1195.85,No
CUST01545,Female,1,No,No,57,One year,DSL,No,Bank transfer,Yes,53.58,3084.62,No
CUST01546,Female,0,No,No,72,One year,Fiber optic,Yes,Electronic check,No,72.57,5274.28,No
CUST01547,Female,1,No,No,7,Two year,Fiber optic,Yes,Credit card,No,75.62,455.2,No
CUST01548,Male,0,No,No,63,One year,No,Yes,Electronic check,Yes,30.35,1989.25,No
CUST01549,Male,0,No,Yes,7,One year,Fiber optic,No,Mailed check,Yes,87.62,532.27,No
CUST01550,Female,0,No,No,2,Month-to-month,DSL,Yes,Mailed check,Yes,69.75,201.1,No
CUST01551,Male,0,Yes,Yes,57,Two year,Fiber optic,Yes,Bank transfer,No,57.58,3416.51,No
CUST01552,Male,0,Yes,Yes,31,One year,No,Yes,Bank transfer,Yes,31.47,1004.08,No
CUST01553,Male,0,No,No,67,Two year,No,Yes,Credit card,No,24.67,1606.53,No
CUST01554,Female,0,Yes,Yes,48,Month-to-month,Fiber optic,Yes,Electronic check,No,67.75,3344.44,No
CUST01555,Female,0,No,No,37,Month-to-month,DSL,Yes,Mailed check,Yes,67.09,2486.02,No
CUST01556,Male,0,No,Yes,1,Month-to-month,Fiber optic,Yes,Electronic check,Yes,96.32,110.21,Yes
CUST01557,Female,0,Yes,No,8,Two year,No,Yes,Bank transfer,No,48.34,477.98,No
CUST01558,Male,0,No,Yes,45,Month-to-month,Fiber optic,Yes,Electronic check,Yes,96.46,4519.44,Yes
CUST01559,Male,0,Yes,Yes,64,Month-to-month,Fiber optic,Yes,Credit card,No,64.87,4215.55,No
CUST01560,Male,0,Yes,No,48,One year,DSL,Yes,Credit card,Yes,49.46,2412.86,No
CUST01561,Male,0,No,No,28,Month-to-month,DSL,Yes,Electronic check,No,73.82,2011.33,No
CUST01562,Female,1,Yes,No,28,Two year,Fiber optic,Yes,Bank transfer,Yes,97.98,2755.24,No
CUST01563,Female,0,No,Yes,32,Month-to-month,DSL,Yes,Mailed check,Yes,50.25,1684.79,No
CUST01564,Female,0,No,No,27,Two year,Fiber optic,Yes,Mailed check,No,100.43,2724.54,Yes
CUST01565,Male,0,Yes,No,25,Month-to-month,Fiber optic,Yes,Electronic check,No,84.19,2242.04,Yes
CUST01566,Male,0,No,Yes,28,Month-to-month,DSL,Yes,Bank transfer,Yes,68.96,2089.67,Yes
CUST01567,Male,1,No,No,10,Month-to-month,No,Yes,Electronic check,No,26.01,387.68,Yes
CUST01568,Female,0,Yes,No,33,One year,DSL,Yes,Electronic check,Yes,65.11,2215.88,No
CUST01569,Male,0,Yes,No,47,Month-to-month,Fiber optic,Yes,Credit card,Yes,75.1,3467.76,No
CUST01570,Female,0,No,No,26,Month-to-month,DSL,Yes,Mailed check,No,78.62,1991.94,Yes
CUST01571,Female,0,No,No,71,Two year,DSL,Yes,Credit card,Yes,48.36,3423.7,No
CUST01572,Female,0,Yes,No,39,Month-to-month,No,No,Bank transfer,No,18.14,622.11,No
CUST01573,Female,0,Yes,No,30,One year,Fiber optic,Yes,Mailed check,No,81.26,2434.33,No
CUST01574,Female,0,No,No,64,One year,DSL,Yes,Electronic check,Yes,58.11,3678.42,No
CUST01575,Female,1,No,No,38,Month-to-month,DSL,Yes,Electronic check,No,44.69,1735.22,No
CUST01576,Male,0,Yes,No,23,One year,No,Yes,Credit card,Yes,18.67,402.78,No
CUST01577,Male,0,No,No,67,One year,Fiber optic,Yes,Electronic check,No,77.48,5247.64,No
CUST01578,Female,0,Yes,No,22,Month-to-month,Fiber optic,Yes,Bank transfer,Yes,77.63,1622.85,No
CUST01579,Female,0,No,No,60,Month-to-month,DSL,Yes,Bank transfer,No,63.9,3721.07,No
CUST01580,Male,1,Yes,Yes,26,Two year,No,Yes,Electronic check,Yes,31.97,808.6,No
CUST01581,Female,0,Yes,No,15,Month-to-month,DSL,Yes,Bank transfer,Yes,56.17,915.19,No
CUST01582,Female,0,Yes,No,44,Month-to-month,DSL,Yes,Electronic check,Yes,66.1,2943.75,No
CUST01583,Male,0,No,No,26,One year,Fiber optic,No,Mailed check,Yes,72.8,1897.76,Yes
CUST01584,Female,0,No,No,72,Month-to-month,No,Yes,Mailed check,Yes,32.44,2412.98,No
CUST01585,Female,1,No,No,4,Two year,Fiber optic,No,Credit card,Yes,75.69,354.41,No
CUST01586,Female,0,No,No,58,Month-to-month,Fiber optic,Yes,Credit card,No,73.38,4383.58,No
CUST01587,Male,0,Yes,No,71,Month-to-month,Fiber optic,Yes,Electronic check,Yes,81.63,5775.47,No
CUST01588,Male,1,No,No,34,One year,DSL,Yes,Bank transfer,Yes,63.84,2220.44,No
CUST01589,Male,1,Yes,No,69,Month-to-month,No,Yes,Bank transfer,Yes,19.11,1399.94,Yes
CUST01590,Female,0,No,Yes,45,One year,No,Yes,Electronic check,Yes,24.95,1084.49,No
CUST01591,Female,0,Yes,No,55,Two year,DSL,Yes,Bank transfer,No,51.47,2875.74,No
CUST01592,Male,0,Yes,No,23,Month-to-month,Fiber optic,Yes,Electronic check,No,68.47,1666.43,No
CUST01593,Female,0,No,No,9,Month-to-month,No,Yes,Electronic check,No,30.94,315.21,Yes
CUST01594,Female,1,No,No,37,Month-to-month,Fiber optic,Yes,Credit card,No,46.86,1629.45,No
CUST01595,Female,0,No,Yes,69,Two year,Fiber optic,Yes,Mailed check,Yes,97.23,6777.83,No
CUST01596,Female,0,No,No,47,Month-to-month,DSL,Yes,Electronic check,Yes,78.02,3734.08,No
CUST01597,Female,0,Yes,No,8,Month-to-month,DSL,Yes,Mailed check,No,66.68,403.88,No
CUST01598,Male,0,No,No,49,One year,DSL,Yes,Mailed check,Yes,72.52,3575.09,No
CUST01599,Female,0,Yes,Yes,68,Month-to-month,Fiber optic,Yes,Bank transfer,Yes,70.81,4870.87,No
CUST01600,Male,0,No,No,47,Month-to-month,No,Yes,Credit card,No,18.0,930.97,No
CUST01601,Female,0,No,Yes,38,Two year,No,Yes,Mailed check,No,31.27,1170.64,No
CUST01602,Male,0,Yes,No,4,Month-to-month,DSL,Yes,Electronic check,Yes,63.81,275.22,No
CUST01603,Female,0,Yes,No,10,Month-to-month,Fiber optic,Yes,Bank transfer,No,112.0,969.45,Yes
CUST01604,Male,0,Yes,Yes,59,Month-to-month,No,Yes,Credit card,No,21.96,1377.35,No
CUST01605,Female,0,Yes,No,26,Two year,Fiber optic,Yes,Electronic check,No,89.21,2264.84,No
CUST01606,Male,0,Yes,No,6,Month-to-month,DSL,Yes,Credit card,No,74.49,493.25,No
CUST01607,Female,0,Yes,No,59,Month-to-month,Fiber optic,Yes,Mailed check,Yes,84.1,4872.93,No
CUST01608,Male,0,Yes,No,49,Month-to-month,Fiber optic,Yes,Credit card,Yes,55.75,2775.21,No
CUST01609,Female,0,No,No,66,Two year,DSL,Yes,Mailed check,Yes,57.15,3788.0,No
CUST01610,Male,0,No,No,68,Month-to-month,Fiber optic,Yes,Credit card,Yes,64.6,4378.23,No
CUST01611,Male,0,Yes,No,54,Month-to-month,Fiber optic,No,Mailed check,No,52.9,2623.08,No
CUST01612,Female,1,Yes,No,15,One year,Fiber optic,Yes,Electronic check,No,77.89,1089.64,No
CUST01613,Female,0,Yes,No,11,Month-to-month,Fiber optic,Yes,Electronic check,Yes,81.15,913.48,Yes
CUST01614,Male,0,No,Yes,26,Two year,No,Yes,Bank transfer,Yes,18.1,376.87,No
CUST01615,Female,1,No,No,32,One year,DSL,Yes,Bank transfer,No,61.96,1970.68,No
CUST01616,Male,0,No,No,54,Month-to-month,DSL,Yes,Electronic check,No,92.07,4919.76,No
CUST01617,Male,0,No,No,51,One year,Fiber optic,Yes,Credit card,No,65.45,3424.46,No
CUST01618,Male,0,No,Yes,36,Month-to-month,Fiber optic,Yes,Credit card,Yes,91.82,3168.58,No
CUST01619,Female,1,No,No,14,Month-to-month,No,No,Credit card,Yes,26.49,331.0,No
CUST01620,Male,0,Yes,Yes,64,One year,Fiber optic,Yes,Credit card,Yes,84.89,5417.77,No
CUST01621,Male,0,No,No,67,Month-to-month,Fiber optic,Yes,Mailed check,No,78.44,5354.9,No
CUST01622,Female,0,No,No,2,Month-to-month,Fiber optic,Yes,Bank transfer,Yes,102.79,246.62,No
CUST01623,Female,0,No,No,71,Month-to-month,DSL,Yes,Credit card,No,37.14,2713.25,No
CUST01624,Female,0,No,No,4,Two year,Fiber optic,Yes,Mailed check,No,79.78,287.89,Yes
CUST01625,Female,0,Yes,No,8,Two year,DSL,Yes,Bank transfer,Yes,55.12,434.96,No
CUST01626,Male,0,No,No,0,Month-to-month,Fiber optic,No,Mailed check,No,87.15,0.0,Yes
CUST01627,Male,0,Yes,Yes,29,Month-to-month,DSL,Yes,Credit card,Yes,60.04,1753.71,Yes
CUST01628,Male,0,Yes,No,70,Two year,No,Yes,Mailed check,Yes,23.72,1726.26,No
CUST01629,Male,0,Yes,No,19,Month-to-month,No,Yes,Electronic check,No,28.85,595.08,Yes
CUST01630,Female,1,No,No,26,Month-to-month,DSL,Yes,Bank transfer,No,40.26,1188.57,No
CUST01631,Male,0,No,No,62,One year,Fiber optic,Yes,Electronic check,Yes,57.61,3650.31,No
CUST01632,Male,0,No,No,30,Month-to-month,No,Yes,Credit card,No,18.0,548.25,No
CUST01633,Female,0,No,No,18,One year,Fiber optic,Yes,Credit card,Yes,79.17,1366.15,No
CUST01634,Male,0,Yes,Yes,61,Two year,No,Yes,Mailed check,Yes,18.0,1144.59,No
CUST01635,Male,0,No,No,6,Month-to-month,DSL,Yes,Mailed check,No,78.77,332.98,Yes
CUST01636,Male,0,No,Yes,36,One year,DSL,Yes,Electronic check,Yes,74.56,2628.21,No
CUST01637,Male,0,No,No,70,One year,Fiber optic,Yes,Electronic check,No,47.75,3356.16,No
CUST01638,Male,0,Yes,No,7,Two year,No,Yes,Electronic check,Yes,24.79,266.56,No
CUST01639,Male,0,No,No,56,Month-to-month,No,No,Bank transfer,No,29.59,1640.19,No
CUST01640,Female,1,No,No,27,Two year,No,Yes,Electronic check,Yes,28.09,785.87,No
CUST01641,Female,1,No,No,16,Month-to-month,Fiber optic,Yes,Electronic check,Yes,85.26,1322.43,No
CUST01642,Male,0,No,No,10,Month-to-month,Fiber optic,Yes,Electronic check,Yes,61.63,787.57,No
CUST01643,Male,0,No,No,14,Month-to-month,Fiber optic,Yes,Mailed check,No,65.88,1000.17,Yes
CUST01644,Female,0,No,No,29,Two year,Fiber optic,Yes,Mailed check,Yes,38.36,1131.88,No
CUST01645,Male,1,No,Yes,5,Month-to-month,No,Yes,Credit card,Yes,19.2,159.34,No
CUST01646,Male,0,No,Yes,11,Two year,DSL,Yes,Electronic check,No,52.29,538.5,No
CUST01647,Male,1,Yes,No,60,Month-to-month,DSL,No,Bank transfer,Yes,74.77,4455.95,No
CUST01648,Female,0,No,No,35,Two year,DSL,Yes,Credit card,Yes,61.29,2224.66,No
CUST01649,Male,1,No,No,34,Month-to-month,DSL,No,Credit card,Yes,51.33,1804.43,Yes
CUST01650,Female,0,No,No,66,Month-to-month,DSL,No,Electronic check,No,83.94,5587.19,No
CUST01651,Male,0,No,Yes,62,One year,Fiber optic,Yes,Electronic check,No,95.38,5814.35,No
CUST01652,Female,0,Yes,No,39,Month-to-month,DSL,Yes,Electronic check,Yes,75.81,3011.71,No
CUST01653,Female,0,Yes,No,30,Month-to-month,No,Yes,Mailed check,Yes,18.0,612.6,No
CUST01654,Male,0,No,No,36,One year,Fiber optic,Yes,Mailed check,Yes,85.62,3145.54,No
CUST01655,Female,0,No,No,4,Month-to-month,Fiber optic,Yes,Mailed check,Yes,70.36,359.34,Yes
CUST01656,Male,0,Yes,No,3,One year,DSL,Yes,Mailed check,Yes,54.88,193.87,No
CUST01657,Female,0,Yes,No,25,Month-to-month,Fiber optic,Yes,Bank transfer,Yes,82.77,2192.29,No
CUST01658,Male,0,Yes,Yes,23,Month-to-month,Fiber optic,Yes,Bank transfer,No,92.55,2232.4,No
CUST01659,Male,0,Yes,No,38,Two year,DSL,Yes,Mailed check,No,55.44,2121.52,No
CUST01660,Female,0,Yes,Yes,55,Month-to-month,Fiber optic,Yes,Electronic check,No,110.11,5972.9,No
CUST01661,Male,0,Yes,Yes,53,Two year,Fiber optic,Yes,Mailed check,No,81.36,4338.43,No
CUST01662,Male,1,Yes,Yes,37,Month-to-month,DSL,Yes,Electronic check,Yes,71.32,2634.4,No
CUST01663,Female,0,Yes,Yes,53,Month-to-month,DSL,Yes,Electronic check,Yes,71.65,3886.57,No
CUST01664,Male,0,Yes,No,18,Month-to-month,Fiber optic,Yes,Electronic check,Yes,65.94,1131.82,No
CUST01665,Male,0,No,Yes,25,Month-to-month,No,Yes,Credit card,No,30.27,646.99,No
CUST01666,Female,0,Yes,Yes,51,Month-to-month,Fiber optic,Yes,Credit card,Yes,62.64,3038.17,No
CUST01667,Female,0,Yes,No,60,Month-to-month,No,Yes,Credit card,No,30.06,1906.45,Yes
CUST01668,Male,0,Yes,No,66,Month-to-month,Fiber optic,Yes,Credit card,No,68.06,4600.26,No
CUST01669,Male,0,Yes,No,21,Month-to-month,No,Yes,Credit card,No,29.62,785.98,No
CUST01670,Female,0,Yes,No,16,Two year,No,Yes,Electronic check,No,18.0,455.76,No
CUST01671,Female,0,Yes,No,10,Month-to-month,DSL,Yes,Electronic check,Yes,75.84,891.13,Yes
CUST01672,Male,1,No,No,38,One year,DSL,Yes,Electronic check,No,63.47,2477.72,No
CUST01673,Female,1,No,Yes,60,Month-to-month,DSL,Yes,Credit card,No,84.59,5042.5,No
CUST01674,Male,0,No,No,48,Two year,DSL,Yes,Credit card,No,77.9,3690.41,No
CUST01675,Male,0,No,Yes,60,Month-to-month,Fiber optic,Yes,Electronic check,Yes,73.34,4403.87,No
CUST01676,Male,0,Yes,Yes,11,Month-to-month,Fiber optic,Yes,Credit card,No,44.33,570.98,No
CUST01677,Male,0,No,No,12,Month-to-month,No,Yes,Electronic check,Yes,27.94,256.39,Yes
CUST01678,Male,0,Yes,No,57,Month-to-month,Fiber optic,Yes,Bank transfer,No,55.61,3084.88,No
CUST01679,Female,0,No,No,10,Two year,Fiber optic,Yes,Bank transfer,Yes,71.22,758.24,Yes
CUST01680,Female,1,Yes,No,63,Month-to-month,Fiber optic,Yes,Electronic check,No,68.01,4204.59,No
CUST01681,Female,1,No,No,30,Two year,Fiber optic,Yes,Bank transfer,Yes,93.32,2670.75,No
CUST01682,Female,0,No,No,10,Two year,Fiber optic,Yes,Mailed check,No,65.97,649.27,No
CUST01683,Male,0,Yes,Yes,42,Month-to-month,Fiber optic,Yes,Bank transfer,Yes,113.48,4829.7,Yes
CUST01684,Male,0,No,No,35,Month-to-month,Fiber optic,Yes,Mailed check,No,67.94,2319.26,No
CUST01685,Male,0,Yes,No,1,Two year,DSL,Yes,Credit card,Yes,54.45,0.0,Yes
CUST01686,Male,0,No,Yes,60,Month-to-month,Fiber optic,No,Bank transfer,No,83.02,4883.59,No
CUST01687,Female,0,No,No,35,Two year,Fiber optic,Yes,Electronic check,Yes,70.08,2461.41,No
CUST01688,Male,1,Yes,No,48,Two year,DSL,Yes,Bank transfer,No,71.15,3405.41,No
CUST01689,Male,0,Yes,Yes,26,Two year,Fiber optic,Yes,Mailed check,Yes,48.2,1207.58,No
CUST01690,Female,0,Yes,No,11,One year,DSL,Yes,Electronic check,No,61.61,648.75,No
CUST01691,Female,0,No,No,57,Two year,DSL,Yes,Mailed check,No,53.4,3073.0,No
CUST01692,Female,0,Yes,Yes,5,One year,DSL,Yes,Mailed check,No,74.73,376.78,No
CUST01693,Female,0,No,No,43,Month-to-month,DSL,Yes,Credit card,Yes,50.72,2130.27,No
CUST01694,Male,0,No,No,46,Month-to-month,DSL,Yes,Electronic check,No,55.18,2630.05,Yes
CUST01695,Male,0,Yes,No,22,Two year,No,Yes,Mailed check,Yes,33.87,849.19,No
CUST01696,Female,0,No,Yes,25,Two year,DSL,No,Electronic check,No,60.95,1453.69,No
CUST01697,Male,0,No,No,6,Month-to-month,DSL,Yes,Credit card,Yes,37.69,126.83,No
CUST01698,Male,1,Yes,No,31,Month-to-month,Fiber optic,Yes,Mailed check,Yes,104.59,3236.49,Yes
CUST01699,Male,0,Yes,No,32,Month-to-month,Fiber optic,Yes,Credit card,Yes,62.54,2038.31,Yes
CUST01700,Female,0,No,No,19,Two year,DSL,Yes,Bank transfer,Yes,48.15,915.64,No
CUST01701,Male,0,Yes,No,68,Month-to-month,Fiber optic,Yes,Electronic check,Yes,69.24,4884.73,No
CUST01702,Female,0,Yes,Yes,51,One year,DSL,Yes,Bank transfer,Yes,90.96,4654.8,No
CUST01703,Male,0,Yes,Yes,41,Two year,Fiber optic,Yes,Mailed check,Yes,82.28,3390.12,No
CUST01704,Male,1,No,No,0,Month-to-month,Fiber optic,Yes,Mailed check,No,71.13,45.53,Yes
CUST01705,Male,1,No,No,62,Two year,DSL,Yes,Bank transfer,No,58.3,3630.31,No
CUST01706,Female,0,No,No,6,Two year,No,No,Bank transfer,Yes,20.19,135.58,No
CUST01707,Male,0,Yes,No,57,Two year,DSL,Yes,Bank transfer,Yes,80.68,4483.27,No
CUST01708,Female,0,No,No,49,Month-to-month,No,Yes,Mailed check,Yes,18.78,892.01,No
CUST01709,Female,0,No,Yes,33,Month-to-month,Fiber optic,Yes,Electronic check,Yes,85.73,2810.25,No
CUST01710,Female,0,Yes,No,50,One year,DSL,Yes,Credit card,Yes,61.63,3126.06,No
CUST01711,Male,0,Yes,Yes,9,Month-to-month,DSL,Yes,Mailed check,Yes,75.88,790.48,Yes
CUST01712,Male,0,No,Yes,25,Month-to-month,No,Yes,Bank transfer,Yes,30.17,774.06,Yes
CUST01713,Male,0,No,No,31,Two year,Fiber optic,Yes,Electronic check,Yes,94.82,2895.38,Yes
CUST01714,Male,0,No,No,41,One year,DSL,Yes,Bank transfer,Yes,67.19,2638.26,No
CUST01715,Female,1,No,Yes,61,Month-to-month,DSL,Yes,Credit card,Yes,56.19,3568.9,No
CUST01716,Female,0,No,No,11,Month-to-month,No,Yes,Mailed check,Yes,32.16,323.22,No
CUST01717,Female,0,Yes,Yes,39,One year,Fiber optic,Yes,Mailed check,Yes,93.07,3702.96,No
CUST01718,Male,0,No,No,33,Two year,DSL,Yes,Credit card,Yes,72.07,2406.3,Yes
CUST01719,Female,0,No,Yes,69,Month-to-month,No,Yes,Credit card,No,21.55,1583.8,No
CUST01720,Male,0,No,No,26,Month-to-month,Fiber optic,Yes,Credit card,Yes,80.11,1953.07,No
CUST01721,Female,0,Yes,No,7,One year,Fiber optic,Yes,Electronic check,Yes,58.38,319.31,No
CUST01722,Male,1,No,No,46,Month-to-month,Fiber optic,Yes,Mailed check,Yes,70.2,3163.5,Yes
CUST01723,Male,0,No,Yes,25,Month-to-month,No,Yes,Mailed check,Yes,19.12,652.21,No
CUST01724,Female,0,Yes,Yes,56,Month-to-month,DSL,Yes,Mailed check,No,71.0,3895.09,No
CUST01725,Female,0,Yes,No,6,Month-to-month,No,Yes,Credit card,Yes,27.61,125.07,No
CUST01726,Female,0,No,No,25,Month-to-month,No,Yes,Electronic check,Yes,32.69,786.69,No
CUST01727,Female,0,Yes,Yes,58,Two year,DSL,Yes,Credit card,No,72.63,4286.59,No
CUST01728,Male,1,No,No,68,Month-to-month,Fiber optic,Yes,Bank transfer,Yes,86.87,6090.67,No
CUST01729,Female,0,No,No,46,Two year,No,Yes,Mailed check,Yes,27.46,1340.15,No
CUST01730,Female,0,Yes,No,34,Two year,Fiber optic,Yes,Mailed check,No,98.83,3353.94,No
CUST01731,Female,0,No,Yes,29,One year,Fiber optic,Yes,Mailed check,No,57.74,1542.59,No
CUST01732,Male,0,No,No,49,Month-to-month,Fiber optic,Yes,Credit card,No,100.63,4995.63,No
CUST01733,Male,1,No,No,23,Two year,Fiber optic,Yes,Mailed check,Yes,87.86,2049.31,No
CUST01734,Female,1,Yes,Yes,29,Two year,Fiber optic,Yes,Bank transfer,Yes,93.15,2726.15,No
CUST01735,Male,0,No,No,53,Month-to-month,Fiber optic,Yes,Mailed check,Yes,71.14,3791.02,No
CUST01736,Female,0,Yes,No,66,Month-to-month,Fiber optic,Yes,Electronic check,Yes,67.37,4482.77,No
CUST01737,Male,0,Yes,No,31,Month-to-month,Fiber optic,Yes,Mailed check,No,80.3,2623.61,No
CUST01738,Male,0,Yes,No,7,Month-to-month,DSL,Yes,Bank transfer,No,62.9,308.81,No
CUST01739,Male,1,Yes,Yes,49,Month-to-month,Fiber optic,Yes,Credit card,Yes,72.89,3625.32,No
CUST01740,Male,0,Yes,No,46,Month-to-month,DSL,Yes,Bank transfer,Yes,70.34,3267.69,No
CUST01741,Female,0,No,Yes,45,Month-to-month,Fiber optic,Yes,Mailed check,Yes,72.53,3302.5,No
CUST01742,Female,0,No,Yes,34,Month-to-month,DSL,No,Bank transfer,Yes,63.49,2068.38,No
CUST01743,Female,0,Yes,No,60,Two year,Fiber optic,Yes,Mailed check,No,55.59,3246.73,No
CUST01744,Male,0,Yes,No,50,Two year,Fiber optic,No,Bank transfer,No,87.2,4343.81,No
CUST01745,Female,0,No,No,62,Two year,Fiber optic,Yes,Mailed check,No,82.7,5164.64,No
CUST01746,Female,0,Yes,Yes,7,Month-to-month,DSL,Yes,Bank transfer,No,60.16,476.28,No
CUST01747,Female,0,No,No,33,One year,DSL,Yes,Electronic check,No,73.76,2480.44,No
CUST01748,Male,0,No,Yes,24,Two year,No,Yes,Mailed check,Yes,18.0,548.09,Yes
CUST01749,Male,0,No,Yes,43,One year,No,Yes,Credit card,No,23.01,1018.15,No
CUST01750,Male,0,Yes,No,42,Month-to-month,DSL,Yes,Electronic check,Yes,59.58,2475.46,No
CUST01751,Female,0,Yes,No,49,Month-to-month,No,Yes,Mailed check,Yes,25.31,1434.6,Yes
CUST01752,Female,0,Yes,Yes,12,Two year,DSL,Yes,Credit card,Yes,78.56,965.59,No
CUST01753,Female,1,Yes,Yes,45,Month-to-month,Fiber optic,No,Electronic check,Yes,68.94,3127.56,No
CUST01754,Male,0,Yes,Yes,52,Month-to-month,Fiber optic,Yes,Electronic check,Yes,86.44,4456.19,No
CUST01755,Male,0,No,No,62,Month-to-month,DSL,Yes,Bank transfer,No,72.36,4477.54,No
CUST01756,Female,0,No,No,1,Two year,DSL,Yes,Credit card,No,59.18,52.08,No
CUST01757,Male,0,No,Yes,39,Month-to-month,Fiber optic,Yes,Bank transfer,Yes,63.88,2576.7,No
CUST01758,Male,0,No,No,22,One year,DSL,Yes,Electronic check,No,71.28,1589.45,No
CUST01759,Male,0,Yes,Yes,58,Month-to-month,Fiber optic,Yes,Credit card,Yes,100.6,5880.27,Yes
CUST01760,Male,0,No,Yes,68,Month-to-month,Fiber optic,Yes,Mailed check,Yes,99.95,6715.78,No
CUST01761,Female,0,Yes,No,33,Month-to-month,DSL,Yes,Bank transfer,Yes,64.26,2104.61,Yes
CUST01762,Male,0,Yes,No,26,Month-to-month,No,Yes,Electronic check,Yes,18.0,609.02,No
CUST01763,Male,0,No,Yes,54,Two year,DSL,No,Mailed check,Yes,42.39,2327.96,No
CUST01764,Male,0,No,Yes,3,Two year,DSL,Yes,Credit card,No,58.68,155.0,No
CUST01765,Male,0,No,Yes,67,Month-to-month,Fiber optic,No,Credit card,No,80.93,5410.36,No
CUST01766,Female,0,Yes,No,71,Month-to-month,No,Yes,Electronic check,Yes,33.2,2215.76,No
CUST01767,Female,0,Yes,Yes,69,Month-to-month,Fiber optic,Yes,Electronic check,No,102.97,7085.79,No
CUST01768,Male,0,Yes,No,26,Two year,DSL,Yes,Credit card,Yes,64.88,1777.5,No
CUST01769,Male,1,Yes,No,46,Month-to-month,No,Yes,Electronic check,Yes,18.0,729.17,No
CUST01770,Male,0,Yes,Yes,39,Month-to-month,Fiber optic,No,Electronic check,No,85.42,3399.8,No
CUST01771,Male,0,No,No,26,Month-to-month,Fiber optic,No,Mailed check,Yes,89.73,2405.23,No
CUST01772,Male,0,No,Yes,6,Month-to-month,No,Yes,Electronic check,Yes,18.0,101.6,Yes
CUST01773,Male,0,Yes,No,22,Month-to-month,DSL,Yes,Electronic check,Yes,73.86,1643.35,No
CUST01774,Female,0,No,No,63,One year,Fiber optic,Yes,Credit card,Yes,74.21,4786.96,No
CUST01775,Male,0,Yes,No,28,Month-to-month,No,Yes,Electronic check,Yes,33.76,832.83,No
CUST01776,Female,0,No,Yes,60,Two year,DSL,Yes,Electronic check,No,76.79,4664.04,No
CUST01777,Female,1,Yes,No,43,Two year,Fiber optic,Yes,Mailed check,No,73.44,1921.385,No
CUST01778,Male,0,No,Yes,68,Month-to-month,DSL,Yes,Mailed check,No,50.28,3490.25,No
CUST01779,Female,0,No,No,26,Month-to-month,No,Yes,Mailed check,Yes,35.38,836.05,No
CUST01780,Female,0,No,No,11,One year,Fiber optic,Yes,Credit card,Yes,75.66,934.5,Yes
CUST01781,Female,0,Yes,No,16,One year,DSL,Yes,Electronic check,Yes,56.92,880.16,No
CUST01782,Female,0,No,No,36,Month-to-month,DSL,Yes,Credit card,Yes,74.65,2557.9,No
CUST01783,Female,0,Yes,No,33,Month-to-month,Fiber optic,No,Bank transfer,No,86.33,2831.09,No
CUST01784,Female,0,Yes,No,35,Two year,Fiber optic,Yes,Bank transfer,Yes,73.51,2499.32,No
CUST01785,Male,1,Yes,No,5,Month-to-month,Fiber optic,Yes,Electronic check,Yes,79.91,482.41,No
CUST01786,Female,0,No,No,31,One year,DSL,Yes,Electronic check,Yes,81.84,2654.25,No
CUST01787,Female,0,No,No,72,One year,Fiber optic,Yes,Electronic check,No,108.11,7735.19,No
CUST01788,Female,1,Yes,No,21,Month-to-month,DSL,Yes,Bank transfer,Yes,67.48,1451.29,No
CUST01789,Male,0,No,Yes,9,Two year,No,Yes,Electronic check,Yes,21.74,227.76,No
CUST01790,Female,0,No,Yes,28,Two year,Fiber optic,Yes,Mailed check,Yes,43.47,1176.36,No
CUST01791,Male,1,No,No,10,Month-to-month,Fiber optic,Yes,Bank transfer,No,84.27,836.34,No
CUST01792,Female,0,Yes,No,65,Two year,Fiber optic,Yes,Mailed check,No,73.18,4718.43,No
CUST01793,Male,1,No,No,55,Month-to-month,Fiber optic,Yes,Electronic check,Yes,84.55,4609.85,Yes
CUST01794,Male,0,No,Yes,57,Two year,No,No,Electronic check,No,18.0,1094.67,No
CUST01795,Female,0,Yes,No,51,One year,Fiber optic,No,Credit card,No,79.44,4052.07,No
CUST01796,Female,1,No,Yes,60,One year,Fiber optic,Yes,Electronic check,No,82.34,5008.8,No
CUST01797,Male,0,Yes,No,16,Month-to-month,Fiber optic,Yes,Mailed check,No,91.76,1591.96,No
CUST01798,Female,0,Yes,No,29,Month-to-month,Fiber optic,Yes,Electronic check,Yes,76.44,2232.92,Yes
CUST01799,Male,0,Yes,Yes,71,Two year,DSL,Yes,Bank transfer,No,58.92,4102.86,No
CUST01800,Male,1,Yes,No,36,Month-to-month,No,Yes,Mailed check,No,27.0,1003.22,No
CUST01801,Male,0,No,No,4,One year,Fiber optic,Yes,Mailed check,Yes,82.17,353.27,No
CUST01802,Male,0,Yes,No,25,Two year,DSL,Yes,Bank transfer,Yes,67.62,1658.96,No
CUST01803,Male,0,No,Yes,69,Month-to-month,DSL,Yes,Bank transfer,Yes,41.47,2920.83,No
CUST01804,Female,0,Yes,Yes,0,Month-to-month,Fiber optic,Yes,Bank transfer,Yes,76.29,0.0,No
CUST01805,Male,0,No,Yes,8,Two year,DSL,Yes,Bank transfer,No,62.22,470.87,No
CUST01806,Male,0,No,Yes,70,Two year,No,No,Mailed check,No,21.6,1464.59,No
CUST01807,Female,0,No,Yes,63,Month-to-month,No,Yes,Electronic check,No,20.87,1330.7,No
CUST01808,Male,0,No,Yes,23,One year,DSL,Yes,Electronic check,No,66.01,1537.94,No
CUST01809,Female,0,No,No,4,Two year,DSL,Yes,Bank transfer,No,84.34,361.09,Yes
CUST01810,Female,0,Yes,No,50,Month-to-month,DSL,No,Electronic check,Yes,74.72,3796.23,Yes
CUST01811,Female,0,No,No,37,Month-to-month,DSL,Yes,Mailed check,Yes,75.3,2805.85,No
CUST01812,Male,1,No,No,28,Month-to-month,DSL,Yes,Electronic check,No,49.36,1330.1,No
CUST01813,Male,0,No,No,45,Month-to-month,No,Yes,Electronic check,Yes,18.0,814.04,No
CUST01814,Male,0,No,No,51,One year,Fiber optic,Yes,Electronic check,No,88.76,4439.13,No
CUST01815,Female,0,No,Yes,45,One year,Fiber optic,Yes,Electronic check,No,91.62,4229.69,No
CUST01816,Male,0,Yes,Yes,67,Month-to-month,DSL,Yes,Electronic check,Yes,66.73,4341.95,Yes
CUST01817,Female,0,No,No,58,Two year,No,Yes,Mailed check,Yes,20.93,1218.67,No
CUST01818,Male,0,Yes,No,9,Month-to-month,No,Yes,Bank transfer,No,29.07,282.37,No
CUST01819,Female,0,Yes,No,3,Month-to-month,Fiber optic,Yes,Electronic check,Yes,71.54,299.5,Yes
CUST01820,Male,1,No,No,51,Month-to-month,DSL,Yes,Bank transfer,Yes,46.04,2296.01,No
CUST01821,Male,0,Yes,Yes,17,Two year,No,Yes,Mailed check,Yes,19.62,370.04,No
CUST01822,Male,0,Yes,No,50,Month-to-month,DSL,Yes,Electronic check,Yes,63.47,3031.45,No
CUST01823,Female,0,No,No,22,Month-to-month,Fiber optic,Yes,Electronic check,Yes,73.23,1657.63,No
CUST01824,Female,1,No,No,24,Two year,Fiber optic,Yes,Electronic check,No,98.65,2385.29,No
CUST01825,Male,0,No,No,59,Two year,No,Yes,Bank transfer,Yes,19.65,1102.73,No
CUST01826,Male,0,No,No,36,Month-to-month,Fiber optic,No,Mailed check,Yes,89.77,3204.16,Yes
CUST01827,Female,0,No,Yes,67,Month-to-month,No,Yes,Bank transfer,Yes,18.0,1232.75,No
CUST01828,Female,0,Yes,Yes,17,One year,No,Yes,Mailed check,Yes,19.58,336.19,No
CUST01829,Female,0,No,No,28,One year,DSL,Yes,Credit card,Yes,71.08,2003.2,Yes
CUST01830,Male,0,Yes,No,29,Two year,Fiber optic,Yes,Electronic check,No,94.42,2739.71,Yes
CUST01831,Female,1,Yes,Yes,6,Month-to-month,DSL,No,Credit card,No,60.69,369.82,No
CUST01832,Male,1,No,Yes,40,Month-to-month,No,Yes,Mailed check,Yes,36.57,1555.69,Yes
CUST01833,Female,0,No,No,36,One year,DSL,Yes,Bank transfer,Yes,66.41,2451.12,No
CUST01834,Male,1,Yes,No,26,One year,DSL,Yes,Electronic check,Yes,55.37,1461.19,No
CUST01835,Female,0,Yes,No,20,One year,Fiber optic,Yes,Mailed check,Yes,96.99,1957.11,No
CUST01836,Female,0,No,No,42,Two year,Fiber optic,Yes,Bank transfer,Yes,106.17,4438.31,No
CUST01837,Female,0,No,No,50,One year,DSL,Yes,Mailed check,Yes,61.39,3199.01,No
CUST01838,Female,0,No,Yes,70,Month-to-month,Fiber optic,Yes,Mailed check,Yes,82.28,5710.7,No
CUST01839,Female,1,Yes,Yes,12,One year,No,Yes,Credit card,Yes,25.82,192.83,No
CUST01840,Male,0,No,No,52,Month-to-month,Fiber optic,Yes,Electronic check,No,98.57,5041.95,Yes
CUST01841,Female,0,Yes,No,62,Month-to-month,Fiber optic,Yes,Mailed check,No,93.47,5644.98,No
CUST01842,Female,0,Yes,No,56,Two year,DSL,Yes,Credit card,Yes,58.63,3353.36,No
CUST01843,Female,0,No,No,24,One year,DSL,Yes,Credit card,No,69.89,1559.2,Yes
CUST01844,Male,0,No,No,12,Month-to-month,Fiber optic,Yes,Electronic check,No,90.9,1183.02,No
CUST01845,Female,0,Yes,No,36,Month-to-month,Fiber optic,Yes,Credit card,No,105.42,3752.59,No
CUST01846,Male,0,Yes,Yes,29,Month-to-month,Fiber optic,No,Electronic check,Yes,72.77,1989.28,No
CUST01847,Female,1,No,No,11,Month-to-month,Fiber optic,Yes,Credit card,Yes,88.76,966.0,No
CUST01848,Female,0,Yes,No,64,One year,Fiber optic,No,Electronic check,Yes,72.85,4795.45,No
CUST01849,Male,0,Yes,No,17,One year,Fiber optic,Yes,Bank transfer,Yes,82.2,1366.72,Yes
CUST01850,Female,1,Yes,No,61,Month-to-month,DSL,Yes,Electronic check,Yes,64.44,4109.7,No
CUST01851,Male,0,Yes,No,23,Month-to-month,No,Yes,Bank transfer,No,38.12,761.97,No
CUST01852,Male,0,Yes,Yes,59,Month-to-month,DSL,Yes,Mailed check,Yes,65.41,3878.72,No
CUST01853,Female,0,No,No,16,Month-to-month,Fiber optic,Yes,Credit card,Yes,83.84,1379.4,Yes
CUST01854,Male,0,No,No,59,Month-to-month,DSL,Yes,Mailed check,Yes,48.76,2944.01,No
CUST01855,Female,0,No,No,8,Two year,Fiber optic,Yes,Credit card,No,67.73,614.12,No
CUST01856,Female,0,No,No,51,Two year,Fiber optic,Yes,Bank transfer,No,102.05,5207.84,Yes
CUST01857,Male,0,No,No,14,Two year,Fiber optic,Yes,Bank transfer,Yes,90.66,1366.48,No
CUST01858,Male,0,No,No,27,One year,Fiber optic,Yes,Bank transfer,Yes,70.35,1849.61,No
CUST01859,Male,0,No,No,8,One year,Fiber optic,Yes,Electronic check,No,69.79,513.89,Yes
CUST01860,Male,0,Yes,No,55,Month-to-month,No,Yes,Bank transfer,Yes,18.0,970.69,No
CUST01861,Female,0,No,Yes,35,Month-to-month,DSL,Yes,Credit card,Yes,55.93,1934.09,No
CUST01862,Female,0,Yes,No,55,One year,No,Yes,Credit card,Yes,40.68,2253.84,No
CUST01863,Male,0,No,No,70,Month-to-month,Fiber optic,Yes,Mailed check,No,80.06,5655.94,No
CUST01864,Female,0,No,No,19,One year,Fiber optic,Yes,Electronic check,Yes,73.51,1386.92,No
CUST01865,Female,0,No,No,54,Month-to-month,No,Yes,Bank transfer,Yes,33.86,1780.51,No
CUST01866,Female,1,No,Yes,59,Two year,DSL,Yes,Bank transfer,Yes,76.33,4562.76,No
CUST01867,Female,0,Yes,No,34,Month-to-month,DSL,Yes,Electronic check,No,79.08,2733.39,No
CUST01868,Male,0,Yes,No,0,Month-to-month,Fiber optic,Yes,Electronic check,Yes,84.48,0.0,Yes
CUST01869,Male,0,Yes,No,44,Two year,Fiber optic,Yes,Bank transfer,No,95.42,4083.1,No
CUST01870,Female,1,Yes,No,68,Month-to-month,No,Yes,Mailed check,Yes,27.69,1954.25,No
CUST01871,Male,0,Yes,No,39,Two year,Fiber optic,Yes,Bank transfer,No,77.18,3035.38,No
CUST01872,Male,0,Yes,No,37,Month-to-month,No,Yes,Credit card,Yes,33.67,1123.74,No
CUST01873,Male,1,Yes,Yes,23,One year,No,Yes,Bank transfer,Yes,30.28,750.51,No
CUST01874,Female,0,No,No,3,Month-to-month,Fiber optic,Yes,Credit card,Yes,84.74,260.11,No
CUST01875,Female,0,Yes,No,68,Month-to-month,Fiber optic,Yes,Mailed check,Yes,102.16,6994.2,No
CUST01876,Female,0,Yes,No,12,One year,DSL,Yes,Electronic check,No,59.96,700.03,Yes
CUST01877,Male,0,Yes,Yes,20,Month-to-month,Fiber optic,No,Mailed check,Yes,102.21,1988.3,No
CUST01878,Female,0,No,Yes,31,Month-to-month,DSL,Yes,Credit card,Yes,68.55,2283.13,No
CUST01879,Female,0,Yes,Yes,37,Two year,Fiber optic,Yes,Electronic check,Yes,82.82,3149.25,No
CUST01880,Male,0,No,No,31,Two year,No,Yes,Mailed check,No,26.87,856.72,No
CUST01881,Female,0,Yes,Yes,56,Month-to-month,Fiber optic,Yes,Bank transfer,No,85.57,4768.39,No
CUST01882,Female,0,No,No,47,Month-to-month,Fiber optic,Yes,Electronic check,No,65.37,3190.42,No
CUST01883,Male,0,No,No,29,One year,No,Yes,Bank transfer,No,38.19,1317.91,No
CUST01884,Male,0,Yes,No,70,Two year,Fiber optic,Yes,Electronic check,No,78.73,5453.97,No
CUST01885,Male,0,Yes,No,37,Two year,Fiber optic,Yes,Electronic check,Yes,89.16,3304.26,No
CUST01886,Female,0,Yes,No,43,Month-to-month,Fiber optic,Yes,Bank transfer,No,69.21,2955.95,No
CUST01887,Female,1,No,No,25,One year,DSL,Yes,Electronic check,No,66.16,1666.07,No
CUST01888,Female,0,Yes,Yes,1,Month-to-month,Fiber optic,Yes,Bank transfer,No,80.71,270.5,Yes
CUST01889,Male,0,No,No,42,Month-to-month,Fiber optic,Yes,Credit card,Yes,82.46,3385.01,No
CUST01890,Male,0,No,No,42,Month-to-month,Fiber optic,Yes,Mailed check,Yes,91.03,3815.95,No
CUST01891,Female,0,No,Yes,62,Month-to-month,Fiber optic,Yes,Credit card,Yes,73.33,4428.25,Yes
CUST01892,Female,0,Yes,No,72,Month-to-month,DSL,Yes,Credit card,Yes,68.02,4977.74,No
CUST01893,Male,0,Yes,No,57,Month-to-month,No,Yes,Electronic check,Yes,31.58,1718.25,No
CUST01894,Male,0,No,No,47,Two year,Fiber optic,Yes,Mailed check,No,56.5,2583.93,No
CUST01895,Male,0,No,No,4,One year,No,Yes,Credit card,No,23.17,98.59,Yes
CUST01896,Male,0,No,No,34,Month-to-month,Fiber optic,Yes,Electronic check,Yes,87.3,2886.29,Yes
CUST01897,Female,0,No,No,15,Two year,DSL,Yes,Mailed check,Yes,60.79,934.34,No
CUST01898,Male,1,No,No,48,Two year,Fiber optic,Yes,Mailed check,No,60.58,3017.45,No
CUST01899,Female,0,No,No,59,Month-to-month,Fiber optic,Yes,Credit card,Yes,65.69,3992.56,No
CUST01900,Female,0,No,No,50,Month-to-month,Fiber optic,Yes,Electronic check,No,104.47,5286.99,No
CUST01901,Female,0,Yes,No,58,Month-to-month,No,No,Electronic check,Yes,31.28,1832.73,No
CUST01902,Male,0,No,No,63,Month-to-month,DSL,Yes,Electronic check,No,66.61,4241.92,No
CUST01903,Male,0,Yes,Yes,12,Month-to-month,Fiber optic,Yes,Electronic check,No,119.37,1279.26,Yes
CUST01904,Male,0,Yes,No,25,Month-to-month,DSL,Yes,Electronic check,No,67.72,1564.94,Yes
CUST01905,Male,0,No,No,69,Month-to-month,No,Yes,Mailed check,Yes,28.41,1994.29,Yes
CUST01906,Female,0,Yes,Yes,2,Month-to-month,DSL,Yes,Bank transfer,Yes,77.78,44.96,No
CUST01907,Male,0,Yes,Yes,11,Month-to-month,DSL,Yes,Mailed check,Yes,63.39,595.16,No
CUST01908,Male,0,Yes,Yes,40,Month-to-month,DSL,Yes,Mailed check,No,54.44,2147.26,No
CUST01909,Female,1,No,No,64,Month-to-month,Fiber optic,Yes,Credit card,No,87.81,5703.79,No
CUST01910,Male,0,No,No,62,Month-to-month,Fiber optic,Yes,Mailed check,Yes,102.4,6231.89,No
CUST01911,Female,0,No,Yes,49,Month-to-month,Fiber optic,Yes,Bank transfer,Yes,69.11,3500.52,No
CUST01912,Female,0,Yes,No,46,Two year,DSL,Yes,Mailed check,Yes,73.9,3324.69,No
CUST01913,Female,0,Yes,No,7,One year,DSL,Yes,Bank transfer,Yes,35.15,169.15,No
CUST01914,Female,1,Yes,Yes,30,Month-to-month,Fiber optic,Yes,Electronic check,Yes,64.44,2006.14,No
CUST01915,Female,0,Yes,Yes,10,Two year,Fiber optic,Yes,Credit card,No,82.62,775.48,Yes
CUST01916,Female,0,No,No,16,One year,Fiber optic,No,Credit card,Yes,97.22,1625.27,No
CUST01917,Female,0,Yes,Yes,26,Month-to-month,Fiber optic,Yes,Mailed check,No,58.22,1400.31,No
CUST01918,Female,0,Yes,Yes,26,Month-to-month,No,Yes,Mailed check,Yes,29.6,790.61,No
CUST01919,Male,0,Yes,No,55,Month-to-month,DSL,Yes,Credit card,Yes,50.15,2623.96,No
CUST01920,Male,0,Yes,No,68,Month-to-month,Fiber optic,Yes,Mailed check,No,93.84,6259.25,No
CUST01921,Male,1,Yes,No,46,Month-to-month,DSL,Yes,Mailed check,No,84.34,3911.65,No
CUST01922,Male,0,No,No,18,Month-to-month,Fiber optic,Yes,Bank transfer,Yes,124.98,2331.76,No
CUST01923,Female,0,No,No,56,Two year,Fiber optic,No,Mailed check,Yes,86.38,4857.65,No
CUST01924,Male,0,No,Yes,30,Month-to-month,Fiber optic,Yes,Mailed check,Yes,83.29,2538.62,No
CUST01925,Female,0,No,Yes,15,Month-to-month,No,Yes,Electronic check,No,23.91,343.11,No
CUST01926,Male,0,Yes,No,44,Month-to-month,Fiber optic,Yes,Electronic check,Yes,68.55,2980.92,No
CUST01927,Male,0,No,No,26,Two year,Fiber optic,Yes,Mailed check,Yes,75.93,1949.67,No
CUST01928,Male,1,No,No,60,Month-to-month,No,No,Electronic check,Yes,29.08,1807.03,Yes
CUST01929,Female,0,Yes,Yes,25,Month-to-month,Fiber optic,Yes,Electronic check,Yes,89.04,2202.17,No
CUST01930,Male,0,No,Yes,28,Month-to-month,Fiber optic,Yes,Mailed check,Yes,94.68,1921.385,No
CUST01931,Female,0,No,Yes,43,Month-to-month,No,Yes,Electronic check,Yes,26.98,1067.0,No
CUST01932,Female,0,Yes,No,28,Month-to-month,No,Yes,Electronic check,Yes,27.48,862.16,No
CUST01933,Male,0,No,Yes,1,One year,No,Yes,Electronic check,Yes,18.0,54.5,Yes
CUST01934,Male,0,No,No,5,Month-to-month,Fiber optic,Yes,Mailed check,Yes,91.38,540.91,Yes
CUST01935,Male,0,No,No,8,Month-to-month,Fiber optic,No,Electronic check,Yes,67.47,514.36,No
CUST01936,Female,0,No,Yes,14,Month-to-month,No,Yes,Bank transfer,Yes,19.28,369.33,No
CUST01937,Male,1,Yes,Yes,57,Two year,DSL,Yes,Mailed check,No,55.96,3084.21,No
CUST01938,Female,1,Yes,No,1,Month-to-month,No,Yes,Electronic check,Yes,19.95,0.0,Yes
CUST01939,Female,0,No,Yes,2,Two year,No,Yes,Electronic check,No,18.39,12.74,No
CUST01940,Male,0,No,Yes,51,Month-to-month,No,Yes,Credit card,No,24.9,1245.83,No
CUST01941,Male,0,No,Yes,54,Month-to-month,DSL,Yes,Electronic check,No,53.56,2941.35,No
CUST01942,Female,0,Yes,No,52,Two year,No,Yes,Bank transfer,No,18.0,973.0,No
CUST01943,Female,0,Yes,No,71,Month-to-month,Fiber optic,No,Electronic check,Yes,65.8,4545.64,No
CUST01944,Female,0,Yes,Yes,39,Month-to-month,Fiber optic,Yes,Electronic check,No,94.2,3667.23,No
CUST01945,Male,0,Yes,No,38,Month-to-month,No,Yes,Electronic check,Yes,30.76,1265.94,Yes
CUST01946,Female,0,Yes,No,42,Month-to-month,Fiber optic,Yes,Mailed check,No,77.82,3257.91,No
CUST01947,Male,0,Yes,No,12,Month-to-month,DSL,No,Mailed check,Yes,75.83,831.45,No
CUST01948,Female,0,Yes,Yes,36,Month-to-month,Fiber optic,No,Bank transfer,No,88.12,3093.96,No
CUST01949,Female,0,Yes,No,54,Month-to-month,DSL,Yes,Credit card,Yes,64.8,3486.26,No
CUST01950,Male,0,Yes,No,31,Month-to-month,Fiber optic,Yes,Mailed check,Yes,85.5,2691.36,No
CUST01951,Female,0,No,No,13,One year,Fiber optic,Yes,Credit card,Yes,65.16,1005.54,Yes
CUST01952,Male,0,No,No,64,Month-to-month,Fiber optic,Yes,Electronic check,Yes,74.13,4666.44,Yes
CUST01953,Male,1,Yes,No,26,One year,DSL,Yes,Mailed check,No,79.16,2022.35,No
CUST01954,Female,0,No,No,23,Month-to-month,DSL,Yes,Credit card,Yes,61.76,1535.23,No
CUST01955,Male,0,No,No,21,One year,Fiber optic,Yes,Mailed check,No,94.9,1997.91,No
CUST01956,Male,0,No,No,44,One year,Fiber optic,Yes,Mailed check,No,79.97,3703.58,No
CUST01957,Female,1,Yes,No,7,One year,Fiber optic,Yes,Mailed check,Yes,76.78,537.96,No
CUST01958,Male,0,Yes,Yes,66,One year,Fiber optic,Yes,Electronic check,Yes,61.43,4117.18,No
CUST01959,Male,0,No,Yes,63,Month-to-month,Fiber optic,Yes,Electronic check,No,64.16,3982.86,No
CUST01960,Male,1,Yes,No,46,Month-to-month,No,Yes,Electronic check,No,25.56,903.06,No
CUST01961,Female,0,No,No,20,One year,DSL,Yes,Electronic check,Yes,82.42,1648.96,No
CUST01962,Male,1,No,No,31,Month-to-month,DSL,Yes,Electronic check,No,76.9,2299.99,No
CUST01963,Female,1,No,No,44,Month-to-month,DSL,Yes,Electronic check,No,73.28,3131.43,No
CUST01964,Female,1,Yes,Yes,43,Month-to-month,DSL,Yes,Bank transfer,Yes,70.22,3055.29,No
CUST01965,Male,0,Yes,No,40,Month-to-month,No,Yes,Electronic check,Yes,24.27,964.88,No
CUST01966,Male,0,Yes,Yes,51,One year,No,Yes,Mailed check,No,25.38,1311.52,No
CUST01967,Male,0,No,No,10,Month-to-month,No,Yes,Electronic check,Yes,31.32,181.69,Yes
CUST01968,Female,0,Yes,No,17,Month-to-month,Fiber optic,Yes,Electronic check,Yes,89.49,1481.5,Yes
CUST01969,Male,0,No,Yes,10,Two year,Fiber optic,Yes,Credit card,Yes,62.38,742.72,No
CUST01970,Male,0,Yes,Yes,26,Month-to-month,Fiber optic,No,Electronic check,No,81.93,2033.36,Yes
CUST01971,Male,0,Yes,Yes,42,Month-to-month,Fiber optic,Yes,Credit card,No,115.77,4785.26,No
CUST01972,Male,0,Yes,Yes,64,Two year,No,Yes,Bank transfer,Yes,46.02,3023.74,No
CUST01973,Male,0,No,No,53,Month-to-month,DSL,No,Credit card,No,74.92,3987.19,No
CUST01974,Female,0,No,Yes,28,Two year,DSL,Yes,Bank transfer,No,62.44,1751.02,No
CUST01975,Female,0,Yes,Yes,20,Month-to-month,No,Yes,Credit card,No,24.09,501.79,Yes
CUST01976,Male,0,No,Yes,28,Month-to-month,No,Yes,Electronic check,No,22.54,549.73,No
CUST01977,Male,0,No,No,8,Month-to-month,No,Yes,Credit card,Yes,32.46,159.28,No
CUST01978,Male,0,No,No,60,Month-to-month,Fiber optic,Yes,Mailed check,No,80.21,4689.67,No
CUST01979,Male,0,No,Yes,61,Two year,No,Yes,Mailed check,No,31.55,2040.7,No
CUST01980,Female,0,Yes,No,70,Two year,DSL,Yes,Electronic check,No,47.72,3215.07,No
CUST01981,Male,0,Yes,No,4,One year,DSL,Yes,Electronic check,Yes,62.48,254.52,No
CUST01982,Female,0,No,No,14,Month-to-month,Fiber optic,Yes,Bank transfer,Yes,50.62,665.42,No
CUST01983,Female,0,Yes,No,56,Two year,No,Yes,Bank transfer,Yes,31.13,1832.97,No
CUST01984,Male,1,Yes,Yes,4,One year,DSL,Yes,Mailed check,No,57.79,232.34,No
CUST01985,Female,0,Yes,No,19,Month-to-month,Fiber optic,Yes,Electronic check,No,99.99,1796.85,No
CUST01986,Female,0,No,No,3,Two year,Fiber optic,Yes,Electronic check,Yes,82.32,268.87,Yes
CUST01987,Female,0,Yes,No,55,Two year,Fiber optic,Yes,Electronic check,Yes,91.04,5031.51,No
CUST01988,Female,0,No,Yes,33,One year,DSL,Yes,Electronic check,No,66.98,2143.82,No
CUST01989,Male,0,Yes,No,39,Month-to-month,DSL,Yes,Mailed check,No,57.66,2224.1,No
CUST01990,Male,0,No,No,68,Two year,No,Yes,Bank transfer,Yes,32.92,2313.33,No
CUST01991,Female,0,Yes,Yes,67,Month-to-month,Fiber optic,Yes,Mailed check,No,58.11,3999.94,No
CUST01992,Male,0,No,Yes,21,One year,Fiber optic,Yes,Electronic check,Yes,87.6,1842.68,No
CUST01993,Male,0,No,No,13,Month-to-month,Fiber optic,Yes,Credit card,No,76.72,1102.93,Yes
CUST01994,Male,0,No,No,67,Two year,DSL,Yes,Electronic check,Yes,58.33,3934.12,No
CUST01995,Male,0,Yes,No,7,Month-to-month,DSL,Yes,Bank transfer,Yes,49.73,319.57,No
CUST01996,Male,1,No,No,66,Month-to-month,DSL,Yes,Electronic check,No,48.3,3201.69,No
CUST01997,Female,0,Yes,No,45,Month-to-month,DSL,Yes,Bank transfer,Yes,75.88,3348.93,No
CUST01998,Male,0,Yes,Yes,28,Month-to-month,DSL,Yes,Electronic check,Yes,69.71,1911.04,No
CUST01999,Male,0,No,No,11,Two year,Fiber optic,Yes,Bank transfer,Yes,63.99,776.32,No
CUST02000,Male,0,No,No,51,Two year,No,Yes,Bank transfer,Yes,24.48,1073.66,No
CUST02001,Male,0,No,No,57,Month-to-month,No,Yes,Mailed check,No,24.92,1387.06,No
CUST02002,Female,0,No,Yes,1,Month-to-month,No,Yes,Electronic check,No,31.1,34.99,No
CUST02003,Female,0,Yes,Yes,0,Month-to-month,Fiber optic,Yes,Mailed check,Yes,118.39,67.36,Yes
CUST02004,Female,0,No,Yes,54,Month-to-month,DSL,No,Credit card,Yes,76.59,4114.88,Yes
CUST02005,Female,0,Yes,No,33,Two year,Fiber optic,No,Electronic check,Yes,93.4,3143.27,Yes
CUST02006,Male,0,No,No,63,One year,DSL,Yes,Bank transfer,No,64.14,4054.42,No
CUST02007,Female,1,No,Yes,67,Month-to-month,Fiber optic,Yes,Electronic check,Yes,94.5,6226.59,Yes
CUST02008,Male,0,No,No,11,Month-to-month,DSL,Yes,Electronic check,No,44.09,444.29,No
CUST02009,Male,0,Yes,No,49,One year,DSL,Yes,Bank transfer,Yes,68.84,3366.97,No
CUST02010,Male,0,No,No,20,Month-to-month,DSL,Yes,Mailed check,Yes,72.05,1462.59,No
CUST02011,Male,0,Yes,No,9,Month-to-month,No,Yes,Bank transfer,Yes,30.57,241.44,Yes
CUST02012,Male,1,Yes,Yes,69,Month-to-month,No,No,Credit card,Yes,33.69,2268.65,No
CUST02013,Female,0,Yes,Yes,13,Month-to-month,DSL,Yes,Credit card,Yes,39.48,559.08,No
CUST02014,Female,0,No,No,39,Month-to-month,Fiber optic,Yes,Credit card,Yes,91.66,3551.73,Yes
CUST02015,Female,0,Yes,No,29,Two year,DSL,Yes,Mailed check,Yes,47.11,1391.09,No
CUST02016,Female,0,Yes,Yes,72,Month-to-month,DSL,Yes,Mailed check,Yes,66.99,4866.85,Yes
CUST02017,Male,0,Yes,No,13,Two year,DSL,Yes,Electronic check,Yes,65.15,959.36,No
CUST02018,Female,0,Yes,No,51,Month-to-month,Fiber optic,Yes,Bank transfer,No,98.89,5077.3,No
CUST02019,Male,0,No,No,16,One year,Fiber optic,Yes,Mailed check,Yes,85.55,1416.51,No
CUST02020,Female,1,No,Yes,61,Month-to-month,Fiber optic,Yes,Credit card,No,81.21,4987.26,Yes
CUST02021,Male,0,Yes,No,21,Month-to-month,No,Yes,Mailed check,Yes,18.0,384.86,No
CUST02022,Male,0,No,No,52,Month-to-month,Fiber optic,Yes,Electronic check,No,92.11,4695.84,Yes
CUST02023,Female,0,No,No,31,One year,No,Yes,Bank transfer,No,27.99,835.09,No
CUST02024,Male,0,No,No,54,One year,Fiber optic,Yes,Electronic check,Yes,74.01,3896.49,No
CUST02025,Male,0,No,No,21,Two year,No,Yes,Electronic check,Yes,21.29,377.3,No
CUST02026,Female,0,Yes,No,37,Month-to-month,Fiber optic,No,Bank transfer,Yes,66.47,2422.11,No
CUST02027,Male,0,No,No,49,Month-to-month,Fiber optic,Yes,Electronic check,Yes,69.32,3452.22,No
CUST02028,Female,0,Yes,No,65,Month-to-month,Fiber optic,Yes,Bank transfer,No,78.85,5094.41,No
CUST02029,Female,1,Yes,No,44,Month-to-month,DSL,Yes,Electronic check,No,54.94,2349.67,No
CUST02030,Female,0,No,Yes,7,Month-to-month,DSL,Yes,Bank transfer,No,88.47,584.74,Yes
CUST02031,Male,0,No,No,64,Two year,DSL,Yes,Bank transfer,Yes,57.29,3770.13,No
CUST02032,Male,0,Yes,No,39,Month-to-month,Fiber optic,Yes,Bank transfer,Yes,101.18,3845.16,No
CUST02033,Male,1,Yes,No,4,Two year,DSL,Yes,Credit card,No,61.43,285.15,No
CUST02034,Female,0,No,No,44,Month-to-month,Fiber optic,Yes,Electronic check,No,76.09,3392.26,No
CUST02035,Male,0,No,Yes,45,Month-to-month,No,Yes,Bank transfer,Yes,18.0,885.35,No
CUST02036,Female,0,No,No,35,One year,No,Yes,Electronic check,Yes,26.35,861.01,No
CUST02037,Female,1,Yes,No,16,Month-to-month,Fiber optic,No,Credit card,No,86.34,1306.08,Yes
CUST02038,Male,1,No,No,40,Two year,DSL,Yes,Credit card,Yes,67.04,2602.78,No
CUST02039,Female,0,Yes,No,29,Two year,DSL,Yes,Bank transfer,No,59.48,1762.56,No
CUST02040,Male,0,Yes,No,51,One year,DSL,Yes,Electronic check,Yes,57.26,2922.95,No
CUST02041,Male,0,Yes,No,19,Two year,Fiber optic,Yes,Electronic check,No,86.02,1551.45,No
CUST02042,Male,0,No,No,35,Month-to-month,No,No,Mailed check,Yes,22.33,693.16,No
CUST02043,Male,0,No,No,65,Month-to-month,DSL,No,Electronic check,No,53.84,3444.6,No
CUST02044,Male,0,No,No,44,Two year,Fiber optic,Yes,Mailed check,Yes,61.18,2648.26,No
CUST02045,Female,1,No,No,3,Month-to-month,Fiber optic,Yes,Mailed check,No,98.27,235.23,Yes
CUST02046,Female,0,Yes,No,49,Month-to-month,DSL,Yes,Electronic check,No,76.51,3745.49,No
CUST02047,Female,0,Yes,No,54,Month-to-month,No,No,Credit card,Yes,18.0,963.41,No
CUST02048,Male,0,Yes,No,58,Month-to-month,Fiber optic,Yes,Credit card,No,82.7,4690.73,Yes
CUST02049,Male,0,No,Yes,41,One year,No,Yes,Credit card,Yes,46.53,1862.66,No
CUST02050,Male,0,No,Yes,1,Month-to-month,Fiber optic,Yes,Electronic check,No,60.6,135.63,No
CUST02051,Female,0,No,No,45,Month-to-month,DSL,Yes,Mailed check,No,54.34,2475.67,Yes
CUST02052,Male,0,No,No,1,Month-to-month,DSL,Yes,Electronic check,No,52.96,0.0,No
CUST02053,Female,1,No,No,49,Month-to-month,DSL,Yes,Bank transfer,Yes,45.24,2267.66,No
CUST02054,Female,0,No,No,0,Two year,Fiber optic,No,Credit card,No,71.79,88.3,Yes
CUST02055,Male,0,No,No,12,One year,No,No,Bank transfer,Yes,18.0,204.95,No
CUST02056,Male,0,No,No,69,Month-to-month,Fiber optic,Yes,Mailed check,Yes,53.18,3772.5,Yes
CUST02057,Female,0,No,No,21,Month-to-month,Fiber optic,No,Bank transfer,No,89.89,1955.62,No
CUST02058,Male,0,No,No,16,Month-to-month,Fiber optic,Yes,Electronic check,No,78.88,1307.37,Yes
CUST02059,Female,0,No,No,58,Month-to-month,Fiber optic,Yes,Electronic check,No,88.55,5088.74,Yes
CUST02060,Male,0,Yes,Yes,69,One year,DSL,Yes,Electronic check,Yes,74.95,5035.26,No
CUST02061,Male,0,Yes,No,2,Month-to-month,DSL,Yes,Mailed check,Yes,52.2,3.24,No
CUST02062,Female,0,Yes,Yes,69,Month-to-month,DSL,Yes,Credit card,No,78.85,5322.95,No
CUST02063,Male,0,Yes,No,48,One year,Fiber optic,Yes,Credit card,No,58.94,2890.33,No
CUST02064,Female,0,No,Yes,49,One year,Fiber optic,No,Electronic check,Yes,94.47,4600.92,No
CUST02065,Male,1,Yes,No,34,One year,DSL,Yes,Electronic check,No,73.84,2495.2,No
CUST02066,Female,0,Yes,Yes,22,One year,No,Yes,Mailed check,Yes,34.87,894.51,No
CUST02067,Female,0,Yes,Yes,71,Month-to-month,DSL,Yes,Credit card,Yes,73.95,5130.52,No
CUST02068,Male,1,No,No,6,Month-to-month,DSL,Yes,Electronic check,No,67.93,447.25,No
CUST02069,Female,0,Yes,Yes,49,Month-to-month,Fiber optic,Yes,Credit card,Yes,88.91,4332.89,Yes
CUST02070,Male,0,Yes,Yes,9,Month-to-month,Fiber optic,Yes,Electronic check,No,64.36,427.24,Yes
CUST02071,Male,1,Yes,No,54,Month-to-month,No,No,Credit card,Yes,31.96,1745.17,No
CUST02072,Male,0,Yes,Yes,18,Two year,Fiber optic,Yes,Credit card,Yes,107.39,1843.47,No
CUST02073,Female,1,No,Yes,22,One year,DSL,Yes,Credit card,Yes,85.89,1721.07,No
CUST02074,Female,1,Yes,Yes,63,Month-to-month,No,Yes,Credit card,No,21.57,1187.62,Yes
CUST02075,Male,0,No,No,32,Month-to-month,No,Yes,Electronic check,Yes,20.13,575.29,No
CUST02076,Male,0,No,No,65,One year,No,No,Bank transfer,No,33.88,2151.16,No
CUST02077,Female,0,No,No,8,Month-to-month,No,Yes,Bank transfer,Yes,31.38,233.79,No
CUST02078,Male,0,Yes,No,28,Month-to-month,DSL,Yes,Credit card,Yes,76.61,1971.34,No
CUST02079,Male,0,Yes,Yes,17,One year,No,Yes,Mailed check,Yes,24.25,356.63,Yes
CUST02080,Female,0,Yes,No,70,Month-to-month,No,No,Mailed check,Yes,25.24,1800.13,No
CUST02081,Male,0,Yes,No,28,Month-to-month,Fiber optic,Yes,Bank transfer,Yes,68.6,1943.12,No
CUST02082,Female,0,No,No,60,Month-to-month,Fiber optic,Yes,Electronic check,Yes,80.52,4735.11,No
CUST02083,Male,0,Yes,No,4,Two year,Fiber optic,Yes,Credit card,Yes,66.51,377.64,No
CUST02084,Female,0,Yes,No,68,Two year,DSL,Yes,Electronic check,Yes,66.21,4380.65,No
CUST02085,Male,0,No,Yes,55,Two year,Fiber optic,Yes,Electronic check,Yes,37.74,1932.47,No
CUST02086,Male,0,No,No,51,Month-to-month,No,No,Mailed check,Yes,22.61,1160.24,No
CUST02087,Female,1,Yes,No,14,Two year,Fiber optic,Yes,Credit card,No,81.52,1065.37,Yes
CUST02088,Male,1,Yes,No,19,Two year,Fiber optic,Yes,Bank transfer,No,79.81,1560.21,No
CUST02089,Female,0,Yes,No,72,Month-to-month,Fiber optic,Yes,Credit card,Yes,94.55,6725.58,No
CUST02090,Male,1,No,Yes,15,Month-to-month,DSL,Yes,Electronic check,Yes,55.95,879.38,Yes
CUST02091,Female,0,No,No,24,One year,Fiber optic,Yes,Mailed check,No,77.91,1987.75,No
CUST02092,Female,0,No,Yes,56,Two year,Fiber optic,Yes,Mailed check,No,101.39,5743.61,No
CUST02093,Female,0,No,Yes,20,Two year,DSL,Yes,Electronic check,No,64.2,1238.52,No
CUST02094,Female,0,No,No,4,Month-to-month,No,Yes,Electronic check,No,18.0,23.05,No
CUST02095,Male,1,Yes,No,8,Two year,No,Yes,Electronic check,No,29.92,187.5,No
CUST02096,Male,0,Yes,No,10,Month-to-month,DSL,Yes,Mailed check,Yes,60.55,636.83,No
CUST02097,Female,0,No,No,64,Month-to-month,Fiber optic,No,Credit card,Yes,52.84,3337.93,No
CUST02098,Female,0,No,No,62,Two year,Fiber optic,Yes,Bank transfer,Yes,77.81,4746.14,No
CUST02099,Female,0,Yes,Yes,25,Two year,Fiber optic,Yes,Mailed check,Yes,69.97,1758.17,No
CUST02100,Male,0,No,No,18,One year,Fiber optic,Yes,Electronic check,No,61.44,1191.16,No
CUST02101,Male,0,No,No,15,Two year,Fiber optic,Yes,Electronic check,No,100.37,1527.18,Yes
CUST02102,Male,0,Yes,No,55,One year,DSL,Yes,Electronic check,No,69.09,3900.52,No
CUST02103,Male,0,No,No,67,Month-to-month,DSL,Yes,Mailed check,Yes,99.39,6644.48,No
CUST02104,Female,0,Yes,No,29,Two year,DSL,No,Mailed check,No,56.58,1632.9,Yes
CUST02105,Female,0,No,No,6,Two year,Fiber optic,Yes,Electronic check,No,75.14,465.63,No
CUST02106,Female,0,Yes,No,11,Month-to-month,DSL,Yes,Credit card,No,54.76,678.38,Yes
CUST02107,Male,0,No,No,23,Month-to-month,Fiber optic,Yes,Mailed check,No,87.09,2015.57,Yes
CUST02108,Male,0,No,No,21,Month-to-month,DSL,Yes,Electronic check,Yes,95.72,1915.43,Yes
CUST02109,Male,0,Yes,No,46,Two year,Fiber optic,Yes,Mailed check,Yes,73.17,3527.29,No
CUST02110,Female,0,No,No,29,Two year,DSL,Yes,Electronic check,Yes,78.41,2392.66,No
CUST02111,Female,0,No,No,59,Two year,DSL,Yes,Mailed check,Yes,39.0,2347.32,No
CUST02112,Male,1,No,No,38,Month-to-month,No,Yes,Electronic check,No,41.38,1516.79,No
CUST02113,Female,0,Yes,No,19,One year,Fiber optic,Yes,Electronic check,Yes,81.53,1513.94,No
CUST02114,Male,0,No,No,25,Two year,Fiber optic,Yes,Mailed check,No,73.61,1888.65,No
CUST02115,Male,1,Yes,No,48,Month-to-month,Fiber optic,Yes,Mailed check,No,91.83,4341.75,No
CUST02116,Female,0,Yes,No,68,One year,No,Yes,Electronic check,No,25.9,1734.92,No
CUST02117,Male,0,Yes,No,41,Month-to-month,Fiber optic,Yes,Credit card,No,83.62,3370.55,No
CUST02118,Female,0,Yes,No,5,One year,DSL,Yes,Electronic check,No,69.09,352.67,No
CUST02119,Male,0,No,No,52,One year,No,Yes,Bank transfer,No,19.71,1056.13,No
CUST02120,Female,0,Yes,Yes,33,Two year,DSL,Yes,Electronic check,No,64.53,2188.86,No
CUST02121,Female,1,Yes,Yes,68,Month-to-month,No,Yes,Electronic check,No,19.31,1219.27,No
CUST02122,Female,0,No,No,9,Month-to-month,Fiber optic,Yes,Electronic check,No,80.39,676.44,Yes
CUST02123,Male,0,No,No,27,Two year,DSL,Yes,Electronic check,No,81.83,2152.99,No
CUST02124,Male,1,No,No,2,Month-to-month,No,No,Credit card,Yes,29.0,3.42,Yes
CUST02125,Female,1,Yes,Yes,47,Month-to-month,DSL,Yes,Electronic check,No,59.99,2825.63,No
CUST02126,Female,0,No,Yes,65,Month-to-month,DSL,Yes,Mailed check,No,70.53,4533.47,No
CUST02127,Male,0,Yes,No,34,Month-to-month,Fiber optic,Yes,Bank transfer,Yes,98.61,3255.98,No
CUST02128,Male,0,No,Yes,51,Two year,Fiber optic,Yes,Electronic check,No,76.73,3927.81,No
CUST02129,Male,0,No,No,61,One year,DSL,Yes,Electronic check,Yes,50.82,2922.59,No
CUST02130,Female,0,No,No,51,One year,Fiber optic,Yes,Bank transfer,Yes,67.44,3394.27,No
CUST02131,Male,1,Yes,No,46,One year,No,Yes,Electronic check,No,22.66,1127.89,No
CUST02132,Male,0,Yes,Yes,53,Month-to-month,DSL,Yes,Credit card,Yes,60.99,3340.46,No
CUST02133,Female,0,Yes,Yes,27,Month-to-month,Fiber optic,No,Mailed check,Yes,63.93,1773.66,No
CUST02134,Male,0,Yes,No,22,Two year,No,Yes,Bank transfer,No,18.0,363.31,No
CUST02135,Male,0,Yes,Yes,34,Month-to-month,No,Yes,Credit card,Yes,18.0,665.78,No
CUST02136,Male,0,No,No,31,Month-to-month,DSL,No,Credit card,Yes,56.42,1917.09,Yes
CUST02137,Female,0,Yes,No,1,One year,Fiber optic,No,Credit card,Yes,70.88,98.31,No
CUST02138,Female,0,No,Yes,15,Month-to-month,No,Yes,Mailed check,No,18.0,335.4,Yes
CUST02139,Female,0,Yes,Yes,15,Month-to-month,No,Yes,Electronic check,Yes,31.01,624.78,Yes
CUST02140,Female,0,Yes,Yes,50,Month-to-month,DSL,No,Credit card,Yes,65.03,3302.19,No
CUST02141,Female,0,No,No,66,Two year,DSL,Yes,Electronic check,Yes,67.05,4366.36,No
CUST02142,Female,0,No,Yes,53,Month-to-month,DSL,Yes,Credit card,Yes,52.86,2655.13,No
CUST02143,Female,0,Yes,No,19,Month-to-month,Fiber optic,Yes,Bank transfer,No,91.76,1800.12,No
CUST02144,Male,0,Yes,No,32,One year,DSL,Yes,Credit card,No,51.33,1575.77,No
CUST02145,Male,0,No,No,7,Two year,No,Yes,Mailed check,No,34.11,275.59,Yes
CUST02146,Female,0,Yes,Yes,23,Month-to-month,DSL,Yes,Electronic check,No,56.93,1215.01,No
CUST02147,Male,0,Yes,No,52,Month-to-month,No,Yes,Bank transfer,No,18.0,894.35,No
CUST02148,Male,0,No,No,63,Month-to-month,DSL,Yes,Credit card,Yes,90.79,5783.28,Yes
CUST02149,Female,0,Yes,No,57,Month-to-month,Fiber optic,Yes,Credit card,Yes,105.15,5829.64,No
CUST02150,Male,1,Yes,No,36,One year,Fiber optic,Yes,Credit card,Yes,91.51,3480.28,Yes
CUST02151,Male,0,No,No,11,Month-to-month,Fiber optic,Yes,Bank transfer,No,86.82,846.93,No
CUST02152,Male,0,No,No,3,Month-to-month,Fiber optic,Yes,Electronic check,No,68.58,161.39,Yes
CUST02153,Male,0,Yes,No,30,One year,Fiber optic,No,Credit card,Yes,73.6,2186.68,No
CUST02154,Male,0,No,No,37,One year,DSL,Yes,Electronic check,No,83.49,3065.14,No
CUST02155,Female,1,Yes,No,36,Two year,DSL,Yes,Electronic check,No,75.03,2633.52,No
CUST02156,Female,0,No,Yes,13,One year,Fiber optic,Yes,Bank transfer,No,97.14,1393.46,No
CUST02157,Female,0,No,No,72,Month-to-month,DSL,Yes,Bank transfer,Yes,79.83,5700.24,No
CUST02158,Male,0,Yes,No,23,Two year,DSL,Yes,Electronic check,No,60.65,1477.31,No
CUST02159,Female,0,Yes,Yes,9,Month-to-month,DSL,No,Electronic check,Yes,85.75,690.17,Yes
CUST02160,Male,0,Yes,No,37,Month-to-month,Fiber optic,Yes,Credit card,Yes,71.55,2525.38,No
CUST02161,Male,0,No,Yes,42,Two year,Fiber optic,Yes,Credit card,Yes,90.91,3879.67,No
CUST02162,Male,0,No,Yes,36,Month-to-month,DSL,Yes,Electronic check,Yes,72.02,2690.74,Yes
CUST02163,Male,0,Yes,No,41,Month-to-month,DSL,Yes,Bank transfer,Yes,61.27,2520.68,No
CUST02164,Female,1,Yes,No,31,Two year,Fiber optic,Yes,Mailed check,No,102.61,3372.14,No
CUST02165,Female,1,Yes,No,13,One year,Fiber optic,Yes,Mailed check,No,99.51,1275.94,Yes
CUST02166,Male,0,Yes,No,3,Two year,Fiber optic,No,Credit card,Yes,66.54,218.53,No
CUST02167,Female,0,Yes,Yes,23,Two year,No,Yes,Mailed check,Yes,27.39,579.76,No
CUST02168,Male,0,No,No,9,Month-to-month,Fiber optic,Yes,Bank transfer,Yes,87.78,751.53,Yes
CUST02169,Female,0,No,Yes,15,One year,Fiber optic,Yes,Bank transfer,Yes,81.68,1319.6,No
CUST02170,Female,1,No,No,38,Two year,Fiber optic,Yes,Bank transfer,No,47.21,1922.87,No
CUST02171,Male,0,No,No,17,Month-to-month,Fiber optic,Yes,Mailed check,Yes,44.22,838.07,No
CUST02172,Female,0,No,No,24,One year,DSL,Yes,Mailed check,No,78.72,1822.14,No
CUST02173,Male,0,No,No,6,One year,Fiber optic,Yes,Credit card,No,94.46,533.7,Yes
CUST02174,Female,0,No,No,55,Month-to-month,Fiber optic,Yes,Electronic check,Yes,85.72,4585.21,Yes
CUST02175,Male,1,Yes,No,46,Month-to-month,Fiber optic,Yes,Bank transfer,Yes,75.98,3621.96,No
CUST02176,Male,1,Yes,Yes,2,Month-to-month,DSL,Yes,Electronic check,Yes,59.35,225.57,No
CUST02177,Female,0,Yes,No,0,Month-to-month,Fiber optic,Yes,Electronic check,Yes,92.38,35.15,Yes
CUST02178,Female,0,No,Yes,32,Month-to-month,No,Yes,Credit card,Yes,23.19,793.89,No
CUST02179,Male,1,No,No,70,Two year,Fiber optic,Yes,Mailed check,No,57.02,4040.95,No
CUST02180,Female,1,Yes,No,58,Month-to-month,DSL,Yes,Bank transfer,Yes,68.7,3913.76,No
CUST02181,Female,0,No,No,71,Month-to-month,Fiber optic,Yes,Bank transfer,Yes,74.54,5207.53,No
CUST02182,Male,0,No,No,31,Month-to-month,No,Yes,Credit card,Yes,18.0,574.68,No
CUST02183,Male,0,Yes,No,16,Two year,Fiber optic,Yes,Electronic check,Yes,75.48,1262.65,No
CUST02184,Female,0,Yes,Yes,16,Month-to-month,DSL,Yes,Bank transfer,No,69.17,1100.58,Yes
CUST02185,Male,1,Yes,Yes,20,Two year,Fiber optic,Yes,Bank transfer,No,67.98,1391.99,No
CUST02186,Male,0,Yes,No,54,One year,No,Yes,Electronic check,Yes,19.16,1101.31,No
CUST02187,Male,1,No,No,5,One year,Fiber optic,Yes,Electronic check,No,84.79,499.13,Yes
CUST02188,Female,0,No,No,48,Month-to-month,DSL,Yes,Mailed check,Yes,60.56,2822.26,No
CUST02189,Female,0,No,No,25,Month-to-month,Fiber optic,Yes,Electronic check,Yes,70.08,1573.38,No
CUST02190,Male,0,No,Yes,31,Month-to-month,Fiber optic,Yes,Credit card,Yes,51.62,1509.76,No
CUST02191,Female,0,No,No,71,Month-to-month,Fiber optic,Yes,Bank transfer,Yes,103.19,7360.04,No
CUST02192,Male,0,No,Yes,43,Month-to-month,Fiber optic,Yes,Mailed check,No,79.74,3260.19,No
CUST02193,Female,0,No,Yes,58,One year,Fiber optic,Yes,Electronic check,Yes,74.28,4315.04,No
CUST02194,Male,0,No,Yes,28,Month-to-month,DSL,Yes,Electronic check,Yes,74.93,2170.34,No
CUST02195,Male,0,No,No,16,Month-to-month,Fiber optic,Yes,Mailed check,Yes,96.38,1542.35,No
CUST02196,Female,0,Yes,No,17,One year,Fiber optic,Yes,Credit card,No,51.52,930.3,Yes
CUST02197,Male,0,No,Yes,39,Month-to-month,Fiber optic,Yes,Bank transfer,Yes,67.44,2587.58,No
CUST02198,Female,0,Yes,No,62,Month-to-month,DSL,Yes,Credit card,No,72.99,4548.95,No
CUST02199,Female,0,No,No,44,Two year,Fiber optic,Yes,Mailed check,Yes,62.18,2727.94,No
CUST02200,Male,0,Yes,No,2,Month-to-month,DSL,Yes,Electronic check,Yes,52.6,37.87,Yes
CUST02201,Male,0,Yes,No,2,Month-to-month,Fiber optic,No,Electronic check,No,53.13,10.44,No
CUST02202,Female,0,No,Yes,37,Month-to-month,DSL,Yes,Credit card,Yes,74.32,2625.72,No
CUST02203,Male,0,Yes,No,72,Two year,DSL,Yes,Mailed check,No,61.43,4498.17,No
CUST02204,Male,0,Yes,Yes,39,One year,Fiber optic,Yes,Credit card,Yes,104.35,4100.68,No
CUST02205,Male,0,Yes,No,67,Month-to-month,No,Yes,Bank transfer,Yes,18.0,1130.18,No
CUST02206,Male,1,No,No,53,One year,No,Yes,Credit card,Yes,34.22,1725.05,No
CUST02207,Male,0,No,Yes,19,Month-to-month,Fiber optic,Yes,Electronic check,No,71.82,1366.06,Yes
CUST02208,Female,0,No,No,14,Month-to-month,Fiber optic,No,Bank transfer,No,84.74,1207.93,Yes
CUST02209,Female,0,No,Yes,4,One year,DSL,Yes,Bank transfer,No,59.45,192.27,Yes
CUST02210,Male,0,Yes,No,38,Month-to-month,DSL,Yes,Mailed check,No,69.21,2579.33,Yes
CUST02211,Male,0,Yes,Yes,39,Month-to-month,Fiber optic,Yes,Credit card,Yes,104.46,4069.57,No
CUST02212,Male,0,Yes,No,6,Month-to-month,No,Yes,Credit card,Yes,18.04,101.77,Yes
CUST02213,Female,0,No,No,71,Two year,No,Yes,Electronic check,No,18.0,1226.07,No
CUST02214,Male,0,No,Yes,32,Two year,No,Yes,Mailed check,Yes,29.09,936.14,No
CUST02215,Female,0,Yes,No,36,One year,No,No,Bank transfer,Yes,24.15,673.03,No
CUST02216,Female,0,Yes,No,31,Two year,DSL,Yes,Bank transfer,Yes,50.95,1607.66,No
CUST02217,Female,0,Yes,No,42,One year,No,Yes,Mailed check,No,22.8,1018.57,No
CUST02218,Male,0,No,No,62,Two year,Fiber optic,Yes,Credit card,Yes,77.67,4785.97,No
CUST02219,Female,0,Yes,No,35,Month-to-month,No,Yes,Bank transfer,No,30.06,1167.46,No
CUST02220,Male,0,Yes,No,48,One year,Fiber optic,Yes,Mailed check,No,58.36,2743.02,No
CUST02221,Female,0,Yes,Yes,24,Two year,Fiber optic,Yes,Electronic check,Yes,71.65,1728.36,No
CUST02222,Male,0,No,No,65,Two year,DSL,Yes,Mailed check,Yes,73.79,4717.06,No
CUST02223,Female,0,No,Yes,8,Month-to-month,DSL,Yes,Credit card,Yes,74.58,598.07,Yes
CUST02224,Male,0,Yes,No,17,Month-to-month,Fiber optic,Yes,Credit card,No,69.43,1159.84,No
CUST02225,Female,0,No,No,21,Two year,No,Yes,Bank transfer,Yes,31.6,564.99,No
CUST02226,Male,0,No,No,14,One year,DSL,Yes,Credit card,No,77.38,1118.29,No
CUST02227,Male,0,No,No,6,Two year,DSL,Yes,Electronic check,No,67.1,429.52,Yes
CUST02228,Male,0,Yes,Yes,12,Two year,DSL,Yes,Electronic check,No,67.035,626.1,Yes
CUST02229,Male,0,No,Yes,35,Two year,DSL,Yes,Credit card,No,61.63,2066.06,No
CUST02230,Female,1,No,Yes,15,Month-to-month,DSL,Yes,Mailed check,Yes,77.6,1220.84,No
CUST02231,Female,0,Yes,No,40,Month-to-month,DSL,Yes,Bank transfer,No,62.81,2535.07,No
CUST02232,Male,0,No,No,20,One year,DSL,No,Credit card,No,67.32,1501.44,No
CUST02233,Female,1,Yes,No,27,Two year,No,Yes,Mailed check,No,31.81,767.18,No
CUST02234,Male,0,Yes,No,16,One year,No,Yes,Mailed check,No,18.0,291.18,No
CUST02235,Male,0,Yes,No,64,Month-to-month,DSL,Yes,Electronic check,No,62.12,4143.41,No
CUST02236,Female,0,Yes,No,12,One year,No,No,Credit card,No,34.47,484.76,No
CUST02237,Male,0,Yes,Yes,35,One year,DSL,Yes,Credit card,No,89.4,3141.85,No
CUST02238,Male,0,Yes,Yes,57,Two year,Fiber optic,Yes,Electronic check,No,46.32,2555.49,No
CUST02239,Female,0,No,No,19,Month-to-month,Fiber optic,Yes,Credit card,Yes,80.92,1600.76,No
CUST02240,Male,0,No,No,51,Month-to-month,DSL,Yes,Bank transfer,No,56.42,2839.79,No
CUST02241,Male,0,Yes,No,5,Month-to-month,Fiber optic,Yes,Electronic check,Yes,84.09,385.95,Yes
CUST02242,Male,1,No,No,22,Month-to-month,No,Yes,Electronic check,Yes,25.35,694.27,No
CUST02243,Male,1,No,No,41,Two year,DSL,Yes,Electronic check,No,63.24,2690.23,No
CUST02244,Female,0,Yes,No,23,Month-to-month,DSL,Yes,Electronic check,No,46.76,1088.29,No
CUST02245,Female,0,Yes,Yes,4,Two year,No,Yes,Bank transfer,Yes,24.17,74.84,No
CUST02246,Female,0,No,Yes,31,Two year,DSL,Yes,Mailed check,Yes,43.54,1204.31,No
CUST02247,Male,1,No,Yes,45,Month-to-month,Fiber optic,Yes,Credit card,No,69.53,3166.09,No
CUST02248,Male,0,Yes,Yes,16,Two year,No,Yes,Electronic check,Yes,26.51,423.56,Yes
CUST02249,Female,0,Yes,No,26,Month-to-month,No,Yes,Bank transfer,Yes,19.0,542.29,No
CUST02250,Male,0,No,No,67,Two year,No,Yes,Mailed check,Yes,41.68,2577.35,No
CUST02251,Male,0,No,No,22,Month-to-month,Fiber optic,Yes,Electronic check,No,82.69,1735.24,No
CUST02252,Male,0,Yes,No,33,Two year,DSL,Yes,Credit card,Yes,45.32,1447.48,No
CUST02253,Male,0,No,Yes,20,One year,Fiber optic,Yes,Mailed check,Yes,111.65,2239.35,No
CUST02254,Female,0,Yes,No,21,Two year,Fiber optic,Yes,Credit card,No,76.36,1599.44,No
CUST02255,Female,0,Yes,No,64,One year,Fiber optic,No,Credit card,Yes,77.32,4899.23,No
CUST02256,Female,0,Yes,No,31,Month-to-month,No,Yes,Credit card,Yes,39.77,1242.14,No
CUST02257,Male,0,No,No,61,Month-to-month,No,Yes,Electronic check,Yes,20.37,1369.34,No
CUST02258,Female,1,Yes,No,27,Month-to-month,Fiber optic,Yes,Credit card,No,59.14,1613.87,Yes
CUST02259,Female,1,Yes,No,6,Month-to-month,DSL,No,Electronic check,Yes,72.55,487.95,No
CUST02260,Male,1,No,Yes,53,Two year,DSL,No,Credit card,Yes,73.48,3892.62,No
CUST02261,Male,1,No,Yes,69,Month-to-month,Fiber optic,Yes,Bank transfer,No,83.49,5743.78,No
CUST02262,Female,0,Yes,No,13,Two year,DSL,Yes,Mailed check,No,71.8,906.91,No
CUST02263,Female,0,Yes,No,54,Two year,DSL,Yes,Bank transfer,Yes,72.33,3908.67,No
CUST02264,Female,0,No,No,57,Month-to-month,Fiber optic,Yes,Mailed check,Yes,83.89,4876.39,No
CUST02265,Female,1,No,No,43,Month-to-month,Fiber optic,Yes,Credit card,Yes,74.98,3318.76,No
CUST02266,Male,0,Yes,No,45,Two year,Fiber optic,Yes,Mailed check,No,96.78,4428.65,No
CUST02267,Female,0,No,Yes,13,Month-to-month,DSL,Yes,Mailed check,Yes,83.3,1095.84,No
CUST02268,Female,0,Yes,Yes,43,Month-to-month,DSL,No,Mailed check,Yes,71.9,3152.24,No
CUST02269,Male,0,No,Yes,40,Month-to-month,DSL,Yes,Mailed check,No,73.08,2886.94,No
CUST02270,Female,0,Yes,No,72,Two year,Fiber optic,Yes,Mailed check,No,93.63,6832.92,No
CUST02271,Male,0,No,No,1,One year,Fiber optic,Yes,Electronic check,Yes,78.7,169.92,Yes
CUST02272,Male,0,Yes,No,4,Month-to-month,Fiber optic,Yes,Bank transfer,No,92.1,360.33,Yes
CUST02273,Male,0,No,No,11,Month-to-month,DSL,Yes,Mailed check,Yes,35.7,327.28,No
CUST02274,Female,0,No,Yes,46,Month-to-month,DSL,Yes,Mailed check,Yes,30.79,1372.72,Yes
CUST02275,Female,0,Yes,Yes,34,Month-to-month,No,Yes,Mailed check,Yes,22.41,648.62,No
CUST02276,Male,1,No,No,18,Two year,DSL,No,Credit card,No,68.0,1185.92,No
CUST02277,Female,0,Yes,No,62,Month-to-month,Fiber optic,Yes,Credit card,Yes,75.36,4554.19,No
CUST02278,Female,0,No,Yes,7,One year,DSL,No,Credit card,Yes,68.38,399.01,No
CUST02279,Male,0,No,No,22,Month-to-month,DSL,Yes,Electronic check,Yes,68.43,1538.2,No
CUST02280,Male,0,No,No,12,Month-to-month,DSL,Yes,Electronic check,No,66.59,750.05,Yes
CUST02281,Female,0,No,Yes,22,Month-to-month,No,Yes,Mailed check,No,24.58,444.01,No
CUST02282,Male,0,No,No,30,Two year,DSL,Yes,Credit card,No,48.08,1444.54,No
CUST02283,Female,0,Yes,Yes,29,Two year,No,Yes,Bank transfer,No,20.56,603.76,No
CUST02284,Female,0,Yes,No,41,Month-to-month,No,Yes,Mailed check,Yes,22.47,785.52,Yes
CUST02285,Female,0,No,Yes,1,Month-to-month,Fiber optic,Yes,Bank transfer,Yes,89.14,124.78,No
CUST02286,Female,0,No,No,10,Two year,Fiber optic,Yes,Bank transfer,No,79.3,829.26,No
CUST02287,Male,0,No,No,24,Month-to-month,No,Yes,Bank transfer,Yes,21.06,378.12,Yes
CUST02288,Male,0,No,No,28,Month-to-month,Fiber optic,Yes,Mailed check,Yes,80.91,2420.63,No
CUST02289,Male,0,Yes,Yes,21,Month-to-month,Fiber optic,Yes,Mailed check,Yes,53.0,1261.45,Yes
CUST02290,Male,1,Yes,Yes,18,Month-to-month,Fiber optic,Yes,Mailed check,Yes,87.01,1679.39,No
CUST02291,Female,0,Yes,No,72,One year,DSL,Yes,Mailed check,No,48.68,3432.37,No
CUST02292,Female,0,No,Yes,40,Month-to-month,DSL,No,Electronic check,Yes,70.77,2691.23,No
CUST02293,Male,0,Yes,No,37,Month-to-month,No,Yes,Electronic check,No,18.0,579.84,No
CUST02294,Female,0,Yes,No,28,Month-to-month,No,Yes,Mailed check,No,18.0,581.73,No
CUST02295,Female,0,No,Yes,21,Two year,Fiber optic,Yes,Credit card,Yes,62.45,1312.5,No
CUST02296,Female,0,No,No,7,Month-to-month,Fiber optic,Yes,Mailed check,Yes,95.34,738.89,No
CUST02297,Male,0,No,No,46,Month-to-month,No,Yes,Credit card,No,26.09,1247.09,No
CUST02298,Male,0,No,No,5,Month-to-month,Fiber optic,Yes,Credit card,Yes,76.15,567.24,Yes
CUST02299,Male,0,No,No,6,Two year,Fiber optic,Yes,Credit card,No,60.06,506.51,No
CUST02300,Female,0,Yes,No,35,Month-to-month,Fiber optic,Yes,Electronic check,Yes,80.03,2803.02,Yes
CUST02301,Male,0,No,Yes,7,Two year,DSL,Yes,Electronic check,Yes,53.11,416.63,No
CUST02302,Male,0,Yes,Yes,45,One year,DSL,Yes,Electronic check,Yes,67.89,2959.22,No
CUST02303,Male,1,No,No,63,Two year,No,Yes,Bank transfer,No,30.0,1799.89,No
CUST02304,Male,0,No,No,30,One year,No,Yes,Mailed check,No,36.41,1231.33,Yes
CUST02305,Male,0,No,Yes,22,One year,Fiber optic,Yes,Electronic check,No,64.08,1359.76,No
CUST02306,Male,0,Yes,Yes,60,Two year,Fiber optic,Yes,Bank transfer,No,76.54,4665.04,No
CUST02307,Female,0,Yes,Yes,49,One year,No,Yes,Mailed check,No,18.0,780.2,No
CUST02308,Female,0,No,Yes,45,Two year,Fiber optic,Yes,Bank transfer,Yes,92.76,4083.1,No
CUST02309,Male,0,Yes,Yes,42,Month-to-month,DSL,Yes,Credit card,Yes,80.97,3572.66,No
CUST02310,Male,0,No,No,9,Month-to-month,Fiber optic,Yes,Credit card,No,91.54,825.55,No
CUST02311,Female,0,No,No,19,Two year,DSL,Yes,Electronic check,No,70.43,1328.81,No
CUST02312,Female,1,No,Yes,15,Two year,No,Yes,Electronic check,Yes,22.47,468.61,No
CUST02313,Male,0,No,Yes,2,Two year,Fiber optic,Yes,Mailed check,Yes,78.43,149.37,No
CUST02314,Male,0,No,No,29,One year,DSL,Yes,Electronic check,Yes,83.53,2414.18,Yes
CUST02315,Male,1,Yes,No,17,Two year,No,Yes,Electronic check,No,18.0,322.92,No
CUST02316,Male,0,Yes,Yes,58,Month-to-month,No,Yes,Credit card,No,22.76,1327.08,No
CUST02317,Female,0,No,No,69,Month-to-month,DSL,Yes,Credit card,Yes,56.9,3926.94,No
CUST02318,Male,0,No,No,34,Month-to-month,Fiber optic,Yes,Mailed check,No,71.96,2581.42,No
CUST02319,Male,1,No,No,18,Two year,Fiber optic,Yes,Credit card,No,80.61,1582.37,No
CUST02320,Male,0,No,No,25,Month-to-month,Fiber optic,Yes,Electronic check,Yes,74.72,1828.46,Yes
CUST02321,Male,0,Yes,No,34,Two year,Fiber optic,Yes,Mailed check,No,89.09,2957.64,No
CUST02322,Female,0,Yes,No,71,Month-to-month,Fiber optic,Yes,Bank transfer,No,93.82,6489.4,No
CUST02323,Female,0,Yes,No,56,Month-to-month,No,Yes,Mailed check,Yes,31.69,1731.34,Yes
CUST02324,Female,0,No,Yes,48,One year,Fiber optic,Yes,Credit card,Yes,102.09,4833.27,No
CUST02325,Male,0,Yes,No,9,Month-to-month,DSL,Yes,Credit card,No,53.15,580.52,No
CUST02326,Male,0,Yes,Yes,28,Month-to-month,DSL,Yes,Electronic check,Yes,67.97,1934.28,No
CUST02327,Female,0,No,Yes,70,Month-to-month,DSL,Yes,Credit card,No,47.7,3404.19,No
CUST02328,Male,0,Yes,No,67,Month-to-month,Fiber optic,Yes,Mailed check,Yes,103.27,6925.11,No
CUST02329,Male,1,No,No,23,Month-to-month,DSL,Yes,Mailed check,Yes,67.27,1501.37,No
CUST02330,Female,1,No,No,42,Month-to-month,No,Yes,Electronic check,Yes,36.27,1436.75,No
CUST02331,Female,0,Yes,Yes,38,One year,No,Yes,Credit card,Yes,28.16,988.06,No
CUST02332,Female,0,Yes,No,24,Month-to-month,No,Yes,Bank transfer,Yes,27.88,641.85,No
CUST02333,Female,0,No,No,67,Month-to-month,No,Yes,Credit card,Yes,19.68,1321.13,No
CUST02334,Male,0,Yes,Yes,33,Month-to-month,DSL,Yes,Electronic check,Yes,57.51,1977.75,No
CUST02335,Male,0,Yes,No,52,Month-to-month,Fiber optic,Yes,Electronic check,No,66.68,3405.89,No
CUST02336,Female,0,Yes,No,54,Month-to-month,DSL,Yes,Electronic check,No,69.29,3717.78,No
CUST02337,Male,1,Yes,Yes,52,One year,DSL,Yes,Mailed check,No,60.98,3251.87,No
CUST02338,Female,0,No,Yes,17,One year,No,Yes,Mailed check,No,18.79,300.85,No
CUST02339,Female,0,Yes,No,6,Two year,Fiber optic,Yes,Electronic check,Yes,70.27,457.24,No
CUST02340,Male,0,No,No,62,Two year,DSL,Yes,Electronic check,No,68.73,4380.7,No
CUST02341,Female,0,Yes,Yes,41,One year,DSL,Yes,Electronic check,No,54.61,2294.76,No
CUST02342,Male,0,No,No,10,Two year,Fiber optic,Yes,Mailed check,Yes,58.35,550.4,No
CUST02343,Male,0,No,Yes,8,One year,DSL,Yes,Mailed check,Yes,75.92,643.19,Yes
CUST02344,Male,0,No,No,34,One year,DSL,Yes,Bank transfer,Yes,67.9,2364.94,No
CUST02345,Male,1,No,No,64,One year,Fiber optic,Yes,Credit card,Yes,76.93,4929.93,No
CUST02346,Female,0,Yes,Yes,4,Month-to-month,No,Yes,Bank transfer,Yes,36.79,228.23,No
CUST02347,Male,1,No,No,25,Month-to-month,No,No,Credit card,No,20.63,612.61,Yes
CUST02348,Female,0,Yes,No,50,One year,Fiber optic,Yes,Electronic check,Yes,83.97,4205.04,No
CUST02349,Female,0,Yes,No,37,One year,DSL,Yes,Mailed check,Yes,59.95,2335.01,No
CUST02350,Female,0,No,No,2,Month-to-month,No,Yes,Electronic check,No,34.03,0.0,Yes
CUST02351,Female,0,Yes,No,58,Month-to-month,No,Yes,Electronic check,No,27.99,1621.42,No
CUST02352,Male,0,No,No,12,Month-to-month,Fiber optic,Yes,Bank transfer,Yes,79.58,870.66,No
CUST02353,Male,0,Yes,Yes,34,Two year,No,No,Credit card,Yes,22.8,747.93,No
CUST02354,Female,0,No,No,2,Month-to-month,Fiber optic,Yes,Electronic check,Yes,75.4,274.26,Yes
CUST02355,Female,0,No,Yes,52,One year,DSL,Yes,Electronic check,No,44.5,2228.64,No
CUST02356,Male,0,No,Yes,54,Two year,No,Yes,Bank transfer,Yes,67.035,1434.8,No
CUST02357,Female,0,No,Yes,44,Month-to-month,Fiber optic,Yes,Electronic check,Yes,66.97,3084.63,No
CUST02358,Male,0,No,No,65,Two year,Fiber optic,Yes,Bank transfer,Yes,92.98,6000.95,No
CUST02359,Female,0,No,No,66,Two year,Fiber optic,Yes,Credit card,Yes,81.36,5499.33,No
CUST02360,Male,0,Yes,Yes,43,Month-to-month,DSL,Yes,Mailed check,Yes,72.98,3114.97,No
CUST02361,Female,1,No,Yes,72,Month-to-month,DSL,Yes,Credit card,No,72.54,5273.7,No
CUST02362,Female,0,Yes,No,67,Month-to-month,DSL,Yes,Electronic check,Yes,68.47,4518.85,No
CUST02363,Male,0,Yes,No,61,Month-to-month,DSL,No,Electronic check,No,59.28,3633.78,No
CUST02364,Female,0,Yes,No,24,Two year,DSL,Yes,Bank transfer,Yes,61.17,1277.77,No
CUST02365,Female,0,Yes,No,51,Month-to-month,Fiber optic,Yes,Credit card,Yes,80.69,4115.4,No
CUST02366,Male,0,No,No,49,Two year,No,Yes,Credit card,Yes,18.0,814.16,No
CUST02367,Female,1,No,Yes,0,Month-to-month,No,Yes,Electronic check,Yes,30.96,0.0,No
CUST02368,Male,1,No,No,38,Two year,DSL,Yes,Bank transfer,Yes,63.33,2392.56,No
CUST02369,Male,0,No,No,51,Month-to-month,No,Yes,Electronic check,No,30.3,1385.17,No
CUST02370,Female,0,Yes,No,39,One year,Fiber optic,Yes,Bank transfer,No,85.52,3331.61,No
CUST02371,Female,0,Yes,Yes,59,Month-to-month,Fiber optic,Yes,Bank transfer,Yes,94.79,5690.56,No
CUST02372,Female,0,Yes,Yes,72,Month-to-month,DSL,Yes,Credit card,Yes,74.96,5318.28,No
CUST02373,Female,0,No,Yes,68,Month-to-month,Fiber optic,Yes,Mailed check,Yes,123.03,8331.43,No
CUST02374,Female,0,Yes,No,19,Month-to-month,No,Yes,Credit card,Yes,43.94,806.93,Yes
CUST02375,Female,0,No,No,1,Month-to-month,Fiber optic,No,Credit card,No,83.58,168.0,No
CUST02376,Female,0,No,Yes,8,One year,DSL,Yes,Mailed check,No,70.39,581.41,No
CUST02377,Male,0,No,No,38,Month-to-month,DSL,Yes,Mailed check,Yes,77.65,2914.11,No
CUST02378,Female,0,No,No,29,One year,DSL,Yes,Mailed check,No,72.39,2058.7,Yes
CUST02379,Male,1,No,No,53,One year,Fiber optic,Yes,Mailed check,Yes,69.18,3682.31,No
CUST02380,Female,0,Yes,No,57,Two year,No,Yes,Bank transfer,No,23.0,1355.82,No
CUST02381,Female,1,Yes,No,43,Two year,Fiber optic,Yes,Electronic check,No,78.11,3398.61,No
CUST02382,Male,0,No,No,42,Two year,No,Yes,Mailed check,Yes,33.03,1465.83,No
CUST02383,Female,0,No,No,9,Month-to-month,No,Yes,Mailed check,Yes,22.12,274.24,No
CUST02384,Female,1,No,No,47,Month-to-month,DSL,No,Electronic check,No,59.6,2752.39,No
CUST02385,Male,0,Yes,Yes,16,Month-to-month,DSL,Yes,Mailed check,Yes,71.79,1293.71,No
CUST02386,Female,0,No,No,4,Month-to-month,Fiber optic,No,Mailed check,Yes,72.72,410.31,Yes
CUST02387,Female,0,Yes,Yes,69,Month-to-month,DSL,Yes,Bank transfer,Yes,67.04,4744.69,No
CUST02388,Female,0,Yes,Yes,63,Month-to-month,Fiber optic,Yes,Mailed check,No,85.98,5601.48,No
CUST02389,Male,0,Yes,Yes,65,Month-to-month,DSL,Yes,Credit card,Yes,78.75,5185.87,No
CUST02390,Female,1,Yes,No,70,Month-to-month,Fiber optic,Yes,Mailed check,Yes,91.04,6504.5,No
CUST02391,Female,1,Yes,No,3,One year,Fiber optic,Yes,Bank transfer,No,61.54,110.34,No
CUST02392,Female,1,Yes,Yes,27,Month-to-month,Fiber optic,Yes,Electronic check,No,90.93,2497.71,No
CUST02393,Female,0,No,No,37,Month-to-month,Fiber optic,Yes,Bank transfer,Yes,71.19,2601.11,No
CUST02394,Male,0,No,No,65,Month-to-month,No,No,Mailed check,Yes,26.89,1747.27,No
CUST02395,Male,0,No,No,66,Month-to-month,DSL,Yes,Mailed check,No,63.61,4293.45,No
CUST02396,Female,1,Yes,Yes,59,Month-to-month,Fiber optic,Yes,Mailed check,Yes,95.9,5455.87,No
CUST02397,Female,0,No,Yes,46,Month-to-month,DSL,Yes,Mailed check,No,71.35,3275.27,No
CUST02398,Male,0,Yes,No,24,Month-to-month,DSL,Yes,Mailed check,No,69.4,1607.04,No
CUST02399,Male,0,Yes,No,65,Month-to-month,DSL,Yes,Electronic check,Yes,69.6,4559.16,No
CUST02400,Female,0,No,No,66,Month-to-month,Fiber optic,No,Electronic check,No,77.59,4978.75,No
CUST02401,Male,0,Yes,No,68,Month-to-month,Fiber optic,Yes,Credit card,Yes,112.36,7554.69,No
CUST02402,Female,1,No,No,39,Month-to-month,DSL,Yes,Electronic check,Yes,70.82,2774.37,No
CUST02403,Male,1,No,Yes,49,Two year,Fiber optic,Yes,Bank transfer,No,80.43,3820.6,No
CUST02404,Male,0,No,No,39,Month-to-month,DSL,Yes,Mailed check,Yes,51.98,2130.53,Yes
CUST02405,Male,0,No,No,36,One year,Fiber optic,Yes,Credit card,Yes,49.98,1744.78,No
CUST02406,Male,1,No,Yes,68,One year,Fiber optic,Yes,Bank transfer,Yes,61.44,4152.91,No
CUST02407,Female,0,Yes,Yes,16,Month-to-month,No,Yes,Electronic check,No,29.96,657.97,No
CUST02408,Male,0,No,No,61,Two year,Fiber optic,Yes,Bank transfer,No,65.23,3843.17,No
CUST02409,Male,0,Yes,No,40,Month-to-month,Fiber optic,Yes,Bank transfer,Yes,57.47,2447.8,No
CUST02410,Female,0,No,Yes,41,Month-to-month,DSL,Yes,Electronic check,Yes,73.35,3049.37,No
CUST02411,Male,0,No,Yes,30,Month-to-month,DSL,Yes,Bank transfer,Yes,41.14,1265.2,No
CUST02412,Male,0,Yes,Yes,32,Two year,Fiber optic,Yes,Credit card,No,85.84,2711.27,No
CUST02413,Female,0,No,No,42,Two year,Fiber optic,Yes,Electronic check,Yes,92.53,3995.59,No
CUST02414,Male,0,Yes,No,66,Two year,No,Yes,Mailed check,No,43.12,2839.63,No
CUST02415,Female,1,Yes,No,37,Month-to-month,No,Yes,Credit card,Yes,35.12,1380.29,No
CUST02416,Female,0,No,No,40,Two year,No,Yes,Credit card,Yes,18.0,744.21,No
CUST02417,Female,1,Yes,No,62,Month-to-month,No,Yes,Bank transfer,Yes,29.19,1646.22,No
CUST02418,Female,0,Yes,Yes,39,One year,Fiber optic,Yes,Electronic check,Yes,94.28,3752.62,No
CUST02419,Male,0,Yes,No,29,Two year,DSL,Yes,Bank transfer,Yes,68.66,2114.54,No
CUST02420,Female,0,No,Yes,46,One year,DSL,Yes,Electronic check,Yes,72.86,3286.23,No
CUST02421,Male,1,Yes,Yes,21,Month-to-month,No,Yes,Mailed check,Yes,36.17,778.86,No
CUST02422,Male,0,Yes,Yes,54,One year,DSL,No,Bank transfer,Yes,49.96,2772.46,No
CUST02423,Male,0,No,No,42,Month-to-month,DSL,Yes,Electronic check,No,71.64,3089.6,No
CUST02424,Male,0,Yes,No,60,Month-to-month,Fiber optic,Yes,Bank transfer,Yes,61.47,3559.76,No
CUST02425,Male,0,Yes,No,31,One year,DSL,Yes,Bank transfer,No,86.9,2767.84,No
CUST02426,Male,0,No,No,3,Month-to-month,Fiber optic,Yes,Electronic check,Yes,65.04,141.43,Yes
CUST02427,Male,1,No,Yes,44,Month-to-month,Fiber optic,Yes,Mailed check,Yes,72.33,3149.49,No
CUST02428,Male,1,No,No,71,One year,Fiber optic,Yes,Mailed check,No,80.3,5807.04,No
CUST02429,Male,0,Yes,No,19,One year,Fiber optic,Yes,Mailed check,No,65.77,1400.68,No
CUST02430,Male,1,No,Yes,70,Month-to-month,Fiber optic,Yes,Electronic check,Yes,27.0,1904.02,Yes
CUST02431,Female,0,No,No,64,Month-to-month,DSL,Yes,Credit card,No,54.14,3512.72,No
CUST02432,Female,0,Yes,No,59,Two year,No,Yes,Mailed check,No,23.8,1479.12,No
CUST02433,Female,0,Yes,Yes,25,Month-to-month,DSL,Yes,Credit card,Yes,62.73,1559.1,No
CUST02434,Male,0,No,Yes,72,One year,Fiber optic,Yes,Electronic check,Yes,80.34,5904.55,No
CUST02435,Female,0,No,No,22,Two year,Fiber optic,Yes,Electronic check,Yes,79.55,1814.02,Yes
CUST02436,Female,1,No,Yes,39,Month-to-month,DSL,Yes,Mailed check,Yes,65.08,2450.32,Yes
CUST02437,Female,0,No,No,1,Month-to-month,DSL,Yes,Mailed check,Yes,41.07,74.71,No
CUST02438,Male,0,No,No,25,Month-to-month,DSL,Yes,Mailed check,Yes,43.51,1112.01,No
CUST02439,Male,0,No,No,61,One year,DSL,Yes,Bank transfer,No,70.68,4238.23,No
CUST02440,Male,1,Yes,Yes,43,Two year,DSL,Yes,Bank transfer,Yes,56.09,2516.23,No
CUST02441,Male,0,Yes,No,30,One year,No,Yes,Mailed check,No,18.0,414.87,No
CUST02442,Female,0,No,No,25,Month-to-month,Fiber optic,Yes,Credit card,Yes,98.89,2535.34,No
CUST02443,Female,0,No,No,4,Month-to-month,DSL,Yes,Electronic check,Yes,51.46,389.06,Yes
CUST02444,Female,0,No,No,69,Month-to-month,Fiber optic,Yes,Credit card,Yes,88.68,6061.19,No
CUST02445,Female,0,No,No,34,One year,DSL,Yes,Credit card,No,72.49,2507.0,No
CUST02446,Male,0,No,No,15,One year,DSL,Yes,Electronic check,Yes,60.15,931.38,Yes
CUST02447,Male,0,Yes,No,30,Month-to-month,No,Yes,Bank transfer,Yes,32.46,1004.88,No
CUST02448,Male,0,No,No,13,Two year,No,Yes,Electronic check,Yes,30.56,615.09,No
CUST02449,Female,0,Yes,No,24,One year,Fiber optic,Yes,Credit card,No,62.71,1450.74,No
CUST02450,Male,0,Yes,No,70,Two year,No,Yes,Mailed check,Yes,39.82,2670.49,No
CUST02451,Male,0,Yes,No,17,Month-to-month,No,Yes,Electronic check,Yes,26.29,517.8,No
CUST02452,Female,1,No,No,49,Month-to-month,Fiber optic,Yes,Bank transfer,Yes,96.15,4640.89,Yes
CUST02453,Female,0,No,Yes,19,Month-to-month,No,Yes,Bank transfer,Yes,18.0,296.82,No
CUST02454,Male,1,Yes,No,55,One year,Fiber optic,Yes,Bank transfer,No,59.17,3157.22,No
CUST02455,Male,0,Yes,Yes,1,One year,DSL,Yes,Electronic check,Yes,56.48,73.86,No
CUST02456,Male,0,No,No,25,One year,No,Yes,Bank transfer,No,25.18,815.24,No
CUST02457,Male,0,No,Yes,22,Month-to-month,DSL,No,Credit card,No,49.16,1122.02,No
CUST02458,Male,1,No,No,31,One year,DSL,Yes,Credit card,Yes,66.18,2026.3,No
CUST02459,Male,0,No,No,12,Month-to-month,Fiber optic,Yes,Bank transfer,Yes,90.89,1059.23,Yes
CUST02460,Female,0,No,No,12,Two year,No,No,Credit card,Yes,21.49,235.7,No
CUST02461,Female,1,Yes,No,16,Month-to-month,DSL,Yes,Credit card,Yes,74.37,1150.92,No
CUST02462,Female,0,Yes,Yes,57,Month-to-month,Fiber optic,Yes,Electronic check,No,86.92,5017.6,No
CUST02463,Male,0,Yes,No,26,Month-to-month,Fiber optic,Yes,Mailed check,Yes,70.45,1860.88,No
CUST02464,Female,0,No,No,16,Month-to-month,Fiber optic,Yes,Electronic check,Yes,67.26,1045.45,No
CUST02465,Male,0,Yes,No,37,Month-to-month,Fiber optic,Yes,Mailed check,Yes,84.47,3098.43,No
CUST02466,Male,0,No,Yes,13,Month-to-month,Fiber optic,Yes,Credit card,Yes,64.1,787.35,Yes
CUST02467,Female,0,Yes,Yes,13,Month-to-month,No,Yes,Credit card,Yes,18.0,176.47,Yes
CUST02468,Male,0,Yes,No,11,Month-to-month,DSL,Yes,Credit card,Yes,49.26,427.89,Yes
CUST02469,Male,0,Yes,Yes,68,Two year,No,Yes,Electronic check,No,21.85,1454.25,No
CUST02470,Female,1,Yes,Yes,67,Month-to-month,DSL,Yes,Credit card,Yes,51.36,3335.42,No
CUST02471,Female,1,Yes,Yes,54,Two year,Fiber optic,Yes,Credit card,Yes,79.61,4226.14,No
CUST02472,Female,0,No,No,62,Two year,Fiber optic,Yes,Bank transfer,Yes,49.58,3168.47,No
CUST02473,Male,0,Yes,Yes,28,Month-to-month,No,Yes,Bank transfer,Yes,18.0,515.22,No
CUST02474,Female,0,No,No,44,Month-to-month,DSL,Yes,Credit card,No,56.39,2505.77,No
CUST02475,Female,0,Yes,No,3,Month-to-month,Fiber optic,Yes,Credit card,Yes,74.6,157.32,Yes
CUST02476,Male,0,No,No,15,One year,DSL,Yes,Electronic check,No,60.49,906.26,No
CUST02477,Female,0,No,No,65,One year,Fiber optic,Yes,Electronic check,No,73.92,4801.15,No
CUST02478,Female,0,No,No,22,Month-to-month,Fiber optic,Yes,Credit card,Yes,104.26,2341.73,No
CUST02479,Female,0,Yes,Yes,67,Month-to-month,DSL,Yes,Electronic check,No,60.18,4047.14,No
CUST02480,Male,0,Yes,Yes,19,Month-to-month,Fiber optic,Yes,Electronic check,No,82.1,1558.15,Yes
CUST02481,Male,1,No,Yes,16,Month-to-month,DSL,Yes,Electronic check,Yes,61.33,913.24,No
CUST02482,Male,0,Yes,No,51,Two year,Fiber optic,Yes,Mailed check,Yes,69.85,3502.5,No
CUST02483,Male,0,No,No,5,Month-to-month,Fiber optic,Yes,Mailed check,No,64.37,266.67,No
CUST02484,Female,0,Yes,No,38,Month-to-month,Fiber optic,Yes,Bank transfer,Yes,89.26,3307.33,No
CUST02485,Male,0,No,No,33,Month-to-month,DSL,Yes,Bank transfer,Yes,80.31,2683.23,No
CUST02486,Male,0,Yes,Yes,53,One year,DSL,Yes,Mailed check,Yes,67.68,3589.35,No
CUST02487,Female,0,No,No,64,Month-to-month,No,Yes,Credit card,Yes,26.27,1655.64,No
CUST02488,Female,0,No,Yes,28,Month-to-month,No,Yes,Credit card,No,25.78,734.18,No
CUST02489,Female,0,Yes,No,40,Month-to-month,Fiber optic,Yes,Credit card,Yes,73.27,2853.03,No
CUST02490,Male,0,Yes,Yes,62,Month-to-month,Fiber optic,Yes,Mailed check,Yes,92.73,5671.17,No
CUST02491,Male,0,Yes,No,31,One year,Fiber optic,Yes,Bank transfer,No,82.8,2489.3,No
CUST02492,Male,1,No,No,65,Month-to-month,Fiber optic,Yes,Electronic check,Yes,99.45,6513.92,Yes
CUST02493,Female,0,Yes,Yes,44,One year,DSL,Yes,Electronic check,Yes,63.83,2880.13,No
CUST02494,Female,0,Yes,No,16,Month-to-month,Fiber optic,Yes,Credit card,Yes,94.62,1491.43,Yes
CUST02495,Male,1,No,No,42,Month-to-month,DSL,Yes,Bank transfer,No,48.21,2123.08,No
CUST02496,Female,0,Yes,No,65,One year,No,Yes,Mailed check,No,18.43,1220.81,No
CUST02497,Female,0,Yes,No,67,Month-to-month,Fiber optic,Yes,Credit card,Yes,77.82,5180.32,No
CUST02498,Female,0,Yes,No,33,One year,Fiber optic,Yes,Mailed check,Yes,87.3,2900.65,No
CUST02499,Male,0,No,No,0,Month-to-month,Fiber optic,Yes,Mailed check,No,73.16,82.47,No
CUST02500,Female,0,No,No,22,Two year,DSL,No,Electronic check,No,51.91,1198.08,No
CUST02501,Female,0,Yes,No,5,Month-to-month,Fiber optic,Yes,Bank transfer,Yes,82.58,354.15,Yes
CUST02502,Male,1,No,No,15,Month-to-month,Fiber optic,Yes,Mailed check,No,90.11,1341.66,Yes
CUST02503,Male,1,Yes,No,1,Month-to-month,DSL,Yes,Electronic check,No,72.88,43.71,No
CUST02504,Female,0,Yes,No,26,Month-to-month,Fiber optic,Yes,Electronic check,Yes,59.57,1420.56,No
CUST02505,Female,0,No,Yes,18,One year,DSL,No,Electronic check,Yes,38.01,601.04,Yes
CUST02506,Male,0,Yes,No,27,Month-to-month,Fiber optic,Yes,Electronic check,No,83.94,2325.35,No
CUST02507,Male,0,No,No,34,Two year,DSL,Yes,Credit card,Yes,81.6,2778.52,No
CUST02508,Female,0,No,Yes,67,Month-to-month,Fiber optic,Yes,Mailed check,Yes,93.23,6233.65,No
CUST02509,Female,0,No,No,48,Month-to-month,DSL,Yes,Bank transfer,Yes,49.22,2381.09,No
CUST02510,Female,1,Yes,Yes,6,One year,Fiber optic,Yes,Mailed check,Yes,45.28,286.9,No
CUST02511,Female,1,Yes,No,36,Two year,Fiber optic,Yes,Mailed check,Yes,107.01,3902.27,No
CUST02512,Male,0,No,No,24,Month-to-month,Fiber optic,Yes,Credit card,Yes,87.22,2168.43,No
CUST02513,Female,0,Yes,No,40,Two year,No,Yes,Bank transfer,Yes,18.0,674.79,No
CUST02514,Female,0,No,No,61,Two year,DSL,Yes,Electronic check,Yes,63.53,3906.92,No
CUST02515,Male,0,Yes,No,40,Two year,No,Yes,Bank transfer,No,26.93,1030.94,No
CUST02516,Female,0,Yes,Yes,13,Two year,DSL,Yes,Bank transfer,No,60.84,675.08,No
CUST02517,Male,0,Yes,No,53,Two year,Fiber optic,Yes,Mailed check,Yes,84.14,4513.84,No
CUST02518,Female,0,No,No,1,One year,DSL,No,Electronic check,No,77.37,32.2,No
CUST02519,Female,0,No,No,47,Two year,Fiber optic,No,Mailed check,Yes,84.01,3922.3,No
CUST02520,Male,0,Yes,No,50,Month-to-month,No,Yes,Mailed check,Yes,18.0,845.91,No
CUST02521,Male,0,No,No,54,Month-to-month,No,Yes,Bank transfer,Yes,29.29,1572.7,No
CUST02522,Female,0,Yes,No,11,One year,DSL,Yes,Credit card,Yes,45.67,413.86,No
CUST02523,Female,0,Yes,No,68,Two year,DSL,Yes,Mailed check,No,58.2,4021.45,No
CUST02524,Female,0,No,No,0,Month-to-month,Fiber optic,Yes,Bank transfer,Yes,63.61,60.36,Yes
CUST02525,Male,1,No,Yes,58,Two year,No,Yes,Bank transfer,Yes,18.0,1075.28,No
CUST02526,Female,0,Yes,No,72,Month-to-month,DSL,Yes,Bank transfer,Yes,64.73,4694.86,No
CUST02527,Male,0,Yes,No,33,Month-to-month,No,Yes,Mailed check,Yes,20.21,683.35,No
CUST02528,Male,0,No,No,45,Month-to-month,Fiber optic,Yes,Bank transfer,No,111.17,4935.43,No
CUST02529,Female,0,No,No,58,Month-to-month,Fiber optic,Yes,Credit card,No,50.22,2881.17,No
CUST02530,Male,0,No,No,65,Two year,Fiber optic,Yes,Credit card,Yes,82.28,5435.65,No
CUST02531,Female,0,Yes,No,18,Month-to-month,No,Yes,Electronic check,No,30.71,415.97,No
CUST02532,Female,0,No,No,27,One year,No,Yes,Electronic check,No,26.47,705.42,Yes
CUST02533,Female,0,Yes,No,39,Month-to-month,DSL,Yes,Mailed check,Yes,72.22,2836.8,No
CUST02534,Female,0,No,No,56,Two year,Fiber optic,Yes,Mailed check,No,58.39,3218.11,No
CUST02535,Female,0,Yes,No,50,Two year,No,Yes,Mailed check,No,25.44,1296.01,No
CUST02536,Male,0,Yes,No,21,Month-to-month,DSL,Yes,Mailed check,Yes,60.57,1213.7,Yes
CUST02537,Male,0,Yes,No,67,Month-to-month,Fiber optic,Yes,Credit card,No,66.92,4443.93,No
CUST02538,Female,0,No,Yes,7,Month-to-month,DSL,Yes,Bank transfer,No,59.5,474.99,No
CUST02539,Female,0,No,No,59,Month-to-month,Fiber optic,Yes,Mailed check,Yes,67.43,3975.51,No
CUST02540,Male,0,Yes,Yes,64,Month-to-month,DSL,Yes,Mailed check,Yes,50.11,3195.61,No
CUST02541,Male,1,No,Yes,35,Two year,Fiber optic,Yes,Credit card,No,118.91,4226.99,Yes
CUST02542,Male,0,No,No,70,Two year,Fiber optic,Yes,Electronic check,Yes,72.64,5067.85,No
CUST02543,Male,1,Yes,No,28,Month-to-month,DSL,Yes,Electronic check,Yes,78.72,2292.65,No
CUST02544,Female,1,No,Yes,64,Two year,Fiber optic,Yes,Mailed check,Yes,79.3,5150.75,No
CUST02545,Female,0,No,No,55,Month-to-month,DSL,Yes,Credit card,No,73.11,4003.18,No
CUST02546,Male,0,Yes,No,3,Month-to-month,No,Yes,Credit card,Yes,26.61,44.8,No
CUST02547,Female,0,Yes,No,71,One year,Fiber optic,Yes,Mailed check,No,82.37,5887.47,No
CUST02548,Male,1,Yes,Yes,49,Month-to-month,Fiber optic,Yes,Electronic check,Yes,108.0,5379.25,No
CUST02549,Female,0,Yes,No,38,Month-to-month,Fiber optic,Yes,Bank transfer,Yes,95.04,3588.27,No
CUST02550,Male,0,Yes,No,34,Month-to-month,DSL,Yes,Credit card,No,59.88,2170.39,No
CUST02551,Female,0,No,No,24,One year,Fiber optic,Yes,Bank transfer,No,93.9,2287.78,No
CUST02552,Male,0,No,No,43,Two year,No,No,Mailed check,Yes,23.49,1002.69,No
CUST02553,Male,0,Yes,No,46,One year,Fiber optic,Yes,Bank transfer,Yes,81.06,3631.51,No
CUST02554,Female,0,No,No,39,One year,Fiber optic,Yes,Credit card,Yes,108.4,4154.3,No
CUST02555,Male,0,No,Yes,30,Month-to-month,No,No,Mailed check,Yes,18.0,542.01,No
CUST02556,Female,1,No,No,68,Month-to-month,Fiber optic,Yes,Mailed check,Yes,79.25,5482.88,No
CUST02557,Female,0,Yes,No,42,Two year,Fiber optic,Yes,Mailed check,Yes,104.88,4334.71,No
CUST02558,Male,0,No,No,54,Month-to-month,No,Yes,Mailed check,Yes,23.81,1318.53,No
CUST02559,Female,0,No,No,15,Month-to-month,Fiber optic,Yes,Bank transfer,No,84.74,1181.99,No
CUST02560,Female,0,No,No,67,Month-to-month,DSL,Yes,Electronic check,Yes,61.57,4230.14,No
CUST02561,Female,0,Yes,No,68,Two year,DSL,No,Mailed check,Yes,70.39,4662.82,No
CUST02562,Female,0,Yes,Yes,41,Month-to-month,Fiber optic,Yes,Electronic check,Yes,70.46,2797.58,No
CUST02563,Female,0,No,No,40,Two year,Fiber optic,Yes,Credit card,No,60.38,2448.74,No
CUST02564,Male,0,Yes,No,49,Month-to-month,DSL,No,Electronic check,Yes,59.27,2907.78,No
CUST02565,Female,0,No,No,5,One year,DSL,Yes,Credit card,No,70.26,407.72,No
CUST02566,Female,0,No,No,52,Month-to-month,No,Yes,Credit card,No,28.47,1400.6,No
CUST02567,Female,0,Yes,Yes,16,Two year,DSL,Yes,Mailed check,No,61.85,965.73,No
CUST02568,Female,0,No,No,56,Month-to-month,Fiber optic,Yes,Electronic check,Yes,95.45,5416.78,No
CUST02569,Female,0,Yes,No,66,Month-to-month,DSL,Yes,Electronic check,No,81.05,5360.38,No
CUST02570,Male,0,Yes,Yes,15,Month-to-month,Fiber optic,Yes,Electronic check,Yes,113.43,1616.4,No
CUST02571,Female,0,No,Yes,51,Month-to-month,Fiber optic,Yes,Electronic check,No,89.46,4564.79,No
CUST02572,Male,0,No,No,33,Two year,No,Yes,Mailed check,Yes,23.33,785.55,No
CUST02573,Male,1,Yes,No,19,Two year,No,Yes,Bank transfer,Yes,18.0,338.81,No
CUST02574,Male,1,No,No,55,Two year,DSL,Yes,Mailed check,Yes,76.7,4362.1,No
CUST02575,Male,0,Yes,No,50,Month-to-month,Fiber optic,Yes,Bank transfer,Yes,76.81,3871.75,Yes
CUST02576,Female,0,Yes,No,52,One year,Fiber optic,Yes,Mailed check,Yes,100.79,5327.82,Yes
CUST02577,Male,0,Yes,No,48,Two year,DSL,Yes,Electronic check,No,60.41,3002.41,No
CUST02578,Male,0,Yes,No,3,Two year,Fiber optic,Yes,Electronic check,No,69.06,129.57,No
CUST02579,Female,0,No,No,17,Month-to-month,No,Yes,Bank transfer,Yes,25.68,390.9,No
CUST02580,Female,0,No,No,35,One year,Fiber optic,Yes,Electronic check,No,67.08,2405.83,No
CUST02581,Female,0,No,Yes,34,One year,Fiber optic,Yes,Bank transfer,Yes,90.56,3096.34,Yes
CUST02582,Male,0,No,No,29,Month-to-month,Fiber optic,Yes,Mailed check,Yes,68.86,2057.14,Yes
CUST02583,Female,0,Yes,No,62,Month-to-month,Fiber optic,Yes,Bank transfer,Yes,86.57,5318.31,No
CUST02584,Female,0,Yes,No,20,Month-to-month,Fiber optic,Yes,Electronic check,Yes,72.99,1445.09,Yes
CUST02585,Male,0,No,Yes,51,Two year,Fiber optic,Yes,Credit card,No,62.73,3175.67,No
CUST02586,Female,0,No,No,68,Month-to-month,Fiber optic,Yes,Mailed check,No,55.96,3793.47,No
CUST02587,Female,0,No,Yes,40,Month-to-month,DSL,Yes,Credit card,Yes,79.3,3127.42,No
CUST02588,Female,0,Yes,No,53,Two year,No,No,Electronic check,No,40.31,2133.1,No
CUST02589,Female,0,Yes,No,29,One year,DSL,Yes,Mailed check,Yes,67.11,2100.86,No
CUST02590,Male,0,Yes,No,55,Two year,Fiber optic,Yes,Electronic check,Yes,80.49,4617.72,No
CUST02591,Female,0,Yes,Yes,40,Month-to-month,No,Yes,Mailed check,Yes,28.91,1252.73,No
CUST02592,Female,0,Yes,No,13,One year,Fiber optic,Yes,Credit card,No,81.55,1005.59,Yes
CUST02593,Male,0,No,No,20,Month-to-month,DSL,Yes,Electronic check,Yes,51.84,946.15,Yes
CUST02594,Female,1,Yes,No,24,Month-to-month,No,Yes,Electronic check,No,26.46,815.85,No
CUST02595,Male,0,No,No,49,Month-to-month,No,Yes,Electronic check,Yes,33.61,1536.26,Yes
CUST02596,Female,0,No,No,52,One year,Fiber optic,Yes,Electronic check,No,74.14,3844.8,No
CUST02597,Male,0,Yes,No,47,One year,Fiber optic,Yes,Electronic check,Yes,83.54,4021.68,No
CUST02598,Male,0,No,No,69,Month-to-month,Fiber optic,Yes,Bank transfer,No,78.91,5410.78,No
CUST02599,Male,0,Yes,No,47,Month-to-month,Fiber optic,Yes,Electronic check,Yes,78.59,3717.66,No
CUST02600,Male,0,No,Yes,3,One year,Fiber optic,Yes,Electronic check,Yes,62.53,155.92,No
CUST02601,Female,0,No,No,23,Month-to-month,DSL,Yes,Bank transfer,Yes,65.58,1452.98,No
CUST02602,Male,0,No,No,30,Month-to-month,DSL,Yes,Mailed check,No,53.87,1698.49,No
CUST02603,Female,0,No,No,28,Month-to-month,DSL,Yes,Electronic check,Yes,68.05,1786.77,Yes
CUST02604,Male,1,Yes,Yes,4,Month-to-month,DSL,Yes,Credit card,Yes,67.59,231.86,No
CUST02605,Male,0,No,No,66,Month-to-month,No,Yes,Bank transfer,Yes,30.44,1978.91,No
CUST02606,Male,0,No,No,52,One year,Fiber optic,Yes,Bank transfer,Yes,78.86,4193.37,No
CUST02607,Female,0,No,No,63,Month-to-month,Fiber optic,Yes,Credit card,No,101.42,6356.16,No
CUST02608,Male,0,No,No,34,Two year,No,Yes,Credit card,No,28.03,896.35,No
CUST02609,Female,0,No,Yes,11,One year,DSL,Yes,Electronic check,No,56.25,634.92,No
CUST02610,Female,0,No,Yes,46,Month-to-month,No,Yes,Electronic check,No,27.07,1164.98,No
CUST02611,Female,1,Yes,No,54,One year,No,Yes,Bank transfer,Yes,32.14,1851.54,No
CUST02612,Female,0,Yes,No,68,Month-to-month,No,Yes,Bank transfer,No,18.69,1233.09,No
CUST02613,Female,0,No,Yes,37,One year,DSL,Yes,Electronic check,No,58.64,2170.46,No
CUST02614,Female,0,No,Yes,28,Two year,DSL,Yes,Electronic check,Yes,66.33,1881.79,No
CUST02615,Female,0,No,No,11,Two year,Fiber optic,Yes,Bank transfer,Yes,95.44,1059.1,No
CUST02616,Female,0,Yes,Yes,18,Two year,DSL,Yes,Bank transfer,Yes,83.01,1458.03,Yes
CUST02617,Female,0,Yes,No,8,Month-to-month,Fiber optic,Yes,Bank transfer,No,84.16,563.29,No
CUST02618,Male,1,No,No,28,One year,DSL,Yes,Credit card,Yes,83.52,2370.86,No
CUST02619,Male,0,No,No,2,Month-to-month,Fiber optic,Yes,Electronic check,No,80.65,148.13,No
CUST02620,Male,0,No,Yes,29,Two year,Fiber optic,No,Electronic check,Yes,85.68,2476.16,No
CUST02621,Male,1,Yes,No,57,Month-to-month,Fiber optic,Yes,Electronic check,Yes,79.47,4535.29,No
CUST02622,Male,0,Yes,Yes,52,One year,DSL,Yes,Credit card,Yes,47.78,2570.14,No
CUST02623,Female,0,Yes,No,3,Month-to-month,No,Yes,Credit card,Yes,18.0,0.0,Yes
CUST02624,Female,0,Yes,Yes,56,Month-to-month,DSL,Yes,Bank transfer,No,59.42,3261.36,No
CUST02625,Female,0,No,No,53,Month-to-month,DSL,Yes,Electronic check,No,39.28,2137.53,No
CUST02626,Female,0,Yes,No,27,Month-to-month,Fiber optic,No,Bank transfer,Yes,106.81,2929.31,No
CUST02627,Female,0,Yes,No,15,Month-to-month,Fiber optic,Yes,Credit card,No,80.36,1171.33,No
CUST02628,Female,1,Yes,No,12,Month-to-month,Fiber optic,No,Credit card,Yes,60.59,704.34,Yes
CUST02629,Female,0,Yes,No,71,Month-to-month,No,Yes,Bank transfer,No,38.81,2636.02,No
CUST02630,Male,0,No,No,55,Month-to-month,No,Yes,Mailed check,Yes,30.08,1673.95,No
CUST02631,Male,0,Yes,No,52,Month-to-month,DSL,Yes,Bank transfer,Yes,69.74,3779.78,No
CUST02632,Male,0,Yes,No,47,Month-to-month,Fiber optic,Yes,Mailed check,No,64.33,3025.36,No
CUST02633,Male,0,No,No,24,Two year,Fiber optic,Yes,Mailed check,No,74.55,1858.01,No
CUST02634,Female,0,Yes,Yes,65,One year,No,Yes,Credit card,No,19.98,1340.77,No
CUST02635,Female,0,No,Yes,29,Month-to-month,Fiber optic,Yes,Electronic check,No,69.12,1967.38,No
CUST02636,Female,0,Yes,No,2,Month-to-month,Fiber optic,Yes,Credit card,Yes,85.63,118.57,No
CUST02637,Male,1,No,No,22,Month-to-month,Fiber optic,Yes,Electronic check,No,71.65,1625.64,No
CUST02638,Female,0,Yes,Yes,28,Two year,Fiber optic,Yes,Mailed check,Yes,78.78,2148.11,No
CUST02639,Female,0,Yes,Yes,40,Month-to-month,No,No,Mailed check,No,26.05,1130.07,No
CUST02640,Female,1,No,No,10,One year,DSL,Yes,Mailed check,Yes,52.85,564.1,No
CUST02641,Male,0,Yes,Yes,20,Month-to-month,No,Yes,Credit card,Yes,23.36,472.14,No
CUST02642,Female,0,No,Yes,23,Month-to-month,Fiber optic,Yes,Electronic check,No,113.95,2577.22,No
CUST02643,Male,1,Yes,No,64,Two year,Fiber optic,Yes,Bank transfer,Yes,75.34,4832.05,No
CUST02644,Male,0,No,No,0,Month-to-month,Fiber optic,Yes,Mailed check,Yes,85.02,20.31,Yes
CUST02645,Male,0,No,Yes,53,Month-to-month,DSL,Yes,Credit card,Yes,44.77,2302.7,No
CUST02646,Male,0,Yes,No,71,Two year,No,Yes,Mailed check,No,31.31,2235.97,No
CUST02647,Female,0,Yes,No,33,Month-to-month,DSL,Yes,Electronic check,Yes,63.67,2197.89,No
CUST02648,Male,0,No,No,67,Month-to-month,DSL,No,Credit card,No,64.05,4269.17,No
CUST02649,Male,0,No,Yes,28,Month-to-month,DSL,No,Credit card,Yes,71.81,1991.83,No
CUST02650,Female,0,Yes,No,2,Two year,DSL,Yes,Electronic check,Yes,78.47,94.55,No
CUST02651,Female,0,No,No,10,Two year,Fiber optic,Yes,Credit card,Yes,72.87,785.35,No
CUST02652,Male,0,Yes,No,7,Month-to-month,DSL,No,Mailed check,No,67.61,401.54,Yes
CUST02653,Female,0,Yes,No,61,Two year,Fiber optic,Yes,Credit card,Yes,71.45,4205.18,No
CUST02654,Male,1,No,No,32,Month-to-month,Fiber optic,No,Mailed check,Yes,84.13,2663.5,Yes
CUST02655,Male,0,No,No,7,Month-to-month,No,Yes,Electronic check,No,23.61,121.6,Yes
CUST02656,Male,1,No,No,24,Month-to-month,DSL,Yes,Credit card,No,54.0,1366.89,No
CUST02657,Male,0,Yes,No,25,One year,DSL,Yes,Credit card,Yes,55.94,1455.39,No
CUST02658,Female,0,Yes,No,25,One year,DSL,Yes,Electronic check,Yes,61.16,1485.39,Yes
CUST02659,Male,0,No,No,16,Month-to-month,No,No,Mailed check,No,24.85,317.73,No
CUST02660,Female,0,Yes,No,28,Month-to-month,Fiber optic,Yes,Credit card,No,81.02,2163.55,No
CUST02661,Female,0,Yes,No,42,Two year,Fiber optic,Yes,Mailed check,Yes,78.98,3315.33,No
CUST02662,Female,0,Yes,Yes,72,Two year,Fiber optic,Yes,Bank transfer,Yes,84.34,6039.14,No
CUST02663,Female,0,No,Yes,4,One year,DSL,Yes,Bank transfer,Yes,76.04,365.48,No
CUST02664,Male,0,Yes,No,49,Month-to-month,DSL,Yes,Bank transfer,No,53.59,2660.9,No
CUST02665,Female,0,Yes,No,55,Two year,No,Yes,Credit card,No,33.83,1838.23,No
CUST02666,Male,0,No,Yes,62,One year,DSL,Yes,Mailed check,Yes,70.07,4356.12,No
CUST02667,Female,0,No,No,56,Two year,No,Yes,Bank transfer,Yes,18.0,1171.93,No
CUST02668,Female,0,Yes,Yes,44,Month-to-month,No,Yes,Bank transfer,No,28.21,1185.59,No
CUST02669,Male,0,No,No,36,One year,Fiber optic,Yes,Mailed check,No,70.14,2470.44,No
CUST02670,Male,0,Yes,Yes,71,Two year,No,Yes,Mailed check,Yes,18.0,1171.66,No
CUST02671,Male,0,Yes,No,35,Month-to-month,DSL,Yes,Credit card,Yes,65.39,2259.13,No
CUST02672,Female,1,No,No,32,One year,DSL,Yes,Electronic check,Yes,78.57,2523.01,No
CUST02673,Female,0,Yes,No,5,Two year,DSL,Yes,Electronic check,No,79.26,429.06,No
CUST02674,Male,0,Yes,Yes,70,Month-to-month,DSL,Yes,Credit card,No,54.48,3766.94,No
CUST02675,Male,0,No,No,44,One year,DSL,Yes,Electronic check,No,80.68,3569.37,No
CUST02676,Male,1,No,No,6,Month-to-month,Fiber optic,Yes,Credit card,Yes,82.79,307.77,Yes
CUST02677,Male,0,No,No,64,Month-to-month,DSL,Yes,Mailed check,Yes,54.94,3408.27,No
CUST02678,Female,1,Yes,No,23,Month-to-month,Fiber optic,Yes,Mailed check,Yes,55.52,1314.32,No
CUST02679,Male,0,Yes,No,44,Month-to-month,DSL,Yes,Mailed check,No,78.57,3502.08,No
CUST02680,Male,0,Yes,Yes,60,One year,DSL,Yes,Electronic check,Yes,83.05,5110.44,No
CUST02681,Male,1,Yes,Yes,18,Month-to-month,Fiber optic,Yes,Bank transfer,No,88.24,1540.99,No
CUST02682,Male,0,Yes,No,31,Two year,Fiber optic,Yes,Credit card,No,88.84,2737.96,No
CUST02683,Female,0,No,No,29,Month-to-month,No,Yes,Credit card,No,26.99,755.74,No
CUST02684,Male,0,Yes,No,64,One year,No,Yes,Credit card,Yes,22.47,1480.86,No
CUST02685,Female,1,Yes,No,31,Month-to-month,Fiber optic,Yes,Bank transfer,Yes,73.0,2200.43,No
CUST02686,Male,0,No,No,56,Month-to-month,No,Yes,Electronic check,Yes,40.16,2271.2,No
CUST02687,Male,0,Yes,Yes,19,Month-to-month,DSL,Yes,Mailed check,Yes,46.63,957.75,No
CUST02688,Female,0,No,No,29,Month-to-month,Fiber optic,Yes,Bank transfer,Yes,56.56,1716.55,No
CUST02689,Male,0,Yes,No,58,Two year,Fiber optic,Yes,Electronic check,No,90.21,5370.59,No
CUST02690,Female,1,No,No,61,Two year,Fiber optic,Yes,Credit card,No,69.42,4126.25,No
CUST02691,Female,0,No,No,66,Two year,Fiber optic,Yes,Bank transfer,No,97.74,6484.9,No
CUST02692,Male,0,No,Yes,30,One year,No,Yes,Mailed check,Yes,18.0,467.4,Yes
CUST02693,Female,1,Yes,Yes,65,One year,Fiber optic,Yes,Electronic check,No,84.35,5351.02,No
CUST02694,Female,0,No,No,53,Month-to-month,DSL,Yes,Electronic check,Yes,62.88,3197.62,No
CUST02695,Female,0,Yes,No,9,Month-to-month,Fiber optic,Yes,Credit card,No,91.53,876.08,Yes
CUST02696,Female,0,Yes,No,37,One year,Fiber optic,Yes,Credit card,Yes,90.29,3295.18,No
CUST02697,Female,0,Yes,No,30,Month-to-month,Fiber optic,Yes,Bank transfer,No,67.93,1970.45,No
CUST02698,Female,0,Yes,No,28,Month-to-month,DSL,Yes,Credit card,Yes,73.4,2135.5,No
CUST02699,Female,0,Yes,No,24,Month-to-month,No,Yes,Electronic check,Yes,34.63,800.56,No
CUST02700,Female,0,Yes,No,31,Month-to-month,No,Yes,Credit card,No,40.73,1277.33,No
CUST02701,Male,0,Yes,No,16,Month-to-month,Fiber optic,Yes,Bank transfer,No,76.31,1088.87,No
CUST02702,Male,0,No,No,44,Month-to-month,DSL,Yes,Credit card,Yes,76.99,3409.06,No
CUST02703,Female,0,Yes,No,48,Month-to-month,Fiber optic,Yes,Bank transfer,No,90.27,4344.87,No
CUST02704,Male,0,No,No,17,Month-to-month,Fiber optic,No,Bank transfer,Yes,80.86,1426.42,No
CUST02705,Female,0,No,No,51,Month-to-month,Fiber optic,Yes,Electronic check,Yes,85.85,4339.45,No
CUST02706,Female,1,Yes,No,19,Month-to-month,DSL,Yes,Mailed check,No,60.1,1176.27,No
CUST02707,Male,0,No,Yes,61,Month-to-month,Fiber optic,Yes,Electronic check,Yes,81.01,4870.08,No
CUST02708,Female,0,No,No,12,Two year,Fiber optic,No,Bank transfer,No,88.49,1073.35,No
CUST02709,Female,0,Yes,No,42,One year,No,Yes,Mailed check,Yes,18.79,925.82,No
CUST02710,Female,0,Yes,No,20,Two year,Fiber optic,Yes,Credit card,Yes,66.18,1245.92,Yes
CUST02711,Female,0,No,Yes,5,Month-to-month,No,Yes,Electronic check,Yes,25.4,91.73,No
CUST02712,Male,0,No,No,70,Month-to-month,No,Yes,Credit card,No,34.57,2441.31,No
CUST02713,Female,0,No,No,52,One year,Fiber optic,Yes,Credit card,No,82.84,4274.59,Yes
CUST02714,Female,1,Yes,No,51,Month-to-month,Fiber optic,Yes,Bank transfer,No,92.71,4738.03,No
CUST02715,Female,0,No,No,68,Month-to-month,DSL,Yes,Electronic check,No,58.41,3919.57,No
CUST02716,Male,0,Yes,No,8,One year,Fiber optic,Yes,Electronic check,No,79.72,634.62,No
CUST02717,Female,0,Yes,No,45,One year,DSL,Yes,Mailed check,Yes,65.9,2927.72,No
CUST02718,Male,0,Yes,Yes,70,Month-to-month,DSL,Yes,Mailed check,Yes,68.98,4858.99,No
CUST02719,Male,0,Yes,No,29,Month-to-month,No,Yes,Bank transfer,Yes,31.98,854.48,No
CUST02720,Female,0,No,No,42,One year,No,No,Electronic check,No,22.93,904.35,No
CUST02721,Female,0,No,Yes,58,Month-to-month,DSL,Yes,Electronic check,Yes,53.56,3006.43,No
CUST02722,Male,0,No,No,37,Two year,Fiber optic,Yes,Credit card,No,72.76,2737.2,No
CUST02723,Female,0,Yes,No,33,Two year,Fiber optic,Yes,Mailed check,No,56.53,1978.64,No
CUST02724,Male,0,No,No,45,Two year,Fiber optic,Yes,Electronic check,No,84.23,3866.55,No
CUST02725,Male,0,No,No,31,Month-to-month,DSL,Yes,Credit card,Yes,53.69,1750.98,No
CUST02726,Female,0,Yes,No,15,Month-to-month,Fiber optic,Yes,Credit card,Yes,64.36,984.02,No
CUST02727,Female,0,No,No,38,Two year,Fiber optic,Yes,Bank transfer,No,85.08,3258.94,No
CUST02728,Male,0,No,Yes,0,Month-to-month,DSL,Yes,Mailed check,No,78.6,0.0,No
CUST02729,Male,0,No,No,56,Month-to-month,Fiber optic,Yes,Electronic check,No,69.89,3924.39,No
CUST02730,Male,1,Yes,No,19,Month-to-month,No,No,Bank transfer,Yes,23.31,451.87,No
CUST02731,Male,0,No,No,41,Month-to-month,No,Yes,Electronic check,No,18.0,657.45,No
CUST02732,Female,0,No,No,71,One year,Fiber optic,Yes,Mailed check,Yes,101.16,7193.24,No
CUST02733,Female,0,Yes,Yes,33,Two year,DSL,Yes,Bank transfer,Yes,78.93,2438.22,No
CUST02734,Female,0,No,No,49,Two year,Fiber optic,Yes,Bank transfer,No,41.95,1983.42,No
CUST02735,Female,0,Yes,No,10,One year,No,Yes,Bank transfer,No,20.72,301.64,Yes
CUST02736,Female,1,No,Yes,42,Month-to-month,Fiber optic,Yes,Bank transfer,No,40.8,1696.78,Yes
CUST02737,Male,0,No,No,9,Month-to-month,No,Yes,Electronic check,Yes,28.35,341.43,Yes
CUST02738,Female,1,No,Yes,7,Month-to-month,DSL,Yes,Mailed check,No,69.96,501.79,No
CUST02739,Female,1,No,No,71,Month-to-month,Fiber optic,Yes,Bank transfer,No,78.85,5432.43,No
CUST02740,Female,0,Yes,Yes,18,Month-to-month,DSL,Yes,Electronic check,No,76.04,1460.85,No
CUST02741,Female,0,Yes,Yes,64,One year,No,Yes,Credit card,No,18.0,1155.22,No
CUST02742,Female,0,No,Yes,54,Month-to-month,DSL,Yes,Electronic check,Yes,73.64,3983.28,No
CUST02743,Male,0,Yes,No,51,Two year,DSL,Yes,Electronic check,No,55.14,2701.5,No
CUST02744,Male,1,Yes,No,2,Two year,Fiber optic,Yes,Bank transfer,Yes,53.07,150.82,No
CUST02745,Male,0,Yes,Yes,52,Month-to-month,Fiber optic,Yes,Credit card,Yes,68.36,3637.5,No
CUST02746,Female,1,Yes,No,43,Month-to-month,No,Yes,Electronic check,No,21.63,1022.81,No
CUST02747,Male,0,No,Yes,47,Two year,Fiber optic,Yes,Electronic check,Yes,65.77,3106.18,No
CUST02748,Male,1,No,Yes,53,Two year,No,Yes,Electronic check,No,21.69,1293.77,No
CUST02749,Female,1,Yes,No,15,Two year,DSL,Yes,Bank transfer,Yes,52.49,750.78,No
CUST02750,Female,0,Yes,Yes,29,Month-to-month,Fiber optic,No,Bank transfer,No,67.44,1844.11,No
CUST02751,Female,0,Yes,No,27,Month-to-month,No,Yes,Bank transfer,No,26.91,822.79,No
CUST02752,Male,0,Yes,No,15,Month-to-month,Fiber optic,Yes,Electronic check,Yes,64.8,1000.03,No
CUST02753,Male,0,Yes,Yes,50,Month-to-month,No,Yes,Electronic check,No,25.77,1058.67,No
CUST02754,Female,1,Yes,No,32,Month-to-month,Fiber optic,Yes,Electronic check,Yes,90.58,1921.385,Yes
CUST02755,Female,0,No,No,24,Two year,Fiber optic,Yes,Bank transfer,No,90.14,2125.78,No
CUST02756,Male,0,No,No,17,Month-to-month,Fiber optic,Yes,Bank transfer,No,92.86,1693.77,Yes
CUST02757,Male,0,Yes,Yes,25,Two year,No,Yes,Bank transfer,Yes,19.21,477.19,No
CUST02758,Female,1,No,No,5,Month-to-month,No,Yes,Bank transfer,Yes,35.3,130.92,Yes
CUST02759,Female,0,No,No,37,Month-to-month,Fiber optic,No,Bank transfer,Yes,66.41,2452.49,No
CUST02760,Male,0,Yes,Yes,43,Month-to-month,DSL,Yes,Credit card,No,75.39,3276.03,No
CUST02761,Female,0,Yes,No,66,Month-to-month,DSL,Yes,Bank transfer,Yes,70.95,4735.37,No
CUST02762,Male,0,No,Yes,42,Two year,Fiber optic,Yes,Bank transfer,Yes,83.27,3458.14,No
CUST02763,Male,0,Yes,No,5,Month-to-month,DSL,Yes,Bank transfer,No,55.16,194.72,No
CUST02764,Male,0,No,No,63,Two year,Fiber optic,Yes,Credit card,No,54.73,3445.38,No
CUST02765,Male,0,No,Yes,12,Two year,No,Yes,Credit card,Yes,22.88,215.29,Yes
CUST02766,Female,0,Yes,Yes,64,Two year,Fiber optic,Yes,Bank transfer,No,58.8,3658.01,No
CUST02767,Female,0,No,No,37,Month-to-month,Fiber optic,Yes,Electronic check,Yes,114.41,4218.95,Yes
CUST02768,Male,0,No,No,63,Month-to-month,DSL,Yes,Bank transfer,Yes,86.38,5395.71,No
CUST02769,Male,0,Yes,No,13,Month-to-month,Fiber optic,Yes,Bank transfer,No,116.15,1452.93,No
CUST02770,Male,0,Yes,No,16,One year,Fiber optic,Yes,Credit card,Yes,106.18,1619.23,No
CUST02771,Male,1,No,Yes,12,Two year,Fiber optic,Yes,Electronic check,Yes,78.59,1039.58,No
CUST02772,Male,0,No,No,72,Month-to-month,Fiber optic,No,Credit card,No,62.97,4414.61,No
CUST02773,Female,1,No,Yes,5,One year,DSL,Yes,Mailed check,Yes,63.45,353.91,No
CUST02774,Female,0,No,No,5,Two year,Fiber optic,Yes,Credit card,Yes,108.02,574.05,No
CUST02775,Female,0,Yes,No,36,Two year,No,Yes,Bank transfer,No,24.18,933.45,No
CUST02776,Female,0,Yes,Yes,56,Month-to-month,DSL,Yes,Credit card,Yes,68.02,3842.13,No
CUST02777,Male,0,Yes,Yes,52,Month-to-month,No,Yes,Electronic check,No,26.07,1297.24,No
CUST02778,Male,0,Yes,Yes,45,Month-to-month,Fiber optic,Yes,Electronic check,Yes,81.18,3709.27,No
CUST02779,Male,0,No,Yes,3,Two year,Fiber optic,Yes,Bank transfer,Yes,79.41,110.87,No
CUST02780,Male,0,No,No,33,Month-to-month,Fiber optic,Yes,Mailed check,Yes,74.6,2562.88,No
CUST02781,Male,0,No,No,65,Month-to-month,Fiber optic,Yes,Credit card,No,100.28,6577.09,Yes
CUST02782,Female,0,No,No,62,Month-to-month,Fiber optic,Yes,Mailed check,No,65.64,3882.63,No
CUST02783,Male,0,Yes,No,60,Month-to-month,No,Yes,Electronic check,Yes,21.82,1321.68,No
CUST02784,Female,0,Yes,No,41,Month-to-month,DSL,Yes,Mailed check,No,54.18,2208.74,Yes
CUST02785,Female,0,Yes,No,63,One year,Fiber optic,Yes,Mailed check,No,63.11,4010.07,No
CUST02786,Female,0,No,Yes,16,Two year,No,Yes,Electronic check,Yes,49.36,707.8,No
CUST02787,Female,0,Yes,Yes,60,Month-to-month,DSL,Yes,Electronic check,No,53.56,3122.81,No
CUST02788,Male,0,No,No,29,Two year,No,Yes,Electronic check,No,21.1,648.36,Yes
CUST02789,Female,1,No,No,42,One year,Fiber optic,Yes,Mailed check,No,84.73,3646.43,No
CUST02790,Female,1,Yes,Yes,6,Month-to-month,DSL,Yes,Electronic check,Yes,45.33,231.86,Yes
CUST02791,Female,0,Yes,Yes,72,Two year,Fiber optic,No,Electronic check,No,65.54,4677.33,No
CUST02792,Male,0,No,No,45,Month-to-month,DSL,Yes,Credit card,Yes,68.09,3048.4,No
CUST02793,Male,0,Yes,No,22,One year,DSL,Yes,Electronic check,Yes,72.61,1521.92,No
CUST02794,Male,0,No,No,35,One year,DSL,Yes,Bank transfer,Yes,54.93,1749.64,Yes
CUST02795,Female,0,No,Yes,13,One year,DSL,Yes,Bank transfer,No,69.67,878.62,No
CUST02796,Female,0,Yes,No,19,Month-to-month,DSL,Yes,Bank transfer,Yes,81.59,1675.04,No
CUST02797,Male,0,Yes,No,55,One year,DSL,No,Electronic check,Yes,58.03,3070.69,No
CUST02798,Female,0,Yes,Yes,31,Two year,DSL,No,Credit card,No,48.32,1324.79,No
CUST02799,Male,0,No,No,24,One year,No,Yes,Electronic check,Yes,18.59,579.62,No
CUST02800,Male,0,Yes,Yes,48,Two year,No,Yes,Electronic check,No,24.71,1303.16,No
CUST02801,Female,0,No,No,56,One year,No,Yes,Bank transfer,Yes,40.91,2289.51,No
CUST02802,Female,0,No,No,26,Month-to-month,DSL,Yes,Credit card,Yes,58.86,1577.69,No
CUST02803,Female,0,No,No,26,Month-to-month,DSL,Yes,Mailed check,Yes,34.86,908.02,Yes
CUST02804,Female,0,Yes,No,45,One year,DSL,Yes,Mailed check,Yes,52.27,2197.69,No
CUST02805,Male,0,No,Yes,44,One year,Fiber optic,Yes,Mailed check,Yes,92.37,4111.19,No
CUST02806,Male,0,No,No,25,Month-to-month,No,No,Electronic check,Yes,29.57,804.6,No
CUST02807,Male,0,No,No,13,Month-to-month,No,Yes,Bank transfer,Yes,18.0,257.93,Yes
CUST02808,Male,1,No,No,47,Month-to-month,DSL,Yes,Credit card,No,70.32,3171.92,No
CUST02809,Male,0,No,Yes,14,Month-to-month,Fiber optic,Yes,Mailed check,Yes,54.38,508.14,No
CUST02810,Female,1,No,No,50,Month-to-month,No,Yes,Electronic check,Yes,43.34,2079.33,No
CUST02811,Male,0,Yes,No,53,Month-to-month,Fiber optic,Yes,Mailed check,No,60.09,3053.53,No
CUST02812,Male,0,No,No,10,Month-to-month,DSL,Yes,Credit card,Yes,74.35,639.08,No
CUST02813,Male,0,Yes,No,27,Month-to-month,DSL,Yes,Bank transfer,No,64.89,1737.45,No
CUST02814,Female,0,No,No,54,Two year,Fiber optic,Yes,Electronic check,Yes,69.81,3972.04,No
CUST02815,Female,0,No,No,68,Month-to-month,DSL,Yes,Mailed check,No,53.98,3641.78,No
CUST02816,Female,0,Yes,Yes,71,Month-to-month,No,Yes,Electronic check,Yes,31.47,2157.68,No
CUST02817,Female,0,No,No,25,One year,DSL,Yes,Electronic check,Yes,54.74,1380.52,No
CUST02818,Male,1,No,No,69,Two year,DSL,Yes,Credit card,Yes,74.26,5123.01,No
CUST02819,Male,0,Yes,No,31,Month-to-month,DSL,Yes,Credit card,No,61.87,2016.3,No
CUST02820,Female,0,No,No,47,Two year,DSL,Yes,Credit card,Yes,44.57,1942.02,No
CUST02821,Female,0,Yes,No,11,Month-to-month,Fiber optic,Yes,Bank transfer,Yes,68.9,660.4,No
CUST02822,Male,0,No,No,69,Month-to-month,DSL,Yes,Mailed check,No,79.44,5555.95,No
CUST02823,Male,0,No,No,60,Month-to-month,DSL,Yes,Mailed check,No,60.87,3763.95,No
CUST02824,Female,0,No,Yes,33,One year,Fiber optic,Yes,Electronic check,Yes,55.88,1890.86,No
CUST02825,Female,1,No,No,44,Month-to-month,DSL,Yes,Mailed check,Yes,68.75,3017.05,No
CUST02826,Female,0,No,No,59,One year,DSL,Yes,Electronic check,Yes,67.0,4127.84,No
CUST02827,Female,0,Yes,No,64,Month-to-month,DSL,Yes,Mailed check,No,56.92,3735.47,No
CUST02828,Male,0,Yes,No,70,Month-to-month,DSL,Yes,Bank transfer,Yes,68.86,4870.75,Yes
CUST02829,Male,1,No,No,12,Month-to-month,Fiber optic,No,Electronic check,Yes,120.93,1557.29,Yes
CUST02830,Male,0,No,No,47,Month-to-month,DSL,No,Credit card,Yes,65.66,3049.63,No
CUST02831,Female,0,No,No,48,Month-to-month,Fiber optic,Yes,Bank transfer,No,69.6,3386.83,Yes
CUST02832,Female,0,No,No,57,One year,Fiber optic,Yes,Electronic check,Yes,76.06,4246.65,No
CUST02833,Male,0,No,No,72,Month-to-month,Fiber optic,Yes,Electronic check,Yes,76.08,5575.39,Yes
CUST02834,Male,0,Yes,No,69,One year,No,Yes,Electronic check,No,19.56,1368.82,No
CUST02835,Male,0,No,Yes,60,Month-to-month,DSL,Yes,Credit card,No,67.64,4058.65,No
CUST02836,Male,1,Yes,No,25,Two year,Fiber optic,Yes,Electronic check,Yes,84.81,2238.56,No
CUST02837,Female,1,Yes,No,38,Two year,No,Yes,Electronic check,No,20.09,754.75,No
CUST02838,Male,0,No,Yes,57,One year,No,Yes,Electronic check,No,18.0,1057.09,No
CUST02839,Male,0,No,Yes,26,One year,Fiber optic,Yes,Mailed check,No,84.93,2179.21,No
CUST02840,Male,1,Yes,Yes,39,Month-to-month,DSL,Yes,Bank transfer,Yes,75.01,2904.75,No
CUST02841,Male,1,No,No,30,Month-to-month,DSL,Yes,Electronic check,No,58.87,1697.73,Yes
CUST02842,Male,0,No,No,2,Two year,DSL,Yes,Electronic check,Yes,65.35,213.74,No
CUST02843,Male,0,No,Yes,14,Month-to-month,No,Yes,Credit card,Yes,32.5,523.55,No
CUST02844,Male,0,No,No,53,Month-to-month,Fiber optic,Yes,Bank transfer,No,90.67,4871.54,No
CUST02845,Female,0,Yes,Yes,69,One year,Fiber optic,No,Electronic check,No,79.84,5378.59,No
CUST02846,Female,0,No,Yes,10,Month-to-month,Fiber optic,Yes,Mailed check,No,102.29,999.63,Yes
CUST02847,Female,0,No,No,29,Two year,DSL,Yes,Electronic check,No,51.23,1403.87,No
CUST02848,Female,0,No,No,34,Two year,DSL,Yes,Credit card,Yes,81.1,2682.3,No
CUST02849,Male,1,No,No,42,One year,No,No,Mailed check,Yes,23.24,973.96,No
CUST02850,Female,0,Yes,No,60,Month-to-month,Fiber optic,Yes,Electronic check,Yes,83.92,5103.56,Yes
CUST02851,Female,0,Yes,No,39,One year,Fiber optic,Yes,Bank transfer,No,84.4,3281.56,No
CUST02852,Male,0,No,No,41,Month-to-month,Fiber optic,Yes,Electronic check,No,58.42,2262.88,No
CUST02853,Male,0,No,No,41,Month-to-month,Fiber optic,Yes,Mailed check,No,58.15,2449.12,No
CUST02854,Female,0,No,Yes,2,Two year,DSL,Yes,Credit card,Yes,56.67,117.72,Yes
CUST02855,Female,0,Yes,No,20,Month-to-month,DSL,Yes,Mailed check,Yes,51.31,916.45,Yes
CUST02856,Male,0,Yes,No,72,One year,DSL,Yes,Mailed check,Yes,85.49,6130.55,No
CUST02857,Female,1,Yes,No,52,Two year,Fiber optic,Yes,Electronic check,Yes,103.33,5363.78,No
CUST02858,Male,0,No,No,43,Two year,DSL,Yes,Bank transfer,No,42.38,1874.47,No
CUST02859,Male,0,Yes,No,45,Month-to-month,DSL,Yes,Electronic check,Yes,48.14,2217.03,Yes
CUST02860,Male,0,No,Yes,36,Month-to-month,Fiber optic,Yes,Electronic check,Yes,44.43,1680.6,Yes
CUST02861,Male,0,Yes,No,37,Two year,No,Yes,Credit card,Yes,30.22,1055.3,No
CUST02862,Female,0,No,No,37,Two year,DSL,Yes,Electronic check,Yes,75.73,2809.52,No
CUST02863,Male,1,Yes,Yes,10,Two year,DSL,Yes,Credit card,No,49.59,503.69,Yes
CUST02864,Male,0,Yes,No,44,Two year,Fiber optic,Yes,Bank transfer,Yes,67.81,3130.01,Yes
CUST02865,Female,0,No,No,63,Month-to-month,No,Yes,Electronic check,Yes,26.18,1616.57,No
CUST02866,Male,1,No,Yes,43,Month-to-month,Fiber optic,Yes,Electronic check,Yes,73.23,3163.83,Yes
CUST02867,Female,0,Yes,No,61,Month-to-month,Fiber optic,Yes,Bank transfer,No,81.92,5048.23,No
CUST02868,Female,0,No,No,60,One year,DSL,Yes,Bank transfer,Yes,65.24,3869.51,No
CUST02869,Female,0,Yes,No,11,Month-to-month,No,Yes,Bank transfer,Yes,32.95,343.35,No
CUST02870,Male,0,Yes,No,8,One year,No,Yes,Bank transfer,No,30.93,243.39,No
CUST02871,Female,0,Yes,Yes,66,One year,Fiber optic,Yes,Mailed check,Yes,73.21,4751.65,No
CUST02872,Female,0,Yes,No,1,Month-to-month,No,Yes,Electronic check,No,23.8,0.0,Yes
CUST02873,Male,0,No,No,7,Month-to-month,DSL,Yes,Mailed check,No,81.77,603.55,Yes
CUST02874,Female,0,Yes,No,42,One year,DSL,Yes,Bank transfer,Yes,63.58,2657.78,No
CUST02875,Female,0,No,No,17,Two year,Fiber optic,Yes,Bank transfer,Yes,100.5,1698.26,No
CUST02876,Female,1,Yes,Yes,51,Two year,DSL,Yes,Electronic check,No,86.23,4459.18,No
CUST02877,Female,0,No,No,38,Month-to-month,No,Yes,Electronic check,No,35.5,1207.84,Yes
CUST02878,Female,1,Yes,Yes,30,Month-to-month,Fiber optic,No,Credit card,No,69.76,2139.74,Yes
CUST02879,Male,0,Yes,Yes,13,Two year,Fiber optic,Yes,Credit card,Yes,51.41,689.55,No
CUST02880,Female,0,Yes,Yes,63,One year,DSL,No,Credit card,Yes,65.97,4043.48,No
CUST02881,Female,0,No,No,43,Month-to-month,Fiber optic,Yes,Electronic check,Yes,65.45,2854.84,No
CUST02882,Male,0,No,No,59,Month-to-month,DSL,Yes,Electronic check,Yes,62.43,3726.31,No
CUST02883,Male,1,No,No,1,Month-to-month,DSL,Yes,Mailed check,Yes,71.28,96.11,No
CUST02884,Male,0,Yes,No,31,Month-to-month,Fiber optic,No,Mailed check,Yes,54.59,1744.48,No
CUST02885,Female,0,No,No,35,Month-to-month,DSL,Yes,Electronic check,No,53.73,1825.18,No
CUST02886,Male,0,No,Yes,54,One year,No,Yes,Bank transfer,Yes,37.87,1996.64,No
CUST02887,Female,0,Yes,No,62,Month-to-month,DSL,Yes,Electronic check,Yes,59.91,3791.04,No
CUST02888,Female,0,Yes,No,68,One year,Fiber optic,Yes,Electronic check,Yes,56.41,3622.76,No
CUST02889,Male,0,No,Yes,39,Month-to-month,No,Yes,Bank transfer,Yes,18.0,702.39,No
CUST02890,Male,0,No,No,23,Month-to-month,Fiber optic,Yes,Electronic check,No,72.78,1682.17,Yes
CUST02891,Female,0,Yes,No,57,One year,Fiber optic,Yes,Mailed check,No,71.8,3959.66,No
CUST02892,Male,0,No,No,27,Two year,Fiber optic,Yes,Electronic check,No,97.5,2597.57,No
CUST02893,Female,0,No,No,61,Month-to-month,Fiber optic,Yes,Mailed check,No,101.21,6169.84,No
CUST02894,Male,0,No,No,24,Month-to-month,Fiber optic,Yes,Credit card,Yes,87.16,2045.27,Yes
CUST02895,Male,1,Yes,Yes,6,Month-to-month,No,Yes,Bank transfer,Yes,26.62,186.54,No
CUST02896,Male,0,No,Yes,37,One year,No,Yes,Credit card,Yes,19.73,744.97,No
CUST02897,Female,0,Yes,No,70,Two year,Fiber optic,Yes,Bank transfer,Yes,78.37,5482.92,No
CUST02898,Male,0,Yes,Yes,44,Month-to-month,Fiber optic,Yes,Bank transfer,No,70.96,3046.98,Yes
CUST02899,Female,0,No,No,31,Two year,No,Yes,Credit card,Yes,21.3,479.09,No
CUST02900,Female,1,Yes,No,31,Month-to-month,Fiber optic,Yes,Electronic check,Yes,92.55,2969.95,No
CUST02901,Female,0,Yes,No,0,Month-to-month,No,Yes,Mailed check,Yes,25.28,0.0,No
CUST02902,Female,0,Yes,Yes,44,Two year,Fiber optic,Yes,Credit card,No,46.6,1919.47,No
CUST02903,Male,0,Yes,Yes,63,Month-to-month,No,Yes,Electronic check,Yes,35.91,2165.9,No
CUST02904,Female,0,Yes,No,67,Month-to-month,No,Yes,Bank transfer,Yes,33.7,2273.22,No
CUST02905,Female,0,Yes,No,6,Two year,No,Yes,Credit card,Yes,18.0,85.78,Yes
CUST02906,Male,0,No,No,37,Month-to-month,Fiber optic,Yes,Credit card,No,92.87,3478.55,No
CUST02907,Female,0,Yes,No,69,Month-to-month,Fiber optic,Yes,Credit card,Yes,77.06,5446.82,No
CUST02908,Male,0,No,No,52,Month-to-month,Fiber optic,Yes,Bank transfer,Yes,84.09,4383.28,Yes
CUST02909,Female,0,Yes,No,72,Month-to-month,DSL,Yes,Bank transfer,Yes,86.55,6129.17,No
CUST02910,Male,0,Yes,Yes,29,Month-to-month,DSL,Yes,Mailed check,Yes,52.93,1593.28,No
CUST02911,Female,0,No,No,21,Month-to-month,No,Yes,Electronic check,No,21.14,521.34,Yes
CUST02912,Male,0,Yes,No,57,One year,Fiber optic,Yes,Credit card,Yes,76.18,4288.64,No
CUST02913,Female,0,No,No,72,Two year,DSL,Yes,Credit card,No,51.25,3708.2,No
CUST02914,Female,0,No,Yes,54,Month-to-month,Fiber optic,Yes,Mailed check,No,77.39,4133.81,No
CUST02915,Male,0,Yes,No,45,One year,DSL,Yes,Mailed check,Yes,71.33,3225.28,No
CUST02916,Male,0,No,No,25,One year,Fiber optic,Yes,Mailed check,Yes,95.54,2343.03,Yes
CUST02917,Male,1,Yes,No,63,Month-to-month,No,Yes,Mailed check,No,22.08,1397.96,No
CUST02918,Male,1,No,Yes,8,Month-to-month,No,Yes,Credit card,No,18.0,116.28,No
CUST02919,Female,0,No,No,14,One year,DSL,Yes,Mailed check,Yes,66.43,1077.86,Yes
CUST02920,Female,0,No,No,18,One year,DSL,Yes,Credit card,Yes,54.95,835.2,No
CUST02921,Male,0,Yes,No,15,Month-to-month,DSL,Yes,Bank transfer,No,64.31,930.83,No
CUST02922,Female,0,Yes,Yes,24,Month-to-month,DSL,Yes,Credit card,Yes,72.34,1876.91,No
CUST02923,Male,0,Yes,Yes,50,Month-to-month,Fiber optic,Yes,Bank transfer,No,75.25,3881.2,Yes
CUST02924,Male,0,Yes,Yes,45,Month-to-month,Fiber optic,Yes,Mailed check,No,97.68,4390.56,No
CUST02925,Female,1,No,No,6,One year,DSL,Yes,Credit card,Yes,45.13,167.85,Yes
CUST02926,Female,0,No,No,33,One year,DSL,Yes,Electronic check,No,64.53,2149.95,No
CUST02927,Female,0,Yes,Yes,57,One year,DSL,Yes,Credit card,No,55.52,3135.45,No
CUST02928,Female,0,No,Yes,22,Two year,No,Yes,Electronic check,Yes,29.09,674.53,No
CUST02929,Female,0,No,No,22,Two year,DSL,Yes,Bank transfer,Yes,57.9,1302.48,No
CUST02930,Female,0,No,No,16,One year,DSL,Yes,Electronic check,No,59.82,966.98,No
CUST02931,Female,0,Yes,No,12,Month-to-month,DSL,Yes,Electronic check,No,53.53,615.41,No
CUST02932,Male,0,Yes,No,26,Month-to-month,Fiber optic,Yes,Mailed check,Yes,85.46,2193.42,No
CUST02933,Male,0,No,No,65,Month-to-month,Fiber optic,Yes,Electronic check,No,106.13,6963.59,Yes
CUST02934,Male,0,No,Yes,29,One year,Fiber optic,Yes,Credit card,Yes,78.01,2168.22,No
CUST02935,Male,0,No,No,3,Two year,Fiber optic,Yes,Bank transfer,Yes,76.15,288.41,No
CUST02936,Male,0,No,No,66,Month-to-month,DSL,Yes,Credit card,No,74.98,4948.71,No
CUST02937,Female,0,Yes,Yes,13,Two year,DSL,Yes,Credit card,No,57.4,680.22,No
CUST02938,Male,0,No,No,10,Two year,No,Yes,Bank transfer,No,24.02,339.08,No
CUST02939,Male,1,Yes,No,39,Two year,No,No,Electronic check,No,33.36,1164.51,No
CUST02940,Male,0,No,Yes,2,Two year,Fiber optic,Yes,Bank transfer,Yes,78.06,130.9,No
CUST02941,Male,1,No,Yes,0,Month-to-month,DSL,Yes,Bank transfer,Yes,59.42,83.2,No
CUST02942,Male,1,No,No,8,Month-to-month,DSL,Yes,Electronic check,Yes,62.15,484.1,No
CUST02943,Male,0,No,No,72,Month-to-month,Fiber optic,Yes,Mailed check,Yes,57.97,4197.98,No
CUST02944,Male,0,No,No,0,Two year,No,Yes,Bank transfer,No,18.0,49.7,No
CUST02945,Female,1,Yes,No,15,Month-to-month,Fiber optic,Yes,Mailed check,Yes,67.76,1114.61,No
CUST02946,Female,0,Yes,No,71,Month-to-month,DSL,Yes,Electronic check,No,49.16,3260.74,No
CUST02947,Male,0,No,Yes,45,One year,Fiber optic,Yes,Mailed check,Yes,91.58,4190.08,No
CUST02948,Female,1,Yes,Yes,9,One year,No,Yes,Electronic check,Yes,28.08,272.13,No
CUST02949,Female,0,Yes,Yes,32,Month-to-month,Fiber optic,Yes,Credit card,Yes,89.64,2922.6,Yes
CUST02950,Female,0,Yes,No,40,Two year,No,Yes,Bank transfer,No,22.49,961.67,No
CUST02951,Female,0,No,No,50,Month-to-month,Fiber optic,Yes,Mailed check,No,69.29,3299.42,No
CUST02952,Male,0,Yes,No,21,Month-to-month,DSL,Yes,Credit card,Yes,79.73,1757.2,No
CUST02953,Female,0,No,No,15,Month-to-month,DSL,Yes,Mailed check,Yes,56.41,857.42,Yes
CUST02954,Female,0,No,No,61,Month-to-month,DSL,Yes,Bank transfer,No,54.53,3320.59,No
CUST02955,Female,0,No,Yes,52,Month-to-month,Fiber optic,Yes,Mailed check,No,105.04,5417.61,No
CUST02956,Male,0,Yes,No,13,One year,Fiber optic,Yes,Electronic check,No,50.38,558.73,Yes
CUST02957,Male,0,No,Yes,58,One year,Fiber optic,Yes,Mailed check,Yes,100.43,5827.74,No
CUST02958,Male,0,No,No,25,Month-to-month,DSL,No,Electronic check,Yes,61.94,1563.4,No
CUST02959,Male,0,No,No,43,Two year,No,Yes,Electronic check,Yes,33.81,1451.04,No
CUST02960,Male,0,No,Yes,19,Two year,DSL,Yes,Bank transfer,Yes,72.4,1483.08,No
CUST02961,Male,0,No,No,4,Month-to-month,DSL,Yes,Electronic check,Yes,75.82,324.41,No
CUST02962,Male,0,Yes,Yes,64,Month-to-month,DSL,Yes,Electronic check,No,61.49,3911.04,No
CUST02963,Female,1,No,No,10,Month-to-month,DSL,Yes,Bank transfer,Yes,84.2,892.24,No
CUST02964,Female,0,Yes,Yes,46,Month-to-month,No,Yes,Credit card,No,35.53,1596.17,No
CUST02965,Female,0,Yes,No,9,Month-to-month,DSL,Yes,Bank transfer,Yes,65.16,410.09,Yes
CUST02966,Male,0,No,No,60,Month-to-month,DSL,Yes,Credit card,Yes,72.2,4401.58,No
CUST02967,Male,0,Yes,No,44,Two year,Fiber optic,Yes,Credit card,Yes,110.92,4746.62,No
CUST02968,Male,0,Yes,No,46,Month-to-month,Fiber optic,Yes,Mailed check,Yes,86.8,4115.38,No
CUST02969,Male,0,No,Yes,33,Two year,DSL,Yes,Bank transfer,Yes,48.98,1565.26,Yes
CUST02970,Male,0,No,No,12,Month-to-month,DSL,Yes,Electronic check,Yes,67.07,697.99,No
CUST02971,Female,0,Yes,No,22,Month-to-month,DSL,Yes,Bank transfer,Yes,67.16,1469.96,No
CUST02972,Female,0,No,No,35,Month-to-month,No,Yes,Credit card,No,25.92,915.8,No
CUST02973,Male,0,Yes,No,62,Two year,Fiber optic,Yes,Credit card,No,69.55,4433.78,No
CUST02974,Male,0,Yes,Yes,46,One year,No,Yes,Mailed check,Yes,28.21,1362.22,No
CUST02975,Male,1,Yes,No,65,One year,DSL,Yes,Credit card,Yes,89.44,5856.45,No
CUST02976,Male,0,Yes,No,13,Month-to-month,Fiber optic,Yes,Credit card,No,79.72,993.24,Yes
CUST02977,Female,0,Yes,No,52,Month-to-month,Fiber optic,Yes,Electronic check,No,67.26,3616.68,No
CUST02978,Male,0,Yes,No,65,One year,DSL,No,Bank transfer,Yes,63.85,4313.68,No
CUST02979,Male,1,No,Yes,48,One year,Fiber optic,Yes,Credit card,Yes,55.75,2628.67,No
CUST02980,Male,0,No,No,15,Month-to-month,Fiber optic,Yes,Electronic check,Yes,93.74,1350.16,Yes
CUST02981,Male,1,No,Yes,67,Month-to-month,Fiber optic,Yes,Electronic check,No,61.08,4200.94,No
CUST02982,Female,1,No,No,42,Month-to-month,Fiber optic,Yes,Bank transfer,No,94.54,3985.48,No
CUST02983,Male,0,Yes,No,64,Month-to-month,Fiber optic,Yes,Electronic check,No,118.87,7671.38,No
CUST02984,Male,0,No,Yes,8,One year,No,Yes,Bank transfer,Yes,28.3,369.41,Yes
CUST02985,Female,0,No,No,20,Month-to-month,No,Yes,Electronic check,No,33.45,822.39,No
CUST02986,Female,0,Yes,Yes,42,One year,Fiber optic,Yes,Mailed check,Yes,84.86,3626.73,No
CUST02987,Female,0,Yes,No,65,One year,DSL,Yes,Credit card,No,63.06,4175.54,No
CUST02988,Male,0,No,No,3,One year,Fiber optic,Yes,Credit card,Yes,93.59,312.74,Yes
CUST02989,Male,1,No,No,6,One year,DSL,No,Electronic check,No,75.36,599.48,No
CUST02990,Female,0,No,No,57,Two year,DSL,Yes,Bank transfer,Yes,80.24,4627.76,No
CUST02991,Female,1,Yes,No,3,One year,Fiber optic,Yes,Mailed check,Yes,84.88,270.27,No
CUST02992,Female,0,Yes,Yes,19,Two year,Fiber optic,Yes,Credit card,Yes,77.76,1572.7,No
CUST02993,Female,0,No,No,34,One year,No,No,Electronic check,Yes,31.36,930.22,No
CUST02994,Female,1,No,Yes,58,Month-to-month,No,Yes,Mailed check,No,29.02,1609.19,No
CUST02995,Female,0,Yes,No,44,Month-to-month,No,Yes,Mailed check,Yes,25.17,1086.21,No
CUST02996,Male,0,Yes,No,13,Month-to-month,No,Yes,Bank transfer,Yes,22.57,165.12,No
CUST02997,Male,0,No,No,21,Month-to-month,Fiber optic,Yes,Electronic check,Yes,93.52,1870.3,Yes
CUST02998,Male,0,No,Yes,47,One year,DSL,Yes,Credit card,Yes,55.78,2610.4,No
CUST02999,Female,0,Yes,Yes,29,One year,Fiber optic,Yes,Bank transfer,Yes,82.05,2296.25,Yes
CUST03000,Female,0,No,Yes,28,One year,Fiber optic,Yes,Credit card,Yes,72.42,2010.56,No
CUST03001,Female,0,No,No,35,Month-to-month,Fiber optic,No,Bank transfer,Yes,78.32,2728.83,No
CUST03002,Female,1,No,Yes,41,Month-to-month,Fiber optic,Yes,Electronic check,No,92.53,3887.13,No
CUST03003,Female,0,Yes,No,28,Month-to-month,No,No,Electronic check,Yes,18.0,408.56,No
CUST03004,Female,1,Yes,No,6,Month-to-month,DSL,Yes,Mailed check,No,42.35,257.06,Yes
CUST03005,Male,0,No,No,31,One year,DSL,Yes,Credit card,No,84.45,2610.6,No
CUST03006,Male,0,Yes,No,12,Month-to-month,Fiber optic,Yes,Credit card,Yes,68.48,877.22,No
CUST03007,Female,0,No,No,12,Month-to-month,No,Yes,Credit card,No,31.72,288.25,No
CUST03008,Male,0,No,Yes,53,Month-to-month,DSL,Yes,Mailed check,No,57.4,3052.57,No
CUST03009,Female,1,Yes,No,13,Month-to-month,No,Yes,Electronic check,Yes,30.48,505.43,Yes
CUST03010,Male,0,No,No,5,Month-to-month,No,Yes,Electronic check,Yes,19.1,135.61,No
CUST03011,Female,0,No,Yes,15,Month-to-month,DSL,Yes,Credit card,Yes,71.61,1099.42,Yes
CUST03012,Female,0,No,No,40,Month-to-month,No,No,Electronic check,Yes,19.13,639.81,Yes
CUST03013,Male,0,Yes,No,51,Month-to-month,DSL,Yes,Electronic check,Yes,75.33,3915.01,No
CUST03014,Male,1,No,Yes,15,Two year,Fiber optic,Yes,Bank transfer,No,103.26,1571.81,No
CUST03015,Female,1,Yes,Yes,4,Month-to-month,Fiber optic,Yes,Electronic check,No,115.78,373.55,Yes
CUST03016,Female,0,No,Yes,23,One year,No,No,Bank transfer,Yes,20.16,431.28,No
CUST03017,Male,0,No,No,42,Month-to-month,Fiber optic,Yes,Electronic check,Yes,66.91,2845.42,No
CUST03018,Male,0,Yes,No,64,Two year,Fiber optic,Yes,Electronic check,Yes,83.17,5327.52,No
CUST03019,Female,0,No,Yes,9,One year,Fiber optic,Yes,Electronic check,Yes,68.71,606.88,No
CUST03020,Male,1,No,No,58,Month-to-month,Fiber optic,Yes,Bank transfer,Yes,77.3,4597.88,No
CUST03021,Female,0,Yes,No,34,Month-to-month,Fiber optic,Yes,Mailed check,Yes,53.04,1712.72,No
CUST03022,Female,0,Yes,No,30,Month-to-month,No,No,Electronic check,No,30.16,867.3,No
CUST03023,Female,0,No,No,10,Two year,DSL,Yes,Electronic check,No,73.4,695.81,No
CUST03024,Female,1,Yes,Yes,8,Month-to-month,Fiber optic,Yes,Credit card,Yes,76.97,670.23,Yes
CUST03025,Male,0,Yes,No,65,Month-to-month,DSL,Yes,Bank transfer,No,64.1,4166.79,No
CUST03026,Male,0,No,No,43,Two year,No,Yes,Bank transfer,No,23.82,971.78,No
CUST03027,Male,0,No,No,15,Month-to-month,DSL,Yes,Mailed check,No,79.09,1171.04,No
CUST03028,Male,0,No,Yes,47,Month-to-month,DSL,Yes,Mailed check,Yes,61.79,2929.06,Yes
CUST03029,Male,0,Yes,Yes,52,Two year,No,Yes,Credit card,Yes,31.98,1676.96,No
CUST03030,Male,0,Yes,No,64,Two year,Fiber optic,Yes,Credit card,Yes,78.02,4939.73,No
CUST03031,Male,0,Yes,No,47,One year,Fiber optic,Yes,Electronic check,No,75.59,3382.11,No
CUST03032,Female,0,No,No,69,Two year,No,Yes,Credit card,No,25.03,1661.49,No
CUST03033,Male,0,No,No,45,Two year,Fiber optic,Yes,Bank transfer,Yes,88.06,3992.56,No
CUST03034,Male,0,Yes,Yes,32,Two year,DSL,Yes,Mailed check,No,49.23,1661.34,No
CUST03035,Female,0,Yes,No,51,Month-to-month,DSL,Yes,Mailed check,Yes,55.98,2874.4,No
CUST03036,Male,0,No,Yes,54,Month-to-month,Fiber optic,Yes,Credit card,No,71.59,3819.14,Yes
CUST03037,Male,0,No,No,50,Month-to-month,DSL,Yes,Credit card,No,74.4,3747.57,No
CUST03038,Female,0,Yes,No,39,Two year,Fiber optic,Yes,Electronic check,No,93.33,3723.29,No
CUST03039,Male,1,No,Yes,24,Month-to-month,DSL,Yes,Mailed check,Yes,65.27,1613.37,No
CUST03040,Male,0,Yes,Yes,62,Month-to-month,Fiber optic,Yes,Credit card,Yes,91.02,5753.58,No
CUST03041,Male,0,No,No,21,Month-to-month,DSL,Yes,Bank transfer,Yes,60.87,1226.88,No
CUST03042,Female,0,No,No,37,One year,Fiber optic,Yes,Credit card,Yes,80.41,2897.45,No
CUST03043,Male,0,No,No,8,One year,DSL,No,Bank transfer,No,65.26,620.55,Yes
CUST03044,Male,0,Yes,No,36,Month-to-month,DSL,Yes,Mailed check,No,65.25,2409.9,No
CUST03045,Female,0,Yes,No,4,One year,Fiber optic,Yes,Bank transfer,No,101.61,512.12,No
CUST03046,Male,0,No,No,21,Month-to-month,DSL,Yes,Bank transfer,Yes,50.88,1098.05,No
CUST03047,Female,0,Yes,No,11,Month-to-month,No,Yes,Bank transfer,Yes,18.0,44.04,No
CUST03048,Female,0,No,No,59,Two year,Fiber optic,Yes,Bank transfer,Yes,73.34,4276.19,No
CUST03049,Male,0,No,Yes,43,One year,DSL,Yes,Credit card,No,71.1,3052.42,No
CUST03050,Female,0,No,Yes,21,Month-to-month,No,Yes,Electronic check,Yes,32.51,617.9,No
CUST03051,Female,0,No,No,5,Two year,Fiber optic,No,Credit card,Yes,53.53,300.26,No
CUST03052,Male,0,No,No,26,Month-to-month,Fiber optic,Yes,Mailed check,Yes,62.87,1590.63,Yes
CUST03053,Female,0,No,No,54,One year,DSL,Yes,Credit card,Yes,56.91,2963.61,No
CUST03054,Female,1,Yes,Yes,14,One year,DSL,Yes,Bank transfer,No,75.91,1139.89,Yes
CUST03055,Male,0,Yes,Yes,63,Month-to-month,Fiber optic,Yes,Credit card,Yes,69.9,4447.11,No
CUST03056,Male,0,Yes,Yes,16,Month-to-month,DSL,Yes,Mailed check,No,65.13,989.96,Yes
CUST03057,Male,0,Yes,Yes,2,Month-to-month,Fiber optic,Yes,Electronic check,Yes,69.88,102.48,No
CUST03058,Female,1,No,No,9,Month-to-month,Fiber optic,Yes,Bank transfer,Yes,112.05,965.6,Yes
CUST03059,Male,0,No,No,62,Month-to-month,DSL,Yes,Bank transfer,Yes,59.66,3763.22,No
CUST03060,Female,0,No,No,62,Month-to-month,No,Yes,Bank transfer,No,26.77,1718.72,No
CUST03061,Female,1,No,No,61,One year,DSL,Yes,Bank transfer,Yes,81.39,4911.78,No
CUST03062,Female,1,No,No,8,One year,DSL,Yes,Electronic check,Yes,64.49,489.41,Yes
CUST03063,Female,0,No,Yes,23,Two year,No,Yes,Credit card,No,18.0,516.26,No
CUST03064,Female,0,Yes,No,31,Month-to-month,DSL,Yes,Electronic check,Yes,84.98,2667.21,No
CUST03065,Female,0,No,No,2,Month-to-month,No,Yes,Mailed check,Yes,41.25,121.8,Yes
CUST03066,Female,0,Yes,Yes,32,Month-to-month,Fiber optic,Yes,Mailed check,Yes,81.23,2726.87,Yes
CUST03067,Male,0,No,No,42,Two year,Fiber optic,Yes,Credit card,Yes,65.2,2767.83,No
CUST03068,Male,0,Yes,No,11,Two year,Fiber optic,No,Bank transfer,Yes,81.99,876.91,No
CUST03069,Female,0,No,Yes,31,Two year,DSL,Yes,Bank transfer,Yes,68.7,2100.91,No
CUST03070,Female,0,No,Yes,19,Month-to-month,Fiber optic,Yes,Electronic check,No,84.42,1568.34,No
CUST03071,Male,0,No,No,66,One year,No,Yes,Electronic check,No,18.0,1264.92,No
CUST03072,Female,0,No,Yes,67,One year,DSL,Yes,Mailed check,Yes,45.88,3136.51,No
CUST03073,Male,0,No,Yes,16,One year,DSL,No,Electronic check,Yes,92.45,1517.56,Yes
CUST03074,Male,0,Yes,No,18,One year,Fiber optic,Yes,Bank transfer,Yes,79.38,1447.21,Yes
CUST03075,Male,1,Yes,No,3,Month-to-month,DSL,Yes,Electronic check,No,62.34,244.81,Yes
CUST03076,Female,0,No,No,16,One year,Fiber optic,Yes,Credit card,Yes,65.38,950.22,No
CUST03077,Female,0,Yes,No,63,Two year,Fiber optic,Yes,Credit card,No,69.14,4356.67,No
CUST03078,Male,1,Yes,No,21,Month-to-month,DSL,Yes,Bank transfer,No,66.08,1370.67,No
CUST03079,Male,0,No,No,65,Two year,Fiber optic,Yes,Mailed check,Yes,92.67,5916.27,No
CUST03080,Male,0,Yes,No,41,Month-to-month,Fiber optic,Yes,Electronic check,No,99.62,4145.97,No
CUST03081,Male,1,Yes,No,44,One year,DSL,Yes,Bank transfer,Yes,50.34,2223.4,No
CUST03082,Male,0,Yes,Yes,10,One year,No,Yes,Bank transfer,Yes,25.94,283.12,No
CUST03083,Female,0,Yes,No,52,One year,DSL,Yes,Credit card,Yes,63.41,3303.58,No
CUST03084,Male,0,No,No,59,Month-to-month,Fiber optic,No,Mailed check,Yes,84.66,4923.87,Yes
CUST03085,Female,0,No,No,28,One year,Fiber optic,Yes,Electronic check,No,83.02,2219.79,Yes
CUST03086,Male,0,No,No,19,Month-to-month,Fiber optic,Yes,Electronic check,Yes,103.25,1825.45,Yes
CUST03087,Female,1,Yes,No,4,Two year,DSL,Yes,Electronic check,Yes,65.07,209.21,Yes
CUST03088,Female,0,No,No,24,Month-to-month,No,Yes,Electronic check,Yes,26.89,658.35,No
CUST03089,Female,0,Yes,Yes,33,Month-to-month,No,Yes,Electronic check,Yes,27.12,1009.5,No
CUST03090,Female,0,No,No,11,Two year,Fiber optic,No,Electronic check,Yes,72.61,637.93,Yes
CUST03091,Female,0,No,No,27,Month-to-month,DSL,No,Bank transfer,No,67.79,1664.97,No
CUST03092,Female,0,No,Yes,5,Month-to-month,No,Yes,Electronic check,No,18.0,43.95,No
CUST03093,Male,0,No,Yes,18,Two year,No,Yes,Bank transfer,Yes,23.41,477.29,No
CUST03094,Female,0,Yes,No,11,Month-to-month,Fiber optic,Yes,Mailed check,Yes,83.2,954.76,No
CUST03095,Male,0,Yes,No,24,Month-to-month,DSL,Yes,Bank transfer,No,57.95,1374.31,No
CUST03096,Female,0,No,Yes,12,Month-to-month,DSL,Yes,Electronic check,Yes,64.88,620.56,No
CUST03097,Female,0,Yes,No,2,Two year,DSL,Yes,Electronic check,No,69.5,11.17,No
CUST03098,Male,0,Yes,Yes,23,Month-to-month,DSL,Yes,Electronic check,No,60.18,1473.04,No
CUST03099,Female,0,Yes,No,7,One year,DSL,Yes,Credit card,Yes,55.22,410.5,No
CUST03100,Male,0,Yes,No,44,Month-to-month,No,No,Mailed check,No,30.41,1413.79,No
CUST03101,Male,0,No,Yes,71,Month-to-month,Fiber optic,Yes,Bank transfer,Yes,79.22,5688.11,No
CUST03102,Male,0,No,Yes,0,Month-to-month,DSL,Yes,Credit card,Yes,77.86,167.14,Yes
CUST03103,Male,0,Yes,No,2,Two year,Fiber optic,Yes,Bank transfer,Yes,60.62,86.29,Yes
CUST03104,Female,1,Yes,No,64,Month-to-month,DSL,Yes,Electronic check,Yes,58.25,3698.62,No
CUST03105,Female,0,No,Yes,14,Month-to-month,Fiber optic,Yes,Mailed check,Yes,92.95,1330.67,Yes
CUST03106,Male,0,No,No,49,Month-to-month,Fiber optic,Yes,Credit card,Yes,86.41,4324.5,No
CUST03107,Female,0,No,No,19,Month-to-month,DSL,Yes,Bank transfer,No,68.22,1164.69,No
CUST03108,Female,0,No,No,2,Month-to-month,DSL,Yes,Electronic check,Yes,63.53,83.48,No
CUST03109,Male,0,No,No,60,Month-to-month,Fiber optic,Yes,Credit card,Yes,116.12,6955.48,No
CUST03110,Female,0,No,No,14,Month-to-month,Fiber optic,Yes,Mailed check,Yes,57.22,806.14,No
CUST03111,Male,0,No,No,58,Two year,Fiber optic,Yes,Bank transfer,Yes,67.07,3945.96,No
CUST03112,Male,1,Yes,Yes,53,Month-to-month,No,Yes,Bank transfer,Yes,18.0,1065.08,No
CUST03113,Female,1,No,No,59,Month-to-month,Fiber optic,Yes,Mailed check,Yes,77.23,4624.76,No
CUST03114,Female,0,Yes,No,36,Month-to-month,Fiber optic,Yes,Bank transfer,No,87.22,3148.95,No
CUST03115,Female,0,No,Yes,20,Month-to-month,No,Yes,Credit card,No,29.7,606.69,No
CUST03116,Male,0,No,No,22,Month-to-month,DSL,Yes,Mailed check,Yes,59.22,1310.98,No
CUST03117,Male,0,No,Yes,17,Month-to-month,DSL,Yes,Electronic check,Yes,43.31,886.9,No
CUST03118,Female,0,Yes,No,16,One year,No,Yes,Bank transfer,Yes,22.87,431.13,No
CUST03119,Female,0,No,No,30,Month-to-month,No,Yes,Electronic check,Yes,34.16,941.76,No
CUST03120,Female,0,Yes,No,63,Month-to-month,DSL,Yes,Electronic check,Yes,74.61,4688.42,No
CUST03121,Female,0,Yes,No,47,One year,No,Yes,Mailed check,No,29.48,1325.3,No
CUST03122,Male,0,Yes,Yes,25,Two year,DSL,Yes,Mailed check,Yes,55.32,1471.99,Yes
CUST03123,Female,0,Yes,No,21,Month-to-month,No,Yes,Electronic check,No,29.51,487.13,No
CUST03124,Male,0,Yes,No,44,Month-to-month,DSL,Yes,Electronic check,No,51.6,2225.09,Yes
CUST03125,Male,0,No,Yes,35,Month-to-month,DSL,No,Electronic check,Yes,69.72,1921.385,No
CUST03126,Female,0,No,No,63,Two year,Fiber optic,Yes,Mailed check,No,108.59,6804.9,No
CUST03127,Female,0,Yes,Yes,34,One year,No,Yes,Electronic check,No,27.96,883.55,No
CUST03128,Female,1,Yes,No,26,Month-to-month,No,Yes,Bank transfer,Yes,30.82,778.26,No
CUST03129,Male,0,No,No,67,Month-to-month,No,Yes,Bank transfer,Yes,26.79,1876.47,No
CUST03130,Female,0,No,No,16,One year,Fiber optic,Yes,Bank transfer,No,79.51,1295.9,No
CUST03131,Female,0,Yes,Yes,69,Month-to-month,Fiber optic,Yes,Electronic check,No,76.58,5321.56,No
CUST03132,Male,0,No,No,10,One year,DSL,Yes,Bank transfer,No,55.32,629.51,No
CUST03133,Female,0,No,Yes,4,Two year,DSL,Yes,Mailed check,No,75.83,364.66,No
CUST03134,Male,0,Yes,No,57,Month-to-month,Fiber optic,Yes,Electronic check,Yes,99.32,5520.65,No
CUST03135,Female,0,Yes,No,56,Month-to-month,Fiber optic,Yes,Mailed check,Yes,55.77,3125.44,Yes
CUST03136,Male,0,No,No,13,Month-to-month,No,Yes,Mailed check,Yes,29.57,383.39,Yes
CUST03137,Female,0,Yes,No,71,Month-to-month,DSL,Yes,Bank transfer,Yes,75.33,5242.06,No
CUST03138,Female,0,No,No,0,One year,Fiber optic,Yes,Mailed check,Yes,69.29,119.95,Yes
CUST03139,Male,0,Yes,No,15,Month-to-month,No,Yes,Bank transfer,No,20.41,211.58,No
CUST03140,Male,0,No,No,25,Month-to-month,Fiber optic,Yes,Credit card,Yes,78.07,1912.71,Yes
CUST03141,Female,0,No,Yes,48,Month-to-month,Fiber optic,Yes,Credit card,No,77.37,3700.46,No
CUST03142,Male,0,Yes,No,41,Two year,Fiber optic,Yes,Electronic check,Yes,77.57,3251.26,No
CUST03143,Male,0,No,No,69,Month-to-month,No,Yes,Mailed check,Yes,18.0,1219.73,No
CUST03144,Male,0,No,Yes,65,Month-to-month,DSL,Yes,Electronic check,Yes,39.16,2478.29,No
CUST03145,Male,0,No,No,52,Month-to-month,Fiber optic,Yes,Mailed check,Yes,76.79,4114.51,No
CUST03146,Female,1,No,No,8,One year,DSL,Yes,Bank transfer,No,63.7,535.34,No
CUST03147,Female,0,Yes,Yes,68,Month-to-month,No,Yes,Electronic check,No,40.94,2671.34,No
CUST03148,Male,0,No,No,39,Month-to-month,DSL,Yes,Electronic check,Yes,62.01,2428.51,No
CUST03149,Male,0,Yes,No,55,Two year,Fiber optic,Yes,Electronic check,No,78.79,4388.41,No
CUST03150,Male,0,Yes,No,4,Month-to-month,Fiber optic,Yes,Mailed check,Yes,85.26,367.67,No
CUST03151,Male,1,Yes,Yes,55,Month-to-month,Fiber optic,Yes,Bank transfer,Yes,67.85,3782.18,No
CUST03152,Female,0,Yes,Yes,71,Two year,Fiber optic,No,Mailed check,Yes,57.22,4091.76,No
CUST03153,Female,0,Yes,Yes,4,Month-to-month,DSL,Yes,Bank transfer,No,63.71,200.29,No
CUST03154,Male,0,No,No,68,Month-to-month,DSL,Yes,Bank transfer,Yes,53.59,3513.8,No
CUST03155,Male,0,No,No,51,Month-to-month,No,Yes,Electronic check,No,42.76,2279.97,No
CUST03156,Male,0,Yes,No,72,One year,Fiber optic,Yes,Electronic check,Yes,53.19,3819.68,No
CUST03157,Female,1,Yes,No,32,Two year,No,Yes,Credit card,No,29.2,961.03,No
CUST03158,Male,0,No,Yes,21,One year,Fiber optic,Yes,Mailed check,No,74.06,1541.46,No
CUST03159,Female,0,Yes,No,14,Month-to-month,DSL,Yes,Mailed check,Yes,63.77,870.05,No
CUST03160,Male,1,Yes,No,64,Month-to-month,DSL,Yes,Bank transfer,No,74.92,4871.55,No
CUST03161,Female,0,No,No,70,Month-to-month,DSL,Yes,Electronic check,Yes,60.79,4242.78,No
CUST03162,Male,0,Yes,No,22,One year,No,Yes,Credit card,No,18.27,458.2,No
CUST03163,Female,0,Yes,No,5,One year,Fiber optic,Yes,Bank transfer,Yes,86.93,312.06,No
CUST03164,Male,0,No,No,57,One year,Fiber optic,Yes,Electronic check,Yes,73.93,4100.84,No
CUST03165,Male,0,No,Yes,25,Two year,No,Yes,Electronic check,Yes,32.86,763.29,No
CUST03166,Male,0,Yes,No,11,Month-to-month,Fiber optic,No,Electronic check,No,91.61,820.06,Yes
CUST03167,Female,0,No,No,1,Month-to-month,No,Yes,Electronic check,No,23.12,34.21,No
CUST03168,Male,0,No,Yes,31,Two year,DSL,Yes,Electronic check,Yes,63.56,1881.19,Yes
CUST03169,Female,0,Yes,No,49,Month-to-month,No,Yes,Electronic check,Yes,22.35,1067.07,Yes
CUST03170,Female,0,Yes,Yes,60,Month-to-month,No,Yes,Electronic check,No,28.88,1698.36,No
CUST03171,Male,0,Yes,Yes,10,Month-to-month,Fiber optic,Yes,Mailed check,Yes,69.61,644.49,No
CUST03172,Male,0,Yes,No,67,Month-to-month,Fiber optic,Yes,Electronic check,No,88.57,5818.98,No
CUST03173,Male,0,Yes,Yes,33,Month-to-month,No,Yes,Electronic check,Yes,21.77,756.57,No
CUST03174,Female,0,Yes,No,7,Two year,Fiber optic,Yes,Mailed check,Yes,83.12,633.38,No
CUST03175,Male,0,Yes,No,7,Month-to-month,DSL,Yes,Bank transfer,No,51.14,402.76,Yes
CUST03176,Female,0,No,Yes,14,Month-to-month,No,Yes,Credit card,No,28.8,380.34,No
CUST03177,Female,0,No,No,4,Month-to-month,Fiber optic,No,Mailed check,Yes,86.32,332.78,No
CUST03178,Male,0,No,No,18,Two year,Fiber optic,Yes,Electronic check,No,87.31,1468.23,No
CUST03179,Male,0,No,Yes,8,Month-to-month,DSL,Yes,Bank transfer,Yes,58.32,446.56,No
CUST03180,Male,0,No,No,56,Two year,DSL,Yes,Credit card,No,65.73,3654.01,No
CUST03181,Male,0,No,No,53,Month-to-month,Fiber optic,Yes,Credit card,Yes,61.59,3284.12,Yes
CUST03182,Male,0,Yes,Yes,28,Month-to-month,Fiber optic,Yes,Bank transfer,No,99.38,2714.37,No
CUST03183,Male,0,Yes,No,18,One year,No,Yes,Bank transfer,Yes,18.0,321.31,No
CUST03184,Female,1,No,Yes,45,Month-to-month,Fiber optic,Yes,Bank transfer,No,95.12,4256.15,Yes
CUST03185,Female,0,Yes,Yes,61,Month-to-month,No,Yes,Electronic check,Yes,35.35,2206.87,No
CUST03186,Female,0,Yes,No,59,One year,DSL,Yes,Mailed check,Yes,71.56,4338.21,No
CUST03187,Male,0,No,Yes,4,Month-to-month,DSL,Yes,Bank transfer,Yes,54.79,278.3,No
CUST03188,Female,0,No,No,32,Two year,Fiber optic,Yes,Electronic check,Yes,74.88,2388.79,No
CUST03189,Female,0,No,No,54,Month-to-month,DSL,Yes,Credit card,Yes,57.02,3049.96,No
CUST03190,Female,0,Yes,Yes,18,One year,Fiber optic,Yes,Electronic check,Yes,106.56,1948.11,No
CUST03191,Female,0,Yes,No,16,Two year,Fiber optic,Yes,Electronic check,Yes,93.09,1348.26,Yes
CUST03192,Female,0,No,No,41,Month-to-month,Fiber optic,Yes,Electronic check,No,77.99,3159.44,Yes
CUST03193,Male,0,Yes,No,21,Month-to-month,DSL,Yes,Mailed check,Yes,72.26,1545.44,Yes
CUST03194,Male,0,Yes,No,38,Month-to-month,DSL,No,Mailed check,Yes,84.28,3115.24,No
CUST03195,Female,0,No,Yes,26,Two year,DSL,Yes,Electronic check,No,70.57,1828.95,No
CUST03196,Female,0,No,No,45,One year,Fiber optic,Yes,Bank transfer,No,92.77,4225.65,No
CUST03197,Female,0,No,No,27,Month-to-month,DSL,Yes,Electronic check,Yes,54.8,1531.49,No
CUST03198,Male,0,No,Yes,51,Month-to-month,No,Yes,Mailed check,Yes,26.36,1247.04,No
CUST03199,Male,0,Yes,No,64,Month-to-month,Fiber optic,Yes,Mailed check,Yes,84.57,5316.67,Yes
CUST03200,Female,1,Yes,No,38,One year,No,Yes,Credit card,No,25.54,929.13,No
CUST03201,Male,1,Yes,No,17,Two year,Fiber optic,No,Credit card,Yes,78.8,1413.53,No
CUST03202,Male,0,No,No,21,Month-to-month,No,No,Electronic check,No,27.27,531.82,No
CUST03203,Female,0,No,Yes,67,One year,Fiber optic,Yes,Mailed check,Yes,77.9,5220.3,No
CUST03204,Male,0,Yes,Yes,10,Month-to-month,Fiber optic,Yes,Credit card,No,95.02,953.44,No
CUST03205,Male,0,No,Yes,63,Two year,DSL,Yes,Electronic check,Yes,64.88,4093.52,No
CUST03206,Female,0,Yes,No,70,Month-to-month,No,Yes,Electronic check,Yes,35.06,2467.95,No
CUST03207,Male,0,No,Yes,56,One year,DSL,Yes,Bank transfer,No,71.87,4111.46,No
CUST03208,Male,1,No,No,34,Two year,DSL,Yes,Mailed check,No,89.52,3035.66,No
CUST03209,Female,0,Yes,No,36,One year,DSL,Yes,Credit card,Yes,78.16,2756.49,Yes
CUST03210,Male,0,Yes,Yes,49,Two year,DSL,No,Bank transfer,Yes,78.65,3874.94,No
CUST03211,Male,0,Yes,No,29,Month-to-month,DSL,Yes,Mailed check,No,88.09,2371.98,Yes
CUST03212,Female,0,Yes,No,16,Two year,Fiber optic,Yes,Credit card,Yes,86.63,1366.88,No
CUST03213,Female,0,Yes,Yes,32,Two year,Fiber optic,Yes,Mailed check,Yes,59.49,1788.59,No
CUST03214,Female,0,No,Yes,15,Month-to-month,Fiber optic,No,Bank transfer,Yes,57.34,835.33,No
CUST03215,Male,0,Yes,Yes,14,Month-to-month,DSL,Yes,Credit card,Yes,71.27,1073.16,Yes
CUST03216,Female,0,No,Yes,12,Two year,DSL,No,Bank transfer,Yes,62.85,601.02,Yes
CUST03217,Male,1,Yes,No,2,Month-to-month,DSL,No,Electronic check,Yes,56.15,36.16,No
CUST03218,Female,0,Yes,No,23,Month-to-month,No,Yes,Mailed check,No,19.29,449.79,No
CUST03219,Male,0,Yes,No,22,One year,DSL,Yes,Mailed check,Yes,62.54,1426.53,Yes
CUST03220,Female,0,No,No,58,Month-to-month,No,Yes,Credit card,No,42.76,2558.84,No
CUST03221,Female,0,Yes,Yes,54,One year,DSL,No,Electronic check,No,90.13,4841.22,No
CUST03222,Female,0,No,No,64,Month-to-month,Fiber optic,No,Bank transfer,No,116.93,7410.98,No
CUST03223,Female,1,No,Yes,31,Month-to-month,Fiber optic,Yes,Electronic check,No,80.23,2486.53,No
CUST03224,Male,0,No,Yes,59,One year,DSL,Yes,Bank transfer,No,96.12,5654.39,No
CUST03225,Female,1,No,No,29,Month-to-month,Fiber optic,Yes,Mailed check,Yes,82.39,2450.08,No
CUST03226,Female,0,Yes,No,65,Two year,Fiber optic,Yes,Credit card,Yes,85.68,5620.37,No
CUST03227,Male,0,No,No,17,One year,Fiber optic,Yes,Mailed check,Yes,70.29,1203.21,No
CUST03228,Female,1,No,No,58,Month-to-month,No,Yes,Credit card,Yes,18.0,973.85,No
CUST03229,Male,0,No,No,52,One year,DSL,Yes,Bank transfer,No,76.22,3918.8,Yes
CUST03230,Female,0,Yes,No,63,One year,Fiber optic,Yes,Mailed check,No,78.7,4963.48,No
CUST03231,Female,0,No,No,29,Two year,DSL,Yes,Electronic check,No,72.73,2198.36,No
CUST03232,Female,0,Yes,No,17,One year,Fiber optic,Yes,Electronic check,Yes,74.08,1206.21,No
CUST03233,Male,0,Yes,No,4,Month-to-month,DSL,Yes,Electronic check,No,80.05,346.84,Yes
CUST03234,Female,1,No,Yes,68,Month-to-month,DSL,Yes,Electronic check,No,52.83,3645.11,No
CUST03235,Female,0,No,No,7,Two year,DSL,No,Electronic check,Yes,74.76,662.83,No
CUST03236,Female,0,No,No,8,Two year,Fiber optic,Yes,Mailed check,Yes,93.25,817.65,Yes
CUST03237,Male,1,No,No,31,Month-to-month,Fiber optic,Yes,Credit card,No,80.17,2449.98,No
CUST03238,Male,0,Yes,No,13,One year,No,Yes,Bank transfer,No,24.49,131.7,No
CUST03239,Female,0,Yes,No,12,Month-to-month,Fiber optic,Yes,Electronic check,Yes,81.99,903.18,Yes
CUST03240,Male,0,No,Yes,17,Month-to-month,Fiber optic,No,Bank transfer,Yes,60.55,983.19,Yes
CUST03241,Female,0,Yes,Yes,67,One year,DSL,Yes,Mailed check,No,54.65,3601.99,No
CUST03242,Female,0,No,No,21,Month-to-month,DSL,Yes,Bank transfer,Yes,62.03,1250.86,Yes
CUST03243,Female,1,Yes,No,19,One year,No,Yes,Bank transfer,Yes,18.0,217.4,No
CUST03244,Female,0,Yes,No,14,Month-to-month,Fiber optic,Yes,Electronic check,No,63.11,905.94,No
CUST03245,Female,0,No,No,6,Month-to-month,Fiber optic,Yes,Credit card,No,86.12,516.76,Yes
CUST03246,Female,0,Yes,No,29,Month-to-month,DSL,Yes,Mailed check,Yes,59.23,1577.93,Yes
CUST03247,Female,0,No,Yes,4,Month-to-month,DSL,Yes,Bank transfer,Yes,79.3,508.62,No
CUST03248,Male,0,Yes,No,0,Month-to-month,No,No,Mailed check,Yes,37.28,103.2,No
CUST03249,Male,0,Yes,No,59,Two year,Fiber optic,Yes,Electronic check,Yes,52.08,3129.14,No
CUST03250,Male,0,No,No,30,Month-to-month,Fiber optic,Yes,Bank transfer,Yes,52.28,1560.65,No
CUST03251,Male,0,Yes,No,19,Two year,No,Yes,Credit card,No,18.0,321.93,No
CUST03252,Male,0,No,No,63,Month-to-month,Fiber optic,Yes,Bank transfer,No,80.86,5123.86,No
CUST03253,Male,0,Yes,No,63,Two year,Fiber optic,Yes,Electronic check,Yes,67.0,4262.77,No
CUST03254,Male,0,Yes,No,28,Month-to-month,Fiber optic,Yes,Bank transfer,Yes,95.77,2587.65,Yes
CUST03255,Female,0,No,No,9,Month-to-month,Fiber optic,Yes,Mailed check,Yes,68.61,657.02,Yes
CUST03256,Female,0,No,No,28,One year,DSL,Yes,Mailed check,No,87.9,2462.51,No
CUST03257,Female,0,Yes,No,30,One year,Fiber optic,Yes,Credit card,No,96.4,2961.77,No
CUST03258,Female,0,No,Yes,29,Month-to-month,DSL,Yes,Bank transfer,No,74.57,2275.74,No
CUST03259,Male,0,No,No,24,Month-to-month,Fiber optic,Yes,Mailed check,No,80.23,1816.45,Yes
CUST03260,Male,0,Yes,No,57,Month-to-month,DSL,Yes,Mailed check,Yes,60.22,3478.66,Yes
CUST03261,Female,0,Yes,Yes,56,Month-to-month,DSL,Yes,Electronic check,Yes,61.74,3474.31,Yes
CUST03262,Female,0,No,No,62,Month-to-month,No,Yes,Mailed check,Yes,24.48,1597.95,No
CUST03263,Male,0,Yes,No,36,Month-to-month,Fiber optic,Yes,Mailed check,Yes,86.76,3138.5,No
CUST03264,Female,0,Yes,Yes,57,One year,DSL,Yes,Electronic check,Yes,67.32,3820.04,Yes
CUST03265,Female,0,No,Yes,27,Two year,No,Yes,Mailed check,Yes,18.64,496.34,No
CUST03266,Female,1,Yes,No,26,Month-to-month,Fiber optic,Yes,Mailed check,Yes,111.2,2781.81,Yes
CUST03267,Female,1,No,Yes,69,One year,DSL,Yes,Bank transfer,No,72.56,4983.44,No
CUST03268,Male,0,No,No,36,Month-to-month,Fiber optic,Yes,Bank transfer,Yes,86.44,3163.67,No
CUST03269,Female,0,No,No,5,Month-to-month,Fiber optic,Yes,Electronic check,No,63.28,363.68,Yes
CUST03270,Female,0,No,No,61,One year,Fiber optic,Yes,Electronic check,Yes,61.24,3720.04,No
CUST03271,Male,0,Yes,Yes,32,Two year,No,Yes,Electronic check,Yes,42.79,1488.04,No
CUST03272,Male,0,Yes,No,39,Two year,DSL,Yes,Mailed check,No,66.39,2578.64,No
CUST03273,Female,0,Yes,No,40,Two year,DSL,Yes,Mailed check,No,44.65,1862.28,No
CUST03274,Male,0,No,Yes,41,Month-to-month,DSL,Yes,Electronic check,Yes,63.41,2493.05,Yes
CUST03275,Female,0,Yes,No,8,Month-to-month,DSL,Yes,Bank transfer,Yes,39.63,354.27,No
CUST03276,Female,1,Yes,No,17,Two year,Fiber optic,Yes,Bank transfer,No,86.8,1481.07,No
CUST03277,Male,0,No,Yes,14,Month-to-month,No,Yes,Credit card,Yes,23.07,298.07,No
CUST03278,Female,0,No,No,3,Month-to-month,DSL,Yes,Electronic check,Yes,81.9,291.69,Yes
CUST03279,Female,0,Yes,No,33,Month-to-month,DSL,Yes,Mailed check,Yes,67.23,2235.0,No
CUST03280,Female,0,Yes,Yes,61,Two year,No,Yes,Bank transfer,Yes,23.83,1488.84,No
CUST03281,Female,0,No,No,37,One year,DSL,Yes,Electronic check,Yes,48.4,1834.78,No
CUST03282,Male,0,No,No,70,Month-to-month,Fiber optic,Yes,Credit card,Yes,79.63,5526.3,No
CUST03283,Male,0,Yes,Yes,22,Two year,DSL,No,Credit card,No,61.56,1494.79,No
CUST03284,Female,0,Yes,Yes,19,Two year,DSL,Yes,Electronic check,Yes,67.83,1410.66,No
CUST03285,Male,0,No,Yes,55,Month-to-month,DSL,Yes,Bank transfer,No,62.26,3419.38,No
CUST03286,Female,1,No,Yes,52,Month-to-month,DSL,Yes,Electronic check,No,55.61,2931.29,No
CUST03287,Female,0,No,Yes,1,One year,Fiber optic,Yes,Credit card,No,61.4,0.0,No
CUST03288,Female,0,Yes,No,20,Month-to-month,DSL,Yes,Electronic check,Yes,47.28,842.34,Yes
CUST03289,Female,0,Yes,Yes,41,Two year,DSL,Yes,Credit card,Yes,31.66,1344.87,No
CUST03290,Female,0,No,No,56,Two year,Fiber optic,Yes,Credit card,No,100.9,5767.28,No
CUST03291,Male,0,Yes,No,48,Month-to-month,No,Yes,Mailed check,No,31.12,1471.19,No
CUST03292,Female,0,Yes,No,9,Two year,Fiber optic,Yes,Bank transfer,Yes,99.3,916.41,No
CUST03293,Male,0,Yes,No,71,Month-to-month,DSL,Yes,Electronic check,Yes,80.24,5626.69,No
CUST03294,Male,0,No,No,60,Month-to-month,DSL,Yes,Mailed check,No,73.52,4288.48,No
CUST03295,Female,0,No,Yes,20,Two year,Fiber optic,Yes,Electronic check,No,69.68,1354.68,No
CUST03296,Female,0,No,Yes,59,One year,Fiber optic,Yes,Mailed check,Yes,77.92,4592.76,No
CUST03297,Female,1,No,Yes,12,One year,Fiber optic,Yes,Electronic check,No,70.04,919.25,Yes
CUST03298,Female,0,No,No,47,Month-to-month,DSL,Yes,Mailed check,Yes,53.33,2408.4,Yes
CUST03299,Female,0,No,No,39,One year,DSL,Yes,Mailed check,Yes,55.48,2080.88,No
CUST03300,Male,0,Yes,No,62,Month-to-month,No,Yes,Credit card,No,18.19,1044.74,No
CUST03301,Female,1,Yes,No,8,Month-to-month,No,Yes,Mailed check,Yes,27.77,328.3,Yes
CUST03302,Female,0,No,No,56,Month-to-month,Fiber optic,Yes,Credit card,Yes,85.69,4929.68,No
CUST03303,Male,0,Yes,Yes,50,One year,No,Yes,Credit card,No,34.84,1895.53,No
CUST03304,Male,0,No,No,39,Month-to-month,DSL,Yes,Electronic check,Yes,54.59,2234.4,Yes
CUST03305,Female,0,Yes,No,72,Month-to-month,No,Yes,Bank transfer,Yes,24.07,1755.83,No
CUST03306,Male,0,Yes,Yes,63,Month-to-month,Fiber optic,No,Bank transfer,No,83.28,5245.13,No
CUST03307,Female,0,No,Yes,69,Two year,Fiber optic,Yes,Mailed check,Yes,86.32,6013.66,No
CUST03308,Male,1,No,No,63,Month-to-month,Fiber optic,Yes,Electronic check,Yes,122.99,7734.62,Yes
CUST03309,Male,0,No,No,24,One year,DSL,Yes,Bank transfer,Yes,76.94,1968.51,No
CUST03310,Female,1,No,No,27,Month-to-month,DSL,Yes,Electronic check,No,69.87,1931.88,Yes
CUST03311,Male,0,Yes,No,9,One year,Fiber optic,Yes,Credit card,Yes,54.64,468.25,No
CUST03312,Male,0,Yes,No,27,Two year,DSL,Yes,Credit card,Yes,71.35,1878.76,No
CUST03313,Male,1,No,No,35,Month-to-month,Fiber optic,Yes,Mailed check,Yes,67.14,2362.56,Yes
CUST03314,Male,0,Yes,Yes,10,Month-to-month,Fiber optic,Yes,Mailed check,No,92.3,912.51,Yes
CUST03315,Male,0,Yes,No,20,Month-to-month,DSL,No,Mailed check,No,76.6,1587.04,No
CUST03316,Male,0,Yes,No,25,One year,Fiber optic,Yes,Electronic check,No,43.82,1117.73,Yes
CUST03317,Female,0,Yes,Yes,17,Month-to-month,DSL,Yes,Electronic check,No,43.94,755.13,Yes
CUST03318,Female,0,No,No,67,Month-to-month,DSL,Yes,Credit card,No,47.07,3343.21,No
CUST03319,Male,0,No,No,40,Month-to-month,Fiber optic,No,Mailed check,Yes,92.61,3770.1,No
CUST03320,Female,0,No,No,14,Month-to-month,Fiber optic,Yes,Bank transfer,Yes,67.52,990.53,No
CUST03321,Female,0,No,No,22,One year,DSL,Yes,Bank transfer,Yes,75.76,1616.03,No
CUST03322,Female,0,Yes,No,40,Month-to-month,DSL,Yes,Credit card,Yes,76.1,2899.94,No
CUST03323,Male,0,Yes,No,5,Two year,Fiber optic,Yes,Electronic check,Yes,80.49,638.2,Yes
CUST03324,Female,0,Yes,No,70,Two year,DSL,Yes,Credit card,Yes,64.25,4478.83,No
CUST03325,Male,0,Yes,No,59,Month-to-month,No,Yes,Mailed check,Yes,20.79,1124.33,No
CUST03326,Female,0,Yes,No,51,One year,No,Yes,Credit card,Yes,25.93,1311.59,No
CUST03327,Male,0,Yes,No,8,Month-to-month,DSL,Yes,Mailed check,Yes,73.19,628.77,No
CUST03328,Male,0,No,No,29,One year,No,Yes,Electronic check,Yes,19.2,595.6,No
CUST03329,Female,1,No,No,43,Month-to-month,Fiber optic,Yes,Electronic check,Yes,90.75,3792.75,No
CUST03330,Female,0,No,Yes,61,Two year,Fiber optic,Yes,Credit card,No,100.42,5862.45,Yes
CUST03331,Male,0,No,Yes,42,Month-to-month,DSL,Yes,Electronic check,No,77.93,3377.59,No
CUST03332,Female,0,Yes,No,27,Two year,DSL,Yes,Mailed check,No,53.58,1573.5,No
CUST03333,Female,0,Yes,No,7,Two year,No,Yes,Mailed check,Yes,26.99,301.61,No
CUST03334,Female,0,Yes,No,50,Month-to-month,Fiber optic,Yes,Mailed check,No,85.04,4242.5,No
CUST03335,Male,0,Yes,No,29,Month-to-month,Fiber optic,Yes,Mailed check,No,77.91,2177.71,No
CUST03336,Male,0,Yes,No,10,Two year,DSL,No,Mailed check,Yes,62.91,689.3,Yes
CUST03337,Female,1,Yes,No,19,Month-to-month,No,Yes,Electronic check,No,18.0,353.8,Yes
CUST03338,Female,0,No,No,30,Two year,Fiber optic,No,Credit card,No,96.64,2941.33,No
CUST03339,Female,0,No,No,33,Two year,Fiber optic,No,Mailed check,Yes,90.02,2978.04,No
CUST03340,Male,0,No,No,11,One year,DSL,Yes,Electronic check,No,65.24,649.36,Yes
CUST03341,Male,1,Yes,No,47,Month-to-month,No,Yes,Electronic check,No,18.22,894.45,Yes
CUST03342,Female,0,No,No,27,Month-to-month,Fiber optic,Yes,Bank transfer,No,82.69,2239.08,Yes
CUST03343,Female,0,No,No,66,Two year,DSL,Yes,Bank transfer,No,61.68,4012.84,No
CUST03344,Female,0,No,No,62,Month-to-month,Fiber optic,Yes,Electronic check,Yes,75.84,4689.81,Yes
CUST03345,Female,0,Yes,Yes,47,Month-to-month,No,Yes,Bank transfer,No,34.09,1632.37,No
CUST03346,Female,0,No,Yes,41,Month-to-month,Fiber optic,Yes,Mailed check,No,48.56,1947.88,Yes
CUST03347,Female,0,No,No,51,Two year,Fiber optic,Yes,Credit card,No,81.01,4255.4,No
CUST03348,Male,0,Yes,Yes,4,Month-to-month,DSL,Yes,Credit card,Yes,68.28,170.69,No
CUST03349,Female,0,Yes,No,11,Two year,Fiber optic,Yes,Bank transfer,Yes,87.86,803.23,No
CUST03350,Male,0,Yes,Yes,58,Month-to-month,Fiber optic,Yes,Bank transfer,No,105.77,6166.81,No
CUST03351,Female,0,No,No,64,Month-to-month,Fiber optic,Yes,Bank transfer,No,88.67,5584.29,No
CUST03352,Female,0,No,Yes,51,One year,Fiber optic,Yes,Mailed check,Yes,89.68,4610.91,No
CUST03353,Male,0,Yes,Yes,42,Month-to-month,DSL,Yes,Electronic check,No,73.57,3158.38,No
CUST03354,Male,0,Yes,Yes,62,Month-to-month,No,Yes,Bank transfer,Yes,25.7,1921.385,No
CUST03355,Male,0,No,No,49,Two year,Fiber optic,Yes,Bank transfer,Yes,67.19,3382.47,No
CUST03356,Male,0,Yes,No,38,Month-to-month,Fiber optic,Yes,Electronic check,Yes,59.76,2177.93,No
CUST03357,Female,0,Yes,No,41,Month-to-month,DSL,Yes,Electronic check,Yes,85.3,3543.5,No
CUST03358,Male,0,Yes,No,16,Month-to-month,No,Yes,Electronic check,Yes,38.41,409.48,No
CUST03359,Female,0,No,No,42,One year,Fiber optic,Yes,Bank transfer,No,58.75,2453.67,No
CUST03360,Male,0,No,No,48,Two year,DSL,Yes,Mailed check,No,58.79,2814.01,No
CUST03361,Female,0,Yes,No,4,Month-to-month,No,Yes,Electronic check,Yes,25.72,123.36,Yes
CUST03362,Female,0,No,Yes,0,Month-to-month,DSL,Yes,Credit card,Yes,89.34,17.37,Yes
CUST03363,Female,1,No,Yes,66,Month-to-month,Fiber optic,Yes,Bank transfer,No,86.66,5886.94,No
CUST03364,Female,0,Yes,No,23,Month-to-month,Fiber optic,Yes,Bank transfer,Yes,83.05,2031.75,No
CUST03365,Female,1,No,Yes,28,Month-to-month,No,Yes,Credit card,Yes,53.01,1386.82,Yes
CUST03366,Female,0,Yes,No,14,Month-to-month,DSL,Yes,Electronic check,Yes,35.37,529.2,No
CUST03367,Male,1,No,No,3,Two year,Fiber optic,Yes,Bank transfer,No,120.77,309.66,No
CUST03368,Female,0,Yes,No,43,Two year,Fiber optic,No,Bank transfer,No,62.68,2809.94,No
CUST03369,Male,0,No,Yes,64,Two year,DSL,Yes,Mailed check,No,96.15,6190.26,No
CUST03370,Male,0,Yes,No,30,Month-to-month,No,Yes,Mailed check,Yes,21.38,629.18,No
CUST03371,Female,0,No,No,19,Month-to-month,No,Yes,Credit card,No,18.0,472.55,Yes
CUST03372,Male,0,Yes,No,9,Two year,Fiber optic,Yes,Electronic check,No,63.41,658.14,No
CUST03373,Female,0,No,No,10,Month-to-month,No,Yes,Bank transfer,Yes,20.01,180.01,No
CUST03374,Male,0,Yes,Yes,27,Two year,Fiber optic,Yes,Credit card,Yes,87.08,2338.34,No
CUST03375,Female,0,No,No,37,Two year,Fiber optic,Yes,Electronic check,No,48.28,1851.96,No
CUST03376,Male,0,No,No,23,Month-to-month,Fiber optic,Yes,Mailed check,Yes,66.24,1515.16,No
CUST03377,Female,0,Yes,Yes,38,Month-to-month,Fiber optic,Yes,Credit card,Yes,68.69,2523.64,No
CUST03378,Female,0,No,Yes,50,Month-to-month,Fiber optic,Yes,Electronic check,Yes,96.44,4789.37,No
CUST03379,Female,0,Yes,No,49,Month-to-month,Fiber optic,Yes,Bank transfer,Yes,77.56,3828.89,No
CUST03380,Female,0,No,No,6,Two year,Fiber optic,Yes,Mailed check,Yes,73.49,466.57,No
CUST03381,Male,1,No,No,67,Two year,Fiber optic,Yes,Bank transfer,No,96.06,6311.14,No
CUST03382,Female,0,Yes,Yes,52,Two year,No,Yes,Electronic check,Yes,18.5,934.05,No
CUST03383,Male,0,No,No,36,Month-to-month,Fiber optic,Yes,Mailed check,Yes,99.78,3527.42,Yes
CUST03384,Male,0,Yes,No,53,Two year,DSL,Yes,Mailed check,No,57.7,3175.35,No
CUST03385,Male,0,Yes,No,54,Two year,Fiber optic,Yes,Mailed check,No,99.13,5358.94,No
CUST03386,Female,0,No,No,30,Two year,Fiber optic,Yes,Electronic check,No,110.76,3362.06,Yes
CUST03387,Male,0,No,No,64,Two year,DSL,Yes,Mailed check,No,62.39,3932.31,No
CUST03388,Male,0,Yes,Yes,58,Month-to-month,No,Yes,Credit card,Yes,22.66,1370.59,No
CUST03389,Male,1,Yes,No,46,Month-to-month,DSL,Yes,Mailed check,No,72.53,3282.37,No
CUST03390,Female,0,No,No,48,Month-to-month,Fiber optic,Yes,Credit card,Yes,95.99,4600.3,No
CUST03391,Female,0,Yes,No,17,Month-to-month,No,Yes,Electronic check,No,21.8,281.82,No
CUST03392,Male,1,No,No,2,One year,Fiber optic,No,Bank transfer,Yes,96.5,220.34,Yes
CUST03393,Female,0,No,No,17,Month-to-month,Fiber optic,Yes,Bank transfer,Yes,74.22,1052.13,Yes
CUST03394,Female,0,Yes,No,57,Month-to-month,No,Yes,Electronic check,No,18.0,1246.57,No
CUST03395,Male,0,Yes,No,70,Month-to-month,No,Yes,Mailed check,Yes,18.0,1332.68,No
CUST03396,Male,0,No,Yes,24,Two year,No,Yes,Electronic check,Yes,18.24,414.73,No
CUST03397,Female,0,Yes,No,17,Month-to-month,Fiber optic,Yes,Credit card,No,92.21,1669.63,No
CUST03398,Male,0,No,Yes,51,Month-to-month,Fiber optic,Yes,Mailed check,Yes,84.57,4365.68,No
CUST03399,Female,0,No,No,42,Month-to-month,Fiber optic,Yes,Electronic check,No,83.69,3462.62,Yes
CUST03400,Female,1,No,Yes,66,Month-to-month,DSL,Yes,Bank transfer,No,80.05,5251.49,No
CUST03401,Female,0,Yes,No,6,One year,No,Yes,Credit card,Yes,19.03,0.11,No
CUST03402,Female,1,Yes,No,43,Month-to-month,No,Yes,Bank transfer,Yes,18.0,754.34,No
CUST03403,Female,1,No,No,43,Month-to-month,Fiber optic,Yes,Electronic check,No,62.9,2662.7,No
CUST03404,Female,0,No,Yes,50,Two year,DSL,Yes,Mailed check,Yes,88.38,4384.99,No
CUST03405,Male,0,No,No,20,Month-to-month,DSL,Yes,Bank transfer,No,79.53,1526.26,Yes
CUST03406,Male,0,Yes,No,36,Two year,DSL,No,Credit card,Yes,52.54,1910.23,No
CUST03407,Female,0,No,Yes,27,Two year,Fiber optic,Yes,Electronic check,Yes,88.76,2350.6,No
CUST03408,Female,0,Yes,No,31,Two year,Fiber optic,Yes,Electronic check,Yes,81.39,2440.4,Yes
CUST03409,Female,1,No,No,56,Month-to-month,No,Yes,Credit card,Yes,21.82,1252.26,No
CUST03410,Male,0,No,No,40,Month-to-month,No,No,Electronic check,Yes,18.0,738.76,Yes
CUST03411,Female,0,No,No,53,Month-to-month,Fiber optic,Yes,Mailed check,No,85.59,4414.65,No
CUST03412,Male,0,Yes,No,26,Month-to-month,No,Yes,Bank transfer,Yes,42.66,1106.3,No
CUST03413,Female,0,No,No,39,Month-to-month,Fiber optic,Yes,Credit card,Yes,83.98,3326.85,Yes
CUST03414,Female,0,Yes,No,40,Month-to-month,DSL,Yes,Mailed check,Yes,53.92,2068.4,No
CUST03415,Male,0,No,Yes,69,Month-to-month,No,Yes,Mailed check,Yes,38.59,2650.66,No
CUST03416,Male,0,Yes,Yes,23,Month-to-month,DSL,Yes,Mailed check,Yes,63.51,1348.11,No
CUST03417,Female,0,Yes,No,17,Two year,No,Yes,Electronic check,No,28.94,682.5,No
CUST03418,Female,0,Yes,No,55,One year,Fiber optic,Yes,Mailed check,Yes,75.42,4245.94,No
CUST03419,Female,0,No,Yes,14,Month-to-month,Fiber optic,Yes,Mailed check,Yes,69.19,898.5,No
CUST03420,Male,0,No,No,71,Two year,No,Yes,Electronic check,Yes,18.0,1324.07,No
CUST03421,Male,0,No,No,34,Two year,Fiber optic,Yes,Electronic check,Yes,95.14,3211.65,No
CUST03422,Male,0,No,Yes,26,Month-to-month,No,Yes,Electronic check,Yes,18.0,464.89,No
CUST03423,Male,0,No,Yes,2,Month-to-month,Fiber optic,Yes,Mailed check,No,88.59,263.75,Yes
CUST03424,Male,0,Yes,No,20,Month-to-month,No,Yes,Credit card,Yes,31.92,718.4,No
CUST03425,Male,1,No,No,38,Two year,Fiber optic,Yes,Credit card,No,93.31,3508.06,No
CUST03426,Female,0,No,No,31,Month-to-month,Fiber optic,Yes,Bank transfer,No,76.16,2291.11,No
CUST03427,Female,0,Yes,No,49,Two year,Fiber optic,No,Credit card,No,75.06,3756.36,No
CUST03428,Male,1,Yes,No,8,One year,Fiber optic,Yes,Credit card,No,67.12,486.77,Yes
CUST03429,Female,0,Yes,No,49,One year,No,Yes,Credit card,No,19.16,1084.36,No
CUST03430,Female,0,Yes,Yes,0,Month-to-month,No,Yes,Mailed check,Yes,24.79,159.2,No
CUST03431,Male,1,Yes,No,3,Month-to-month,Fiber optic,Yes,Bank transfer,No,72.31,237.43,Yes
CUST03432,Female,0,Yes,No,3,Month-to-month,No,Yes,Electronic check,No,18.0,4.13,No
CUST03433,Male,0,No,No,33,Month-to-month,Fiber optic,Yes,Bank transfer,Yes,73.69,2239.19,No
CUST03434,Male,1,Yes,No,26,One year,DSL,No,Mailed check,No,64.6,1641.92,No
CUST03435,Female,0,Yes,Yes,14,Two year,Fiber optic,Yes,Bank transfer,No,77.99,973.17,Yes
CUST03436,Male,0,No,No,31,Two year,Fiber optic,No,Bank transfer,Yes,88.48,2727.31,No
CUST03437,Male,0,No,No,40,Month-to-month,DSL,Yes,Electronic check,No,85.26,3467.21,No
CUST03438,Male,0,Yes,No,70,Month-to-month,Fiber optic,Yes,Credit card,Yes,71.48,5001.97,Yes
CUST03439,Male,0,No,Yes,60,Two year,Fiber optic,Yes,Electronic check,No,85.76,5168.68,No
CUST03440,Male,0,Yes,No,62,Two year,DSL,Yes,Electronic check,Yes,73.43,4511.8,No
CUST03441,Male,1,Yes,No,60,Month-to-month,Fiber optic,Yes,Mailed check,Yes,35.01,2011.97,No
CUST03442,Male,1,Yes,Yes,13,One year,DSL,Yes,Electronic check,No,57.0,837.24,No
CUST03443,Male,1,No,Yes,22,Month-to-month,DSL,No,Credit card,Yes,46.58,949.26,No
CUST03444,Female,0,No,No,64,Month-to-month,No,Yes,Electronic check,No,18.0,1034.65,No
CUST03445,Female,0,No,Yes,31,One year,DSL,Yes,Electronic check,No,62.71,1964.13,No
CUST03446,Female,1,No,No,40,Two year,Fiber optic,No,Electronic check,No,83.04,3242.46,No
CUST03447,Male,1,No,No,25,Month-to-month,Fiber optic,Yes,Electronic check,No,89.95,2271.41,No
CUST03448,Male,0,No,No,47,One year,No,Yes,Electronic check,No,18.14,883.51,No
CUST03449,Female,0,No,No,72,One year,Fiber optic,Yes,Mailed check,No,75.86,5507.43,No
CUST03450,Female,0,Yes,No,15,Month-to-month,DSL,Yes,Electronic check,Yes,49.6,711.27,Yes
CUST03451,Female,0,Yes,No,30,One year,No,Yes,Bank transfer,No,28.37,839.94,No
CUST03452,Male,0,No,Yes,65,Month-to-month,Fiber optic,Yes,Bank transfer,Yes,99.88,6436.37,No
CUST03453,Female,1,No,Yes,31,Month-to-month,Fiber optic,Yes,Mailed check,No,97.24,3075.97,No
CUST03454,Female,0,No,Yes,9,One year,DSL,Yes,Credit card,No,65.47,552.89,No
CUST03455,Male,0,Yes,No,24,Month-to-month,No,Yes,Bank transfer,No,18.0,304.07,No
CUST03456,Female,0,No,No,44,Month-to-month,Fiber optic,No,Electronic check,No,72.06,3137.67,No
CUST03457,Male,0,No,Yes,23,Month-to-month,No,No,Credit card,No,25.64,597.41,Yes
CUST03458,Male,0,Yes,No,2,One year,DSL,Yes,Credit card,No,66.62,91.64,No
CUST03459,Male,0,No,No,61,Month-to-month,Fiber optic,Yes,Bank transfer,Yes,84.8,5123.3,No
CUST03460,Female,0,No,No,66,Month-to-month,DSL,No,Bank transfer,Yes,58.58,3902.79,No
CUST03461,Female,0,No,Yes,54,One year,Fiber optic,Yes,Bank transfer,Yes,90.09,4916.74,No
CUST03462,Male,0,No,No,9,Month-to-month,No,Yes,Credit card,Yes,21.37,64.62,No
CUST03463,Female,0,Yes,No,54,Month-to-month,DSL,Yes,Mailed check,No,66.05,3664.88,No
CUST03464,Female,0,Yes,Yes,21,Month-to-month,DSL,Yes,Electronic check,No,79.62,1621.63,No
CUST03465,Female,1,No,No,13,Month-to-month,Fiber optic,Yes,Electronic check,Yes,79.83,1043.72,Yes
CUST03466,Female,0,No,Yes,72,One year,DSL,Yes,Mailed check,Yes,83.42,6038.65,No
CUST03467,Male,0,No,No,7,Month-to-month,Fiber optic,Yes,Electronic check,Yes,49.59,408.93,Yes
CUST03468,Female,0,Yes,No,14,Month-to-month,DSL,Yes,Electronic check,Yes,81.73,1081.43,No
CUST03469,Male,1,Yes,No,14,Month-to-month,No,Yes,Electronic check,No,23.43,332.91,No
CUST03470,Male,0,Yes,Yes,51,One year,DSL,Yes,Electronic check,No,44.79,2237.65,No
CUST03471,Female,0,Yes,No,69,Month-to-month,No,Yes,Bank transfer,Yes,33.89,2301.05,No
CUST03472,Male,0,No,Yes,53,Month-to-month,Fiber optic,Yes,Bank transfer,Yes,66.26,3535.13,No
CUST03473,Female,0,No,No,41,One year,DSL,No,Electronic check,No,84.75,3401.4,No
CUST03474,Female,1,Yes,No,18,Month-to-month,DSL,Yes,Electronic check,No,68.27,1273.32,No
CUST03475,Male,0,Yes,No,39,Month-to-month,No,Yes,Electronic check,Yes,28.28,1067.09,No
CUST03476,Male,0,Yes,No,68,Two year,Fiber optic,Yes,Mailed check,Yes,64.35,4369.0,Yes
CUST03477,Male,0,Yes,Yes,26,Two year,Fiber optic,Yes,Mailed check,Yes,82.22,2130.74,No
CUST03478,Male,0,No,No,42,Month-to-month,DSL,Yes,Credit card,Yes,54.48,2228.79,No
CUST03479,Female,0,No,Yes,51,One year,DSL,Yes,Credit card,Yes,57.47,2946.26,No
CUST03480,Female,0,No,Yes,45,One year,Fiber optic,Yes,Electronic check,No,81.31,3866.66,No
CUST03481,Female,0,Yes,No,13,Two year,Fiber optic,Yes,Electronic check,Yes,80.86,1167.31,Yes
CUST03482,Male,0,No,No,63,Month-to-month,Fiber optic,Yes,Credit card,Yes,103.49,6467.35,Yes
CUST03483,Male,0,Yes,Yes,60,One year,No,Yes,Mailed check,Yes,24.19,1267.55,No
CUST03484,Male,0,No,No,57,Two year,Fiber optic,Yes,Electronic check,Yes,79.39,4366.78,No
CUST03485,Female,0,No,Yes,48,Month-to-month,DSL,Yes,Electronic check,No,72.74,3323.14,No
CUST03486,Male,0,No,Yes,28,One year,No,Yes,Bank transfer,Yes,27.29,704.09,No
CUST03487,Female,0,Yes,Yes,25,Month-to-month,Fiber optic,Yes,Electronic check,No,90.56,2221.54,No
CUST03488,Male,0,Yes,No,26,Two year,No,Yes,Electronic check,Yes,20.07,459.83,No
CUST03489,Female,0,No,No,66,Two year,No,No,Mailed check,Yes,29.97,1793.91,No
CUST03490,Female,0,Yes,No,66,Month-to-month,DSL,Yes,Bank transfer,Yes,63.56,4169.67,No
CUST03491,Male,0,Yes,Yes,34,Month-to-month,Fiber optic,Yes,Electronic check,No,67.19,2364.83,No
CUST03492,Male,0,No,No,59,Month-to-month,DSL,Yes,Bank transfer,No,83.45,5050.06,No
CUST03493,Female,0,Yes,No,60,Month-to-month,Fiber optic,Yes,Electronic check,No,83.3,5035.91,No
CUST03494,Female,0,No,No,69,Month-to-month,Fiber optic,Yes,Electronic check,No,83.61,5755.4,No
CUST03495,Male,0,Yes,No,2,Month-to-month,Fiber optic,Yes,Electronic check,Yes,48.03,0.0,Yes
CUST03496,Male,1,No,No,32,One year,Fiber optic,Yes,Bank transfer,No,54.82,1805.7,No
CUST03497,Female,0,Yes,No,41,One year,No,Yes,Bank transfer,No,27.1,947.78,No
CUST03498,Male,1,No,No,12,Month-to-month,DSL,Yes,Credit card,Yes,60.33,648.43,No
CUST03499,Female,0,Yes,No,28,One year,DSL,No,Electronic check,No,41.57,1055.93,Yes
CUST03500,Female,0,No,No,8,Two year,Fiber optic,Yes,Credit card,Yes,100.59,843.65,No
CUST03501,Male,0,No,No,31,Month-to-month,Fiber optic,Yes,Mailed check,Yes,70.42,2229.64,Yes
CUST03502,Male,1,Yes,Yes,21,Month-to-month,Fiber optic,No,Electronic check,Yes,74.83,1503.13,No
CUST03503,Male,0,Yes,No,57,Month-to-month,Fiber optic,Yes,Mailed check,Yes,77.57,4405.71,No
CUST03504,Male,0,Yes,No,56,Month-to-month,Fiber optic,Yes,Electronic check,Yes,83.62,4762.39,No
CUST03505,Male,0,Yes,Yes,9,One year,DSL,Yes,Electronic check,Yes,67.21,531.28,No
CUST03506,Female,0,No,Yes,24,Month-to-month,DSL,Yes,Credit card,No,51.12,1164.3,No
CUST03507,Female,0,Yes,No,61,Two year,Fiber optic,Yes,Electronic check,Yes,78.5,4879.7,No
CUST03508,Male,0,No,No,62,Two year,DSL,Yes,Electronic check,No,60.23,3734.49,No
CUST03509,Male,0,No,Yes,2,Month-to-month,DSL,Yes,Bank transfer,No,42.56,142.48,No
CUST03510,Male,0,Yes,Yes,46,Month-to-month,DSL,Yes,Mailed check,No,73.33,3379.78,No
CUST03511,Female,0,No,No,54,One year,Fiber optic,Yes,Mailed check,Yes,79.92,4399.43,No
CUST03512,Male,0,Yes,Yes,25,Two year,No,Yes,Electronic check,No,27.04,700.87,No
CUST03513,Male,0,Yes,Yes,12,Month-to-month,No,Yes,Electronic check,Yes,18.0,170.9,No
CUST03514,Female,1,Yes,No,6,Two year,No,Yes,Credit card,Yes,25.57,159.92,No
CUST03515,Female,1,No,No,33,One year,DSL,Yes,Mailed check,No,58.99,2037.7,No
CUST03516,Male,1,Yes,No,21,Month-to-month,No,Yes,Electronic check,No,21.53,423.17,No
CUST03517,Male,0,No,Yes,22,Month-to-month,Fiber optic,Yes,Electronic check,Yes,92.4,2112.85,Yes
CUST03518,Male,1,Yes,No,47,Month-to-month,No,Yes,Electronic check,No,18.14,830.38,No
CUST03519,Female,0,No,Yes,13,Month-to-month,No,Yes,Mailed check,Yes,18.0,197.33,No
CUST03520,Male,0,No,No,51,One year,Fiber optic,Yes,Credit card,No,97.37,5028.93,No
CUST03521,Male,0,Yes,Yes,38,Month-to-month,DSL,Yes,Mailed check,No,96.36,3596.05,No
CUST03522,Male,0,No,Yes,40,Month-to-month,Fiber optic,No,Bank transfer,No,79.43,3288.81,No
CUST03523,Female,1,No,No,35,Month-to-month,DSL,Yes,Bank transfer,Yes,67.22,2441.71,No
CUST03524,Female,0,Yes,No,5,Month-to-month,DSL,Yes,Bank transfer,Yes,73.85,276.89,No
CUST03525,Male,0,Yes,Yes,22,Month-to-month,DSL,No,Bank transfer,Yes,59.61,1385.62,No
CUST03526,Male,0,Yes,No,9,One year,Fiber optic,Yes,Mailed check,No,70.2,702.67,No
CUST03527,Female,0,No,No,59,Month-to-month,DSL,Yes,Mailed check,No,80.41,4734.22,No
CUST03528,Female,0,No,No,29,Month-to-month,No,Yes,Mailed check,No,21.67,639.37,No
CUST03529,Female,0,Yes,No,69,Month-to-month,DSL,Yes,Electronic check,Yes,87.47,5919.5,No
CUST03530,Female,0,Yes,No,4,Month-to-month,Fiber optic,Yes,Mailed check,No,76.68,396.21,Yes
CUST03531,Female,0,No,No,56,Month-to-month,DSL,Yes,Mailed check,No,69.25,3817.88,No
CUST03532,Female,0,No,Yes,42,Two year,No,Yes,Electronic check,Yes,27.2,979.31,No
CUST03533,Female,0,No,No,51,One year,Fiber optic,Yes,Electronic check,Yes,63.71,3203.82,Yes
CUST03534,Female,0,No,Yes,5,Two year,DSL,Yes,Mailed check,No,54.85,202.68,No
CUST03535,Female,1,Yes,Yes,1,Month-to-month,Fiber optic,Yes,Credit card,Yes,80.69,97.58,Yes
CUST03536,Male,0,Yes,Yes,16,Two year,DSL,Yes,Electronic check,No,61.7,1102.82,No
CUST03537,Male,0,Yes,Yes,11,One year,Fiber optic,Yes,Credit card,Yes,75.88,859.13,No
CUST03538,Male,0,No,No,43,One year,Fiber optic,Yes,Bank transfer,Yes,102.97,4490.14,No
CUST03539,Female,0,Yes,No,53,Month-to-month,DSL,Yes,Electronic check,No,65.89,3670.94,No
CUST03540,Male,0,Yes,No,6,Month-to-month,Fiber optic,Yes,Electronic check,No,76.36,437.06,No
CUST03541,Female,0,No,Yes,31,Two year,DSL,No,Electronic check,No,49.37,1366.88,No
CUST03542,Female,0,Yes,No,28,One year,Fiber optic,Yes,Credit card,Yes,66.49,1785.25,No
CUST03543,Male,0,Yes,No,45,One year,Fiber optic,Yes,Credit card,Yes,78.77,3569.12,Yes
CUST03544,Female,0,No,No,72,Month-to-month,Fiber optic,Yes,Mailed check,Yes,72.74,5162.24,No
CUST03545,Male,0,Yes,Yes,52,Month-to-month,No,Yes,Electronic check,No,21.85,1201.92,No
CUST03546,Male,0,Yes,Yes,24,Two year,Fiber optic,Yes,Credit card,No,81.93,1873.54,No
CUST03547,Male,0,No,No,52,Month-to-month,Fiber optic,Yes,Electronic check,No,74.37,3774.09,No
CUST03548,Female,1,Yes,No,28,Two year,No,No,Credit card,No,26.43,632.66,No
CUST03549,Male,0,Yes,No,5,Month-to-month,No,Yes,Mailed check,Yes,34.82,359.17,Yes
CUST03550,Female,0,No,Yes,37,Two year,No,Yes,Bank transfer,No,18.0,649.26,No
CUST03551,Male,0,Yes,Yes,2,Month-to-month,No,Yes,Mailed check,No,18.0,8.83,No
CUST03552,Male,1,No,Yes,34,Month-to-month,No,Yes,Electronic check,Yes,18.82,708.12,Yes
CUST03553,Male,0,Yes,No,54,Month-to-month,DSL,Yes,Electronic check,No,55.77,3063.59,No
CUST03554,Female,0,Yes,No,46,One year,DSL,Yes,Credit card,Yes,66.4,3171.82,Yes
CUST03555,Female,0,Yes,Yes,32,Month-to-month,Fiber optic,Yes,Mailed check,Yes,74.25,2529.21,No
CUST03556,Female,1,Yes,No,2,One year,No,Yes,Electronic check,Yes,20.58,137.3,Yes
CUST03557,Male,1,Yes,No,68,Month-to-month,DSL,Yes,Bank transfer,Yes,65.47,4492.46,No
CUST03558,Male,0,Yes,No,58,Two year,Fiber optic,Yes,Credit card,No,107.24,6184.08,No
CUST03559,Female,0,No,Yes,17,Month-to-month,No,Yes,Electronic check,Yes,27.19,538.56,No
CUST03560,Female,0,Yes,No,65,Month-to-month,No,Yes,Bank transfer,No,23.56,1634.63,No
CUST03561,Female,0,No,No,24,Two year,Fiber optic,Yes,Electronic check,No,101.3,2403.24,No
CUST03562,Female,0,Yes,No,19,One year,Fiber optic,Yes,Credit card,No,108.05,2036.06,Yes
CUST03563,Female,0,Yes,No,70,One year,DSL,Yes,Electronic check,Yes,67.53,4823.72,No
CUST03564,Female,0,Yes,Yes,68,Month-to-month,No,Yes,Mailed check,Yes,21.18,1216.19,No
CUST03565,Male,0,No,Yes,28,Two year,No,Yes,Mailed check,Yes,37.59,1101.66,No
CUST03566,Female,0,No,No,17,Two year,No,Yes,Bank transfer,No,30.25,454.98,No
CUST03567,Male,0,No,No,71,Two year,No,Yes,Electronic check,Yes,18.0,1216.24,No
CUST03568,Male,0,Yes,No,26,Two year,DSL,Yes,Mailed check,Yes,69.27,1739.46,No
CUST03569,Female,1,Yes,No,41,One year,Fiber optic,Yes,Mailed check,Yes,105.51,4193.56,No
CUST03570,Female,0,No,No,65,Month-to-month,DSL,Yes,Credit card,No,83.82,5425.47,No
CUST03571,Male,0,Yes,No,25,Month-to-month,Fiber optic,Yes,Mailed check,No,80.62,2079.06,No
CUST03572,Female,0,Yes,No,22,Two year,DSL,Yes,Electronic check,Yes,54.58,1133.02,No
CUST03573,Female,0,Yes,No,4,Two year,DSL,Yes,Electronic check,Yes,80.16,330.93,No
CUST03574,Male,0,Yes,No,10,One year,No,Yes,Credit card,Yes,24.16,144.97,No
CUST03575,Male,0,Yes,No,18,Month-to-month,Fiber optic,Yes,Credit card,No,72.15,1144.05,Yes
CUST03576,Male,0,No,No,11,Two year,No,Yes,Electronic check,Yes,25.68,26.68,No
CUST03577,Female,0,No,Yes,1,One year,Fiber optic,Yes,Bank transfer,Yes,92.55,111.55,Yes
CUST03578,Male,0,No,No,42,Month-to-month,DSL,Yes,Electronic check,No,70.19,3022.22,No
CUST03579,Female,1,Yes,No,21,Month-to-month,Fiber optic,Yes,Credit card,Yes,51.43,1114.14,No
CUST03580,Male,0,No,No,25,Two year,No,No,Electronic check,No,18.0,343.09,No
CUST03581,Male,1,No,No,32,Month-to-month,Fiber optic,Yes,Mailed check,Yes,104.27,3461.83,Yes
CUST03582,Male,1,No,No,23,Month-to-month,No,Yes,Bank transfer,No,18.0,471.93,No
CUST03583,Female,0,Yes,No,68,Month-to-month,DSL,Yes,Credit card,No,65.05,4509.06,No
CUST03584,Female,0,No,Yes,20,Month-to-month,Fiber optic,Yes,Credit card,Yes,79.36,1668.61,No
CUST03585,Male,0,Yes,No,45,Month-to-month,No,Yes,Electronic check,No,18.0,864.06,No
CUST03586,Male,0,No,No,17,Two year,DSL,Yes,Credit card,No,54.41,901.54,No
CUST03587,Male,0,Yes,No,4,Month-to-month,Fiber optic,Yes,Bank transfer,No,71.99,1921.385,No
CUST03588,Female,1,Yes,No,7,Two year,Fiber optic,Yes,Bank transfer,No,78.6,589.83,No
CUST03589,Male,0,Yes,Yes,56,Month-to-month,Fiber optic,Yes,Credit card,No,89.33,4954.23,No
CUST03590,Female,0,No,Yes,4,Two year,DSL,Yes,Electronic check,No,80.83,340.7,No
CUST03591,Male,0,Yes,No,12,Month-to-month,Fiber optic,Yes,Mailed check,No,61.08,735.33,No
CUST03592,Male,0,No,Yes,65,One year,No,Yes,Credit card,No,36.86,2353.17,No
CUST03593,Male,0,No,No,36,Month-to-month,DSL,Yes,Electronic check,Yes,82.8,2998.82,No
CUST03594,Male,0,No,Yes,28,Month-to-month,Fiber optic,Yes,Credit card,Yes,74.23,2110.7,No
CUST03595,Male,0,No,Yes,68,Month-to-month,DSL,Yes,Credit card,Yes,56.23,3807.57,No
CUST03596,Male,0,No,No,31,One year,Fiber optic,Yes,Electronic check,No,107.01,3131.87,No
CUST03597,Female,0,No,No,47,Month-to-month,Fiber optic,Yes,Credit card,No,88.24,4138.78,No
CUST03598,Male,0,Yes,Yes,1,Two year,Fiber optic,Yes,Electronic check,Yes,97.4,53.02,Yes
CUST03599,Female,0,No,Yes,68,Month-to-month,DSL,Yes,Bank transfer,Yes,41.47,2722.26,No
CUST03600,Male,0,No,No,50,Month-to-month,DSL,No,Mailed check,Yes,59.69,3132.4,Yes
CUST03601,Male,0,Yes,No,34,Month-to-month,Fiber optic,Yes,Electronic check,Yes,98.47,3284.31,No
CUST03602,Female,0,No,No,14,One year,No,No,Credit card,Yes,26.51,474.26,No
CUST03603,Male,0,Yes,Yes,71,Month-to-month,DSL,Yes,Mailed check,No,52.36,3718.38,No
CUST03604,Female,0,Yes,No,64,Month-to-month,Fiber optic,Yes,Mailed check,No,95.51,6100.43,No
CUST03605,Female,0,Yes,Yes,37,One year,Fiber optic,Yes,Credit card,Yes,100.2,3753.44,No
CUST03606,Male,0,Yes,No,16,Month-to-month,DSL,Yes,Electronic check,No,55.63,1032.16,No
CUST03607,Female,0,No,No,44,One year,Fiber optic,Yes,Bank transfer,Yes,92.71,4079.95,No
CUST03608,Female,0,No,No,0,Month-to-month,Fiber optic,Yes,Credit card,No,60.41,0.0,Yes
CUST03609,Male,0,No,No,2,One year,Fiber optic,Yes,Mailed check,No,78.2,203.75,No
CUST03610,Female,1,No,Yes,69,Two year,DSL,Yes,Credit card,No,68.14,4785.2,No
CUST03611,Male,0,Yes,No,51,Month-to-month,No,Yes,Mailed check,Yes,26.15,1375.0,No
CUST03612,Male,0,Yes,No,52,Month-to-month,DSL,Yes,Electronic check,Yes,90.64,4783.34,No
CUST03613,Male,0,No,No,2,Two year,DSL,No,Electronic check,No,84.36,253.75,Yes
CUST03614,Male,0,No,No,46,One year,Fiber optic,Yes,Bank transfer,Yes,88.5,4158.94,No
CUST03615,Female,1,Yes,Yes,5,Month-to-month,DSL,Yes,Electronic check,No,60.6,300.42,Yes
CUST03616,Male,0,No,No,45,One year,DSL,Yes,Credit card,Yes,59.75,2799.27,No
CUST03617,Male,1,No,Yes,60,Month-to-month,Fiber optic,Yes,Electronic check,No,66.1,3942.55,No
CUST03618,Female,0,No,No,42,Two year,Fiber optic,Yes,Mailed check,Yes,71.73,3121.97,No
CUST03619,Male,0,Yes,No,55,One year,Fiber optic,Yes,Electronic check,Yes,74.17,4208.5,No
CUST03620,Male,0,Yes,Yes,69,One year,Fiber optic,Yes,Bank transfer,No,112.0,7798.66,No
CUST03621,Female,0,No,Yes,19,Two year,No,Yes,Bank transfer,Yes,33.41,719.37,No
CUST03622,Female,0,No,No,46,One year,No,No,Credit card,Yes,32.12,1558.22,No
CUST03623,Female,0,Yes,No,53,Month-to-month,DSL,Yes,Mailed check,No,74.82,3972.53,No
CUST03624,Female,0,No,Yes,40,Two year,Fiber optic,Yes,Electronic check,Yes,103.62,4192.18,No
CUST03625,Female,0,No,Yes,65,Month-to-month,DSL,Yes,Credit card,No,55.49,3737.17,No
CUST03626,Female,1,Yes,No,30,Month-to-month,No,Yes,Electronic check,No,38.74,1082.79,No
CUST03627,Female,0,Yes,No,63,Month-to-month,No,Yes,Credit card,Yes,46.84,3054.61,No
CUST03628,Male,0,No,No,57,Two year,DSL,Yes,Credit card,No,73.97,4025.54,No
CUST03629,Female,0,Yes,No,54,One year,Fiber optic,Yes,Electronic check,No,74.06,3955.41,No
CUST03630,Female,0,No,No,45,Month-to-month,No,Yes,Electronic check,Yes,18.73,855.3,No
CUST03631,Female,0,Yes,Yes,23,Month-to-month,Fiber optic,Yes,Credit card,No,73.43,1684.09,No
CUST03632,Male,0,No,Yes,36,Month-to-month,Fiber optic,Yes,Credit card,Yes,89.08,3289.23,No
CUST03633,Male,0,No,No,40,Month-to-month,No,Yes,Bank transfer,Yes,37.27,1368.34,No
CUST03634,Female,0,Yes,No,24,Two year,No,Yes,Credit card,No,27.65,710.47,No
CUST03635,Female,0,No,No,28,One year,Fiber optic,Yes,Credit card,Yes,72.32,1958.21,No
CUST03636,Female,0,Yes,No,30,Two year,No,Yes,Mailed check,Yes,20.19,679.5,No
CUST03637,Male,0,Yes,No,1,Month-to-month,Fiber optic,Yes,Bank transfer,Yes,112.96,22.74,Yes
CUST03638,Male,0,No,No,11,One year,DSL,Yes,Bank transfer,Yes,54.27,627.2,No
CUST03639,Female,0,No,No,4,Month-to-month,Fiber optic,Yes,Electronic check,Yes,84.66,450.35,Yes
CUST03640,Male,0,Yes,Yes,60,Two year,DSL,Yes,Mailed check,Yes,68.44,4051.09,No
CUST03641,Female,1,Yes,No,55,Two year,Fiber optic,Yes,Bank transfer,Yes,70.58,3880.73,No
CUST03642,Male,0,Yes,Yes,70,Two year,No,Yes,Bank transfer,Yes,33.41,2329.41,No
CUST03643,Male,0,Yes,No,36,One year,No,Yes,Electronic check,No,22.37,776.97,No
CUST03644,Female,0,Yes,No,35,Month-to-month,No,Yes,Credit card,Yes,27.07,940.46,No
CUST03645,Female,0,No,No,28,One year,DSL,No,Bank transfer,Yes,81.51,2157.14,No
CUST03646,Female,0,Yes,No,37,Month-to-month,Fiber optic,Yes,Electronic check,No,85.15,3190.4,No
CUST03647,Female,0,No,No,40,Month-to-month,No,No,Mailed check,No,25.33,992.38,No
CUST03648,Male,0,Yes,Yes,32,Month-to-month,No,Yes,Credit card,No,26.82,847.18,No
CUST03649,Male,1,No,No,12,Month-to-month,No,Yes,Mailed check,Yes,27.6,403.49,No
CUST03650,Male,0,No,Yes,5,One year,Fiber optic,Yes,Bank transfer,Yes,72.57,312.73,No
CUST03651,Female,0,No,No,65,Month-to-month,No,Yes,Electronic check,Yes,20.41,1331.34,No
CUST03652,Male,0,Yes,No,7,Month-to-month,No,Yes,Electronic check,No,46.12,122.5,No
CUST03653,Female,0,No,Yes,63,Month-to-month,DSL,Yes,Credit card,No,77.49,5045.35,Yes
CUST03654,Male,0,No,No,8,One year,DSL,Yes,Mailed check,No,66.23,634.18,No
CUST03655,Female,1,No,No,22,One year,No,Yes,Credit card,Yes,23.61,492.02,Yes
CUST03656,Female,0,No,No,70,Month-to-month,Fiber optic,No,Electronic check,No,107.35,7667.29,No
CUST03657,Male,0,Yes,No,20,Two year,DSL,No,Bank transfer,No,52.98,1093.05,No
CUST03658,Female,0,No,No,0,One year,DSL,Yes,Electronic check,No,56.84,0.0,No
CUST03659,Female,0,No,Yes,45,Month-to-month,Fiber optic,Yes,Credit card,No,79.74,3523.11,No
CUST03660,Male,1,No,No,61,One year,DSL,Yes,Credit card,No,79.58,4897.54,No
CUST03661,Female,0,No,No,1,Month-to-month,DSL,Yes,Bank transfer,Yes,65.45,24.17,No
CUST03662,Female,0,No,Yes,43,Month-to-month,DSL,Yes,Electronic check,No,79.49,3378.12,No
CUST03663,Female,0,No,No,4,One year,No,Yes,Mailed check,Yes,20.69,115.89,Yes
CUST03664,Male,0,No,No,38,Month-to-month,DSL,Yes,Mailed check,Yes,52.29,2062.87,No
CUST03665,Male,0,No,No,65,Month-to-month,Fiber optic,Yes,Credit card,Yes,80.51,5171.33,No
CUST03666,Female,0,Yes,Yes,44,One year,Fiber optic,No,Mailed check,Yes,80.81,3711.34,Yes
CUST03667,Male,0,No,No,12,One year,Fiber optic,Yes,Electronic check,No,87.08,1032.88,Yes
CUST03668,Female,0,No,Yes,31,Month-to-month,DSL,Yes,Bank transfer,Yes,64.96,2010.87,Yes
CUST03669,Female,1,Yes,No,42,Two year,DSL,Yes,Bank transfer,Yes,45.11,1886.34,No
CUST03670,Female,0,Yes,No,7,Month-to-month,DSL,Yes,Credit card,Yes,74.51,420.08,Yes
CUST03671,Female,0,No,Yes,58,Month-to-month,No,Yes,Credit card,Yes,39.64,2241.46,No
CUST03672,Female,0,No,Yes,10,One year,Fiber optic,Yes,Credit card,No,97.05,852.92,No
CUST03673,Male,0,Yes,No,27,One year,DSL,No,Bank transfer,No,37.83,912.87,Yes
CUST03674,Female,1,No,Yes,38,Month-to-month,No,Yes,Mailed check,No,21.88,749.41,No
CUST03675,Male,0,No,Yes,25,Two year,DSL,No,Credit card,Yes,51.58,1257.43,No
CUST03676,Male,0,Yes,No,71,Two year,Fiber optic,Yes,Electronic check,No,90.54,6357.32,No
CUST03677,Female,0,Yes,No,25,Two year,Fiber optic,No,Bank transfer,No,82.51,2021.21,No
CUST03678,Female,0,No,No,31,Month-to-month,Fiber optic,Yes,Mailed check,Yes,101.53,3155.12,No
CUST03679,Male,0,No,No,45,Two year,Fiber optic,Yes,Electronic check,Yes,76.23,3368.73,Yes
CUST03680,Male,0,Yes,No,27,Two year,DSL,Yes,Bank transfer,Yes,61.66,1660.91,No
CUST03681,Male,1,Yes,No,6,Two year,Fiber optic,Yes,Bank transfer,Yes,91.16,676.33,No
CUST03682,Female,0,Yes,Yes,34,Two year,Fiber optic,Yes,Electronic check,No,83.45,2792.59,No
CUST03683,Male,1,No,No,65,Month-to-month,DSL,Yes,Mailed check,No,59.23,3826.07,No
CUST03684,Female,0,Yes,No,21,Month-to-month,Fiber optic,Yes,Mailed check,Yes,66.26,1420.63,No
CUST03685,Female,0,No,Yes,21,Month-to-month,No,No,Bank transfer,Yes,32.66,761.67,Yes
CUST03686,Female,0,Yes,No,2,Month-to-month,Fiber optic,Yes,Bank transfer,Yes,90.21,143.0,Yes
CUST03687,Male,0,No,No,45,Two year,Fiber optic,Yes,Electronic check,No,69.29,3053.87,No
CUST03688,Female,0,Yes,No,49,One year,Fiber optic,Yes,Electronic check,No,70.0,3485.36,No
CUST03689,Female,1,No,No,7,Two year,No,Yes,Credit card,No,23.74,226.42,No
CUST03690,Female,1,No,No,3,Month-to-month,DSL,Yes,Credit card,No,48.95,93.11,Yes
CUST03691,Female,1,Yes,No,14,Month-to-month,Fiber optic,Yes,Credit card,Yes,84.99,1211.51,Yes
CUST03692,Female,0,Yes,Yes,43,Month-to-month,Fiber optic,Yes,Mailed check,Yes,88.4,3898.65,No
CUST03693,Male,1,No,No,38,One year,DSL,Yes,Mailed check,Yes,74.01,2940.3,No
CUST03694,Female,0,Yes,Yes,28,Two year,Fiber optic,Yes,Credit card,No,80.42,2345.48,No
CUST03695,Female,0,No,Yes,72,Two year,Fiber optic,No,Mailed check,No,44.12,3208.55,No
CUST03696,Male,0,Yes,No,61,Month-to-month,No,Yes,Electronic check,Yes,28.18,1688.4,No
CUST03697,Female,0,Yes,Yes,33,Two year,Fiber optic,Yes,Bank transfer,Yes,72.08,2357.56,No
CUST03698,Male,0,No,Yes,25,Month-to-month,DSL,Yes,Mailed check,Yes,56.01,1390.02,No
CUST03699,Female,0,No,Yes,17,Month-to-month,DSL,Yes,Bank transfer,Yes,70.46,1204.21,No
CUST03700,Male,1,No,No,62,Month-to-month,Fiber optic,Yes,Bank transfer,No,78.82,4949.49,No
CUST03701,Male,0,Yes,Yes,51,Month-to-month,Fiber optic,Yes,Credit card,No,70.6,3579.11,No
CUST03702,Female,0,Yes,No,53,Two year,DSL,Yes,Electronic check,No,60.41,3179.58,No
CUST03703,Female,1,No,Yes,41,Two year,Fiber optic,Yes,Mailed check,Yes,82.04,3425.72,No
CUST03704,Female,0,Yes,No,53,Month-to-month,No,No,Bank transfer,No,67.035,1385.38,No
CUST03705,Male,1,Yes,No,51,Month-to-month,DSL,Yes,Mailed check,Yes,72.33,3723.7,No
CUST03706,Male,0,Yes,No,12,Month-to-month,Fiber optic,Yes,Bank transfer,Yes,62.41,753.42,No
CUST03707,Male,0,Yes,No,31,Month-to-month,Fiber optic,Yes,Credit card,Yes,90.4,2795.21,No
CUST03708,Female,0,No,No,65,One year,Fiber optic,Yes,Mailed check,No,80.93,5192.27,No
CUST03709,Male,0,No,No,57,One year,Fiber optic,Yes,Mailed check,Yes,58.6,3309.93,No
CUST03710,Male,0,No,No,38,Month-to-month,Fiber optic,Yes,Electronic check,No,68.43,2638.29,No
CUST03711,Female,0,No,Yes,26,Month-to-month,No,Yes,Credit card,No,25.68,668.14,Yes
CUST03712,Male,0,No,No,53,Month-to-month,DSL,Yes,Credit card,No,60.94,3300.34,No
CUST03713,Male,1,No,No,71,Month-to-month,Fiber optic,Yes,Bank transfer,Yes,96.56,6919.67,Yes
CUST03714,Female,0,No,No,72,Two year,Fiber optic,Yes,Mailed check,Yes,112.14,7979.63,No
CUST03715,Male,0,Yes,No,42,Two year,DSL,Yes,Bank transfer,Yes,74.62,2958.26,No
CUST03716,Female,0,Yes,No,51,Month-to-month,Fiber optic,Yes,Electronic check,Yes,68.14,3486.52,Yes
CUST03717,Female,0,No,No,13,Month-to-month,DSL,Yes,Electronic check,No,66.88,842.68,Yes
CUST03718,Female,0,Yes,No,7,Month-to-month,Fiber optic,Yes,Mailed check,Yes,73.86,498.88,Yes
CUST03719,Female,1,Yes,No,34,Month-to-month,Fiber optic,Yes,Electronic check,No,72.27,2455.81,No
CUST03720,Female,0,No,No,17,Month-to-month,Fiber optic,No,Electronic check,Yes,88.32,1437.94,No
CUST03721,Male,0,No,Yes,54,Two year,No,Yes,Credit card,No,20.74,1135.72,No
CUST03722,Male,0,No,No,51,Two year,DSL,Yes,Credit card,No,48.1,2476.15,No
CUST03723,Female,0,Yes,No,71,Month-to-month,No,Yes,Electronic check,Yes,26.96,1872.18,No
CUST03724,Female,0,No,No,48,Month-to-month,No,Yes,Electronic check,No,24.36,1191.58,No
CUST03725,Male,0,No,Yes,7,Month-to-month,DSL,Yes,Credit card,Yes,43.99,218.03,No
CUST03726,Female,0,No,Yes,36,Month-to-month,No,Yes,Credit card,No,31.35,1103.36,No
CUST03727,Female,0,Yes,No,65,One year,Fiber optic,Yes,Bank transfer,No,66.41,4289.4,No
CUST03728,Female,0,Yes,Yes,40,One year,No,Yes,Electronic check,Yes,32.45,1409.33,Yes
CUST03729,Male,0,Yes,No,72,Month-to-month,No,Yes,Electronic check,Yes,21.08,1537.93,No
CUST03730,Male,0,Yes,Yes,26,Two year,No,Yes,Credit card,Yes,18.07,557.69,No
CUST03731,Female,0,Yes,Yes,19,One year,Fiber optic,Yes,Credit card,No,65.09,1238.72,No
CUST03732,Female,1,Yes,No,37,Month-to-month,Fiber optic,Yes,Bank transfer,Yes,86.61,3154.57,No
CUST03733,Male,0,No,Yes,11,Month-to-month,Fiber optic,Yes,Credit card,Yes,71.56,775.7,No
CUST03734,Male,0,No,No,41,Month-to-month,Fiber optic,Yes,Electronic check,Yes,89.41,3593.98,No
CUST03735,Female,0,No,No,49,One year,DSL,Yes,Electronic check,No,61.14,2980.99,No
CUST03736,Female,1,Yes,No,30,One year,Fiber optic,Yes,Electronic check,No,70.23,2212.63,No
CUST03737,Male,1,Yes,No,64,Two year,No,Yes,Electronic check,Yes,21.92,1454.5,No
CUST03738,Male,1,Yes,No,52,Two year,No,No,Credit card,Yes,44.77,2378.7,No
CUST03739,Male,0,Yes,No,39,Two year,No,No,Credit card,No,18.0,765.53,No
CUST03740,Female,0,Yes,Yes,72,Month-to-month,DSL,Yes,Electronic check,No,52.26,3755.37,No
CUST03741,Male,0,No,Yes,38,One year,Fiber optic,Yes,Mailed check,Yes,91.66,3481.33,No
CUST03742,Female,0,No,No,9,Two year,Fiber optic,Yes,Mailed check,No,68.52,607.95,Yes
CUST03743,Male,0,No,No,28,Month-to-month,DSL,Yes,Electronic check,Yes,80.69,2321.11,Yes
CUST03744,Male,0,No,No,39,Month-to-month,Fiber optic,Yes,Credit card,Yes,79.46,3083.05,Yes
CUST03745,Male,0,No,Yes,29,Month-to-month,Fiber optic,Yes,Mailed check,No,75.35,2102.63,No
CUST03746,Male,0,No,No,1,Month-to-month,No,Yes,Mailed check,No,29.76,0.0,No
CUST03747,Female,0,No,No,27,Two year,No,Yes,Electronic check,Yes,18.0,674.77,No
CUST03748,Female,0,No,No,46,Month-to-month,No,Yes,Mailed check,No,21.33,1059.39,No
CUST03749,Male,1,No,Yes,31,One year,Fiber optic,Yes,Credit card,No,58.16,1757.66,No
CUST03750,Female,0,No,Yes,31,Month-to-month,DSL,Yes,Electronic check,No,67.12,1928.11,No
CUST03751,Male,0,Yes,Yes,26,Two year,No,Yes,Electronic check,Yes,34.22,931.18,No
CUST03752,Male,0,No,Yes,53,One year,DSL,Yes,Bank transfer,No,53.54,2895.81,No
CUST03753,Male,0,No,No,55,Two year,Fiber optic,Yes,Bank transfer,No,82.18,4626.42,No
CUST03754,Male,0,No,Yes,30,Month-to-month,DSL,Yes,Electronic check,No,61.36,1846.64,No
CUST03755,Female,0,Yes,No,23,Two year,No,Yes,Electronic check,Yes,18.0,393.58,No
CUST03756,Male,0,Yes,No,34,Month-to-month,DSL,Yes,Electronic check,Yes,52.85,1870.02,No
CUST03757,Male,0,No,No,29,One year,DSL,Yes,Credit card,No,57.65,1732.46,No
CUST03758,Female,1,No,No,54,Month-to-month,Fiber optic,Yes,Electronic check,Yes,81.22,4454.46,No
CUST03759,Male,0,Yes,No,63,One year,DSL,Yes,Electronic check,No,65.54,4029.97,Yes
CUST03760,Male,0,No,No,32,Two year,No,Yes,Credit card,Yes,28.11,1002.42,No
CUST03761,Male,0,No,Yes,45,Two year,DSL,Yes,Credit card,Yes,60.74,2751.53,No
CUST03762,Female,1,Yes,Yes,32,One year,No,Yes,Mailed check,Yes,24.25,768.45,No
CUST03763,Male,0,No,Yes,67,Month-to-month,Fiber optic,Yes,Credit card,Yes,88.31,5878.15,No
CUST03764,Female,0,Yes,Yes,63,Month-to-month,Fiber optic,Yes,Mailed check,Yes,89.66,5749.75,No
CUST03765,Male,1,No,No,29,Month-to-month,No,Yes,Electronic check,No,18.78,440.45,No
CUST03766,Male,1,No,No,28,Month-to-month,Fiber optic,Yes,Mailed check,Yes,78.86,2062.8,No
CUST03767,Female,1,No,Yes,61,Two year,Fiber optic,Yes,Mailed check,Yes,69.01,4097.58,No
CUST03768,Male,0,No,No,29,Two year,DSL,Yes,Electronic check,No,54.9,1681.8,No
CUST03769,Male,0,Yes,No,11,Two year,DSL,No,Electronic check,Yes,47.79,491.4,No
CUST03770,Female,1,No,No,66,Month-to-month,No,Yes,Credit card,No,26.76,1567.05,No
CUST03771,Female,0,No,Yes,14,Month-to-month,DSL,Yes,Mailed check,No,88.52,1206.33,Yes
CUST03772,Female,0,No,Yes,9,One year,Fiber optic,Yes,Electronic check,Yes,104.79,1035.02,No
CUST03773,Female,0,Yes,No,60,One year,Fiber optic,No,Credit card,Yes,88.22,5197.38,Yes
CUST03774,Female,0,Yes,Yes,22,Month-to-month,Fiber optic,Yes,Electronic check,Yes,83.13,1843.48,Yes
CUST03775,Male,1,No,No,10,Two year,DSL,Yes,Electronic check,No,76.66,693.91,No
CUST03776,Female,0,No,No,15,Month-to-month,No,Yes,Credit card,Yes,18.0,426.35,No
CUST03777,Male,0,Yes,No,48,Month-to-month,DSL,No,Electronic check,No,58.39,2755.74,No
CUST03778,Male,1,No,No,13,Two year,No,Yes,Bank transfer,Yes,30.24,281.87,Yes
CUST03779,Male,0,No,Yes,5,Two year,No,Yes,Bank transfer,Yes,19.37,108.07,No
CUST03780,Female,0,No,No,41,Two year,DSL,No,Electronic check,Yes,61.43,2486.46,No
CUST03781,Female,0,No,Yes,16,Month-to-month,No,Yes,Electronic check,Yes,28.15,389.35,Yes
CUST03782,Male,0,No,No,41,Month-to-month,Fiber optic,Yes,Mailed check,Yes,88.59,3682.96,Yes
CUST03783,Female,0,No,Yes,9,Month-to-month,No,Yes,Credit card,Yes,31.34,277.69,No
CUST03784,Female,0,Yes,No,45,Two year,Fiber optic,Yes,Mailed check,Yes,84.69,3759.81,No
CUST03785,Female,0,No,Yes,48,Month-to-month,DSL,Yes,Electronic check,Yes,63.35,2981.02,Yes
CUST03786,Female,0,No,No,8,Two year,No,Yes,Mailed check,No,29.77,160.83,No
CUST03787,Male,0,No,No,38,Two year,No,Yes,Electronic check,No,34.58,1309.77,No
CUST03788,Male,0,No,No,1,Two year,DSL,Yes,Credit card,Yes,62.03,43.42,No
CUST03789,Female,0,Yes,Yes,67,Month-to-month,No,Yes,Electronic check,Yes,28.28,1855.19,No
CUST03790,Male,0,Yes,No,51,Month-to-month,No,Yes,Credit card,No,35.09,1771.49,No
CUST03791,Female,0,No,No,10,Two year,Fiber optic,No,Electronic check,No,51.66,428.49,Yes
CUST03792,Female,0,Yes,No,36,Two year,DSL,Yes,Electronic check,Yes,46.1,1675.96,No
CUST03793,Male,0,No,No,71,Two year,Fiber optic,Yes,Mailed check,Yes,79.0,5535.73,No
CUST03794,Male,0,Yes,No,21,Month-to-month,No,No,Mailed check,No,36.4,971.38,No
CUST03795,Male,1,Yes,Yes,51,One year,DSL,Yes,Bank transfer,Yes,58.25,2954.27,No
CUST03796,Female,0,Yes,No,4,Month-to-month,Fiber optic,Yes,Credit card,Yes,82.89,309.13,Yes
CUST03797,Male,0,No,No,1,Month-to-month,Fiber optic,Yes,Credit card,Yes,79.89,137.98,No
CUST03798,Female,0,No,No,4,One year,DSL,Yes,Electronic check,No,57.81,272.7,No
CUST03799,Male,1,No,No,31,Month-to-month,Fiber optic,Yes,Electronic check,Yes,80.86,2377.32,Yes
CUST03800,Male,0,No,No,18,Month-to-month,DSL,Yes,Credit card,Yes,73.1,1379.0,Yes
CUST03801,Female,0,Yes,No,3,Month-to-month,Fiber optic,Yes,Credit card,No,73.87,149.39,Yes
CUST03802,Female,0,Yes,Yes,45,Month-to-month,Fiber optic,Yes,Electronic check,Yes,68.65,3051.57,No
CUST03803,Female,0,No,No,25,Month-to-month,DSL,Yes,Credit card,No,95.47,2332.92,No
CUST03804,Female,0,No,Yes,49,Month-to-month,No,Yes,Bank transfer,No,27.59,1336.42,No
CUST03805,Female,0,Yes,No,25,Month-to-month,Fiber optic,No,Electronic check,No,56.98,1512.79,No
CUST03806,Female,0,No,No,70,Two year,Fiber optic,Yes,Credit card,No,60.72,4177.0,No
CUST03807,Female,0,No,No,31,Two year,No,Yes,Electronic check,No,25.51,744.43,Yes
CUST03808,Female,0,Yes,No,43,Two year,DSL,Yes,Mailed check,Yes,73.81,3166.89,No
CUST03809,Male,0,Yes,No,25,Month-to-month,DSL,Yes,Bank transfer,No,54.39,1394.4,No
CUST03810,Female,0,No,Yes,60,Month-to-month,DSL,Yes,Electronic check,Yes,62.8,3791.39,No
CUST03811,Female,0,Yes,Yes,50,Two year,DSL,Yes,Bank transfer,No,62.35,3112.39,No
CUST03812,Male,0,Yes,No,58,Month-to-month,No,Yes,Bank transfer,No,33.77,1892.46,No
CUST03813,Female,0,No,Yes,37,Month-to-month,Fiber optic,Yes,Electronic check,Yes,102.7,3807.66,No
CUST03814,Male,1,Yes,Yes,25,Month-to-month,No,Yes,Mailed check,No,28.95,882.23,No
CUST03815,Male,0,No,No,44,Month-to-month,Fiber optic,Yes,Bank transfer,No,70.74,3054.54,No
CUST03816,Female,1,Yes,Yes,30,Two year,DSL,Yes,Credit card,No,58.8,1856.8,No
CUST03817,Male,0,No,Yes,69,Two year,Fiber optic,Yes,Credit card,No,89.38,6186.1,No
CUST03818,Female,1,No,Yes,44,Two year,DSL,Yes,Electronic check,Yes,89.47,3971.4,No
CUST03819,Male,0,Yes,No,30,Two year,DSL,Yes,Bank transfer,No,62.46,1852.54,No
CUST03820,Male,0,Yes,Yes,60,One year,Fiber optic,Yes,Electronic check,Yes,89.75,5242.95,No
CUST03821,Male,0,No,No,47,Month-to-month,Fiber optic,Yes,Electronic check,No,62.8,3012.71,Yes
CUST03822,Female,0,No,Yes,44,Month-to-month,Fiber optic,No,Bank transfer,No,63.93,2692.43,No
CUST03823,Female,0,No,No,59,One year,DSL,No,Electronic check,Yes,63.34,3750.2,No
CUST03824,Male,0,Yes,No,60,Month-to-month,Fiber optic,Yes,Credit card,Yes,64.0,3759.43,No
CUST03825,Male,0,No,No,51,Two year,DSL,Yes,Credit card,Yes,79.3,4142.6,No
CUST03826,Female,0,No,No,51,Month-to-month,Fiber optic,Yes,Mailed check,Yes,49.42,2470.05,No
CUST03827,Female,0,No,No,61,One year,Fiber optic,Yes,Mailed check,Yes,77.7,4756.55,No
CUST03828,Male,0,No,No,25,One year,DSL,Yes,Credit card,Yes,47.6,1051.51,No
CUST03829,Male,0,Yes,No,66,Month-to-month,DSL,Yes,Electronic check,No,108.62,7061.55,No
CUST03830,Female,0,No,No,48,One year,DSL,Yes,Electronic check,Yes,57.36,2682.1,No
CUST03831,Female,0,Yes,No,43,Two year,DSL,Yes,Electronic check,Yes,65.12,2817.5,No
CUST03832,Female,0,Yes,No,35,One year,DSL,Yes,Mailed check,Yes,59.48,2144.93,No
CUST03833,Female,1,No,No,52,Two year,No,Yes,Credit card,Yes,28.82,1471.08,No
CUST03834,Female,0,No,Yes,43,Month-to-month,DSL,No,Electronic check,Yes,81.06,3372.62,No
CUST03835,Male,0,Yes,No,21,Two year,No,Yes,Electronic check,Yes,18.0,333.99,No
CUST03836,Female,0,No,No,1,Month-to-month,Fiber optic,Yes,Credit card,Yes,70.85,85.24,Yes
CUST03837,Male,0,Yes,No,6,Two year,Fiber optic,Yes,Bank transfer,Yes,69.06,483.38,No
CUST03838,Female,0,No,No,15,Two year,No,Yes,Bank transfer,Yes,30.2,506.12,No
CUST03839,Male,0,No,Yes,43,Month-to-month,Fiber optic,Yes,Electronic check,No,96.77,4150.97,No
CUST03840,Female,0,Yes,No,64,Two year,DSL,No,Electronic check,No,52.78,3461.82,No
CUST03841,Female,0,Yes,No,72,Two year,DSL,Yes,Credit card,Yes,76.21,5585.19,No
CUST03842,Male,0,Yes,Yes,70,One year,Fiber optic,Yes,Electronic check,Yes,99.55,7021.09,No
CUST03843,Male,0,Yes,No,68,Two year,DSL,Yes,Credit card,Yes,70.83,4664.65,No
CUST03844,Female,0,Yes,No,60,Two year,Fiber optic,Yes,Credit card,No,70.18,4019.62,No
CUST03845,Female,0,No,Yes,29,Month-to-month,No,Yes,Mailed check,Yes,23.59,626.47,No
CUST03846,Female,1,Yes,Yes,41,Two year,Fiber optic,Yes,Credit card,Yes,74.86,2963.99,No
CUST03847,Female,0,No,Yes,24,One year,DSL,Yes,Electronic check,No,78.79,2036.46,No
CUST03848,Female,0,Yes,No,70,Two year,DSL,No,Credit card,Yes,59.29,4165.0,Yes
CUST03849,Male,0,No,No,56,Month-to-month,DSL,Yes,Bank transfer,No,63.95,3524.36,No
CUST03850,Male,0,Yes,Yes,31,Month-to-month,Fiber optic,Yes,Electronic check,No,67.36,2131.64,No
CUST03851,Female,0,Yes,No,49,Two year,Fiber optic,Yes,Bank transfer,Yes,87.14,4139.88,No
CUST03852,Male,0,No,Yes,9,Month-to-month,Fiber optic,Yes,Credit card,Yes,84.91,855.85,Yes
CUST03853,Male,0,Yes,No,21,Month-to-month,DSL,No,Bank transfer,Yes,64.62,1460.87,No
CUST03854,Male,0,No,Yes,40,One year,DSL,Yes,Bank transfer,Yes,52.4,2052.72,No
CUST03855,Female,0,No,No,46,Month-to-month,No,Yes,Credit card,No,25.55,1163.65,No
CUST03856,Male,0,No,No,13,Month-to-month,DSL,Yes,Bank transfer,Yes,62.26,763.32,No
CUST03857,Female,0,Yes,No,2,Month-to-month,Fiber optic,Yes,Mailed check,No,78.03,180.98,Yes
CUST03858,Male,0,Yes,Yes,52,Month-to-month,DSL,Yes,Bank transfer,No,52.59,2697.72,No
CUST03859,Female,0,No,Yes,15,Month-to-month,DSL,Yes,Mailed check,No,67.035,1086.72,Yes
CUST03860,Male,0,No,No,60,Month-to-month,No,Yes,Mailed check,Yes,18.0,1098.49,No
CUST03861,Female,0,Yes,Yes,27,One year,DSL,No,Electronic check,Yes,49.1,1221.6,No
CUST03862,Female,1,Yes,No,34,One year,Fiber optic,Yes,Credit card,No,75.09,2687.24,Yes
CUST03863,Male,0,Yes,No,1,Month-to-month,Fiber optic,Yes,Mailed check,Yes,92.97,168.85,Yes
CUST03864,Female,0,No,No,60,Month-to-month,Fiber optic,Yes,Electronic check,Yes,84.32,5048.15,Yes
CUST03865,Female,0,Yes,No,55,One year,No,Yes,Electronic check,Yes,23.1,1192.85,No
CUST03866,Female,1,No,No,54,Month-to-month,DSL,Yes,Electronic check,Yes,80.18,4348.58,No
CUST03867,Female,0,Yes,No,17,Month-to-month,DSL,Yes,Electronic check,Yes,52.89,996.47,Yes
CUST03868,Female,0,Yes,No,70,Month-to-month,DSL,Yes,Mailed check,Yes,58.61,3955.71,No
CUST03869,Female,0,Yes,No,48,Month-to-month,Fiber optic,Yes,Credit card,Yes,98.68,4678.54,No
CUST03870,Female,0,No,No,41,Two year,Fiber optic,Yes,Electronic check,No,80.98,3324.27,No
CUST03871,Female,0,Yes,Yes,6,One year,No,Yes,Credit card,Yes,25.01,269.61,Yes
CUST03872,Male,0,Yes,No,3,Month-to-month,DSL,Yes,Electronic check,Yes,53.03,161.82,No
CUST03873,Male,0,Yes,Yes,42,Month-to-month,Fiber optic,Yes,Bank transfer,Yes,103.21,4315.9,No
CUST03874,Female,0,Yes,No,58,Two year,DSL,Yes,Bank transfer,No,45.26,2649.89,No
CUST03875,Female,0,Yes,Yes,48,Month-to-month,DSL,Yes,Bank transfer,Yes,53.88,2669.39,No
CUST03876,Male,0,No,No,59,Month-to-month,Fiber optic,Yes,Electronic check,No,78.23,4627.47,No
CUST03877,Male,0,No,No,5,Two year,No,Yes,Bank transfer,No,23.34,60.17,Yes
CUST03878,Male,0,Yes,No,19,Month-to-month,DSL,Yes,Mailed check,Yes,69.21,1382.17,No
CUST03879,Female,0,No,No,30,One year,DSL,Yes,Electronic check,Yes,47.56,1497.18,No
CUST03880,Male,0,Yes,Yes,21,Month-to-month,Fiber optic,Yes,Electronic check,No,48.21,1141.46,No
CUST03881,Female,0,Yes,No,31,Month-to-month,Fiber optic,No,Electronic check,Yes,84.44,2638.85,Yes
CUST03882,Female,0,No,No,46,One year,No,Yes,Electronic check,Yes,19.62,875.15,No
CUST03883,Male,0,No,No,33,Month-to-month,DSL,Yes,Bank transfer,Yes,56.13,1808.43,No
CUST03884,Female,0,No,No,26,Month-to-month,Fiber optic,Yes,Credit card,Yes,59.27,1487.76,No
CUST03885,Female,0,Yes,No,43,Two year,DSL,Yes,Electronic check,No,60.5,2505.44,No
CUST03886,Female,0,Yes,No,29,Month-to-month,Fiber optic,Yes,Mailed check,Yes,67.08,1963.83,No
CUST03887,Female,0,No,No,32,One year,DSL,Yes,Electronic check,Yes,72.05,2486.49,No
CUST03888,Male,0,No,Yes,26,Month-to-month,DSL,Yes,Bank transfer,No,68.66,1983.18,Yes
CUST03889,Male,0,Yes,No,55,Two year,No,Yes,Credit card,Yes,24.59,1250.18,No
CUST03890,Female,0,No,No,22,Two year,Fiber optic,Yes,Electronic check,Yes,63.62,1434.9,No
CUST03891,Female,0,No,Yes,42,Month-to-month,DSL,Yes,Credit card,No,83.01,3478.9,No
CUST03892,Male,0,Yes,No,53,One year,No,Yes,Electronic check,Yes,33.01,1726.08,No
CUST03893,Female,0,No,Yes,67,Two year,Fiber optic,Yes,Electronic check,Yes,64.37,4335.44,No
CUST03894,Male,0,No,Yes,52,Month-to-month,DSL,Yes,Electronic check,Yes,56.71,3086.74,No
CUST03895,Female,1,Yes,No,39,One year,Fiber optic,Yes,Electronic check,Yes,81.53,3239.48,Yes
CUST03896,Female,0,No,No,59,Two year,Fiber optic,No,Electronic check,No,102.63,6118.32,Yes
CUST03897,Male,0,Yes,Yes,8,Month-to-month,DSL,No,Mailed check,No,60.59,384.03,No
CUST03898,Male,0,Yes,No,9,Two year,No,Yes,Bank transfer,Yes,32.89,331.82,No
CUST03899,Male,0,No,No,9,Month-to-month,Fiber optic,Yes,Electronic check,Yes,74.1,663.74,No
CUST03900,Male,0,No,Yes,29,One year,No,Yes,Electronic check,Yes,18.0,626.24,Yes
CUST03901,Female,0,No,No,9,Month-to-month,Fiber optic,Yes,Electronic check,No,103.69,844.51,No
CUST03902,Male,0,No,No,57,Month-to-month,Fiber optic,Yes,Credit card,No,86.14,4800.4,Yes
CUST03903,Female,0,No,No,35,Month-to-month,DSL,Yes,Electronic check,Yes,56.93,2048.55,No
CUST03904,Male,0,No,Yes,43,Month-to-month,Fiber optic,No,Electronic check,Yes,84.75,3723.35,Yes
CUST03905,Male,0,Yes,No,56,One year,Fiber optic,Yes,Electronic check,No,73.78,4165.61,No
CUST03906,Female,0,No,Yes,42,Month-to-month,DSL,Yes,Electronic check,Yes,65.4,2897.09,No
CUST03907,Male,0,No,Yes,22,Month-to-month,Fiber optic,Yes,Mailed check,Yes,98.96,2111.36,Yes
CUST03908,Male,1,Yes,No,3,Month-to-month,DSL,Yes,Electronic check,Yes,57.63,147.73,Yes
CUST03909,Male,0,No,Yes,11,Month-to-month,No,Yes,Electronic check,Yes,27.99,160.7,No
CUST03910,Male,0,No,Yes,48,One year,No,Yes,Credit card,No,33.37,1560.49,No
CUST03911,Female,0,No,No,23,Month-to-month,Fiber optic,Yes,Credit card,Yes,93.09,2091.3,No
CUST03912,Female,0,Yes,No,12,Two year,DSL,No,Credit card,No,87.66,1077.16,No
CUST03913,Male,0,No,Yes,67,Month-to-month,Fiber optic,Yes,Credit card,Yes,71.87,4862.62,No
CUST03914,Male,1,Yes,No,71,Two year,Fiber optic,Yes,Bank transfer,Yes,77.84,5502.16,No
CUST03915,Male,0,Yes,Yes,33,Month-to-month,No,Yes,Credit card,No,29.52,1064.81,No
CUST03916,Female,1,No,No,8,One year,DSL,Yes,Mailed check,No,65.96,531.7,No
CUST03917,Female,0,No,Yes,9,Month-to-month,Fiber optic,Yes,Credit card,Yes,60.86,777.95,Yes
CUST03918,Female,0,Yes,No,64,Month-to-month,DSL,Yes,Credit card,No,59.89,3816.91,No
CUST03919,Female,1,Yes,No,71,One year,No,Yes,Bank transfer,Yes,30.83,2260.78,No
CUST03920,Male,0,No,Yes,53,Two year,No,Yes,Credit card,Yes,21.36,998.72,No
CUST03921,Male,0,No,No,42,Month-to-month,No,Yes,Electronic check,No,31.58,1461.59,No
CUST03922,Male,0,No,No,58,Two year,Fiber optic,Yes,Electronic check,Yes,70.37,4058.77,No
CUST03923,Female,1,No,No,58,Two year,Fiber optic,Yes,Mailed check,No,89.37,5324.6,No
CUST03924,Male,0,Yes,No,66,Month-to-month,No,Yes,Mailed check,Yes,18.0,1159.23,No
CUST03925,Female,1,Yes,No,60,Month-to-month,Fiber optic,No,Credit card,Yes,88.2,5261.92,No
CUST03926,Female,0,Yes,No,37,Month-to-month,DSL,Yes,Credit card,No,52.42,1978.71,No
CUST03927,Male,0,Yes,No,7,Month-to-month,No,Yes,Bank transfer,Yes,19.33,150.01,No
CUST03928,Male,0,Yes,No,64,Month-to-month,Fiber optic,Yes,Electronic check,No,93.69,5868.2,No
CUST03929,Male,0,Yes,No,4,Month-to-month,Fiber optic,No,Electronic check,Yes,60.04,74.54,No
CUST03930,Female,1,No,No,42,Month-to-month,DSL,Yes,Bank transfer,Yes,73.29,3144.9,No
CUST03931,Female,0,Yes,No,59,Month-to-month,DSL,Yes,Mailed check,Yes,78.16,4646.33,No
CUST03932,Male,0,No,No,25,Month-to-month,Fiber optic,Yes,Electronic check,No,91.12,2328.22,Yes
CUST03933,Male,0,No,No,10,Month-to-month,Fiber optic,Yes,Electronic check,No,54.2,613.07,No
CUST03934,Female,0,No,Yes,33,Month-to-month,Fiber optic,Yes,Bank transfer,No,79.64,2569.69,No
CUST03935,Male,0,No,No,1,One year,DSL,Yes,Credit card,Yes,55.09,12.23,Yes
CUST03936,Female,1,No,No,20,Month-to-month,Fiber optic,No,Electronic check,Yes,70.01,1291.57,Yes
CUST03937,Female,1,Yes,No,25,One year,No,Yes,Mailed check,No,25.7,618.53,Yes
CUST03938,Male,0,Yes,No,72,Two year,Fiber optic,Yes,Bank transfer,Yes,78.87,5749.34,No
CUST03939,Male,1,Yes,No,4,Month-to-month,No,Yes,Mailed check,Yes,18.0,39.5,No
CUST03940,Male,1,Yes,No,8,Month-to-month,DSL,Yes,Credit card,Yes,57.47,460.36,Yes
CUST03941,Male,0,No,No,49,One year,No,Yes,Electronic check,No,23.9,1210.65,No
CUST03942,Female,0,No,No,9,Month-to-month,Fiber optic,No,Credit card,Yes,55.44,422.98,Yes
CUST03943,Female,1,No,Yes,57,Month-to-month,Fiber optic,Yes,Electronic check,No,67.74,3818.68,Yes
CUST03944,Female,0,Yes,No,9,Month-to-month,DSL,Yes,Bank transfer,Yes,57.03,579.55,No
CUST03945,Male,1,No,No,35,Month-to-month,No,Yes,Electronic check,No,18.0,511.63,No
CUST03946,Female,0,Yes,No,55,Month-to-month,No,Yes,Credit card,No,27.91,1533.96,No
CUST03947,Male,0,No,No,61,Two year,No,Yes,Electronic check,No,27.73,1745.96,No
CUST03948,Male,0,Yes,No,36,Month-to-month,Fiber optic,Yes,Mailed check,Yes,75.61,2752.4,No
CUST03949,Male,0,Yes,Yes,40,One year,DSL,Yes,Credit card,No,76.5,3099.41,No
CUST03950,Male,0,Yes,No,47,Month-to-month,DSL,Yes,Mailed check,Yes,82.16,3831.96,No
CUST03951,Male,0,No,Yes,21,Month-to-month,DSL,No,Credit card,Yes,70.59,1418.42,Yes
CUST03952,Male,0,Yes,No,60,Month-to-month,DSL,Yes,Credit card,No,90.55,5477.53,No
CUST03953,Female,0,Yes,Yes,47,Two year,Fiber optic,Yes,Electronic check,No,49.83,2372.91,No
CUST03954,Male,0,No,No,63,Month-to-month,Fiber optic,Yes,Mailed check,No,81.62,5188.71,No
CUST03955,Female,1,No,No,36,Month-to-month,Fiber optic,Yes,Bank transfer,No,58.43,1998.32,Yes
CUST03956,Female,0,Yes,Yes,40,Month-to-month,DSL,Yes,Credit card,Yes,68.79,2662.69,No
CUST03957,Male,0,No,No,4,Month-to-month,DSL,Yes,Electronic check,No,52.74,166.26,Yes
CUST03958,Male,0,Yes,Yes,51,Month-to-month,Fiber optic,No,Mailed check,No,77.09,3904.64,No
CUST03959,Male,0,Yes,Yes,16,One year,No,No,Electronic check,Yes,24.33,416.89,No
CUST03960,Female,0,Yes,No,61,Month-to-month,No,Yes,Bank transfer,Yes,41.28,2445.55,No
CUST03961,Male,0,Yes,No,51,Month-to-month,DSL,Yes,Electronic check,No,87.21,4440.66,No
CUST03962,Female,0,No,Yes,19,Two year,Fiber optic,Yes,Electronic check,Yes,60.08,1204.23,Yes
CUST03963,Male,0,No,No,15,Two year,Fiber optic,Yes,Bank transfer,Yes,77.21,1150.02,No
CUST03964,Male,0,Yes,No,6,Month-to-month,Fiber optic,Yes,Credit card,Yes,94.37,644.18,No
CUST03965,Female,1,No,Yes,65,One year,DSL,Yes,Mailed check,No,79.19,5136.94,No
CUST03966,Female,0,No,No,11,Month-to-month,Fiber optic,Yes,Mailed check,Yes,63.97,754.87,No
CUST03967,Male,1,Yes,No,42,Two year,DSL,Yes,Bank transfer,Yes,78.26,3464.58,No
CUST03968,Female,1,Yes,No,39,Month-to-month,Fiber optic,Yes,Bank transfer,Yes,93.87,3768.27,Yes
CUST03969,Female,1,No,No,0,One year,Fiber optic,Yes,Bank transfer,No,74.41,0.0,No
CUST03970,Female,1,No,No,57,One year,Fiber optic,Yes,Mailed check,Yes,90.55,5233.16,No
CUST03971,Female,0,No,No,2,Month-to-month,Fiber optic,Yes,Mailed check,No,80.04,241.55,Yes
CUST03972,Female,0,No,No,7,Month-to-month,No,Yes,Electronic check,No,37.28,344.48,Yes
CUST03973,Male,0,Yes,No,60,Month-to-month,DSL,Yes,Credit card,Yes,63.21,3695.47,No
CUST03974,Male,0,No,Yes,4,Month-to-month,Fiber optic,Yes,Bank transfer,Yes,62.1,285.53,Yes
CUST03975,Female,0,Yes,No,25,One year,No,No,Mailed check,No,18.0,396.37,No
CUST03976,Male,0,No,No,72,Month-to-month,DSL,Yes,Mailed check,No,64.36,4613.03,No
CUST03977,Male,1,No,No,16,Month-to-month,Fiber optic,Yes,Electronic check,Yes,82.46,1363.85,No
CUST03978,Female,1,Yes,No,65,One year,DSL,Yes,Mailed check,Yes,84.84,5427.64,Yes
CUST03979,Male,0,Yes,No,50,Two year,Fiber optic,No,Bank transfer,Yes,49.78,2520.74,No
CUST03980,Female,0,No,Yes,46,Month-to-month,DSL,Yes,Credit card,Yes,64.48,2893.09,No
CUST03981,Female,1,Yes,No,39,Two year,Fiber optic,Yes,Bank transfer,No,55.09,1962.03,No
CUST03982,Male,0,No,Yes,26,Month-to-month,Fiber optic,Yes,Bank transfer,No,68.34,1867.42,No
CUST03983,Female,0,No,No,39,One year,DSL,Yes,Bank transfer,Yes,65.23,2508.7,Yes
CUST03984,Female,0,No,No,0,Two year,Fiber optic,Yes,Mailed check,Yes,51.72,0.0,No
CUST03985,Female,0,Yes,Yes,45,Two year,Fiber optic,Yes,Electronic check,Yes,79.55,3793.45,No
CUST03986,Female,0,No,No,10,Two year,Fiber optic,Yes,Credit card,Yes,69.32,749.27,Yes
CUST03987,Female,1,No,No,38,Month-to-month,DSL,Yes,Mailed check,Yes,61.29,2405.07,Yes
CUST03988,Male,0,No,No,17,Month-to-month,Fiber optic,Yes,Credit card,No,50.22,857.23,No
CUST03989,Male,0,No,Yes,46,Month-to-month,DSL,Yes,Mailed check,No,68.75,3085.12,No
CUST03990,Female,0,No,No,20,Two year,DSL,Yes,Bank transfer,Yes,76.35,1570.62,No
CUST03991,Female,0,No,No,27,Two year,No,Yes,Mailed check,No,21.88,684.92,No
CUST03992,Male,1,Yes,No,0,Month-to-month,Fiber optic,Yes,Electronic check,No,107.57,46.56,Yes
CUST03993,Female,0,No,No,13,Month-to-month,DSL,Yes,Credit card,No,64.38,972.07,No
CUST03994,Male,0,Yes,No,19,Two year,DSL,Yes,Bank transfer,Yes,86.61,1647.72,No
CUST03995,Female,0,Yes,No,72,Month-to-month,DSL,Yes,Mailed check,No,49.35,3616.12,No
CUST03996,Female,0,Yes,No,44,One year,No,Yes,Electronic check,No,18.0,872.86,No
CUST03997,Female,0,No,No,60,Two year,Fiber optic,Yes,Credit card,No,105.43,6339.39,No
CUST03998,Female,0,No,No,26,Month-to-month,Fiber optic,Yes,Credit card,Yes,86.94,2171.87,Yes
CUST03999,Female,0,No,No,55,Month-to-month,No,Yes,Mailed check,Yes,26.81,1637.39,No
CUST04000,Female,0,Yes,No,51,Two year,No,Yes,Electronic check,No,24.81,1255.84,No
CUST04001,Female,0,Yes,No,67,Month-to-month,No,Yes,Electronic check,No,23.91,1608.12,Yes
CUST04002,Male,1,Yes,No,36,Month-to-month,No,Yes,Electronic check,No,18.0,626.38,No
CUST04003,Male,1,No,No,30,Month-to-month,No,Yes,Mailed check,Yes,28.6,830.5,No
CUST04004,Male,0,Yes,No,48,Month-to-month,DSL,Yes,Credit card,No,54.05,2649.56,No
CUST04005,Female,0,Yes,Yes,52,Month-to-month,DSL,Yes,Mailed check,No,64.06,3231.11,No
CUST04006,Female,0,Yes,No,38,One year,No,Yes,Mailed check,Yes,22.86,742.64,No
CUST04007,Female,1,No,Yes,9,Two year,DSL,Yes,Mailed check,Yes,45.93,429.11,Yes
CUST04008,Female,0,No,Yes,8,Month-to-month,DSL,Yes,Electronic check,Yes,78.0,660.4,No
CUST04009,Female,0,No,Yes,12,Two year,DSL,Yes,Electronic check,Yes,47.68,505.66,No
CUST04010,Female,0,Yes,No,17,Month-to-month,Fiber optic,No,Mailed check,Yes,67.32,1073.38,No
CUST04011,Female,0,Yes,No,11,Month-to-month,Fiber optic,Yes,Electronic check,Yes,83.78,876.04,Yes
CUST04012,Male,0,Yes,Yes,71,Month-to-month,DSL,Yes,Mailed check,No,59.22,4338.28,No
CUST04013,Female,0,Yes,No,4,Two year,Fiber optic,Yes,Electronic check,Yes,76.01,349.65,No
CUST04014,Male,0,Yes,Yes,6,Two year,No,Yes,Credit card,Yes,18.0,14.46,Yes
CUST04015,Male,0,Yes,No,14,Month-to-month,Fiber optic,Yes,Bank transfer,No,79.67,1089.39,No
CUST04016,Female,0,Yes,No,66,Month-to-month,Fiber optic,Yes,Bank transfer,Yes,82.45,5376.21,No
CUST04017,Female,0,Yes,Yes,17,Two year,DSL,Yes,Mailed check,Yes,43.57,551.41,No
CUST04018,Male,0,Yes,Yes,37,Month-to-month,DSL,Yes,Mailed check,Yes,75.75,2809.66,No
CUST04019,Male,0,No,No,25,One year,Fiber optic,Yes,Bank transfer,No,79.43,2068.85,No
CUST04020,Female,1,No,No,37,Month-to-month,No,Yes,Bank transfer,Yes,32.87,1226.15,Yes
CUST04021,Female,0,No,Yes,58,One year,No,Yes,Credit card,Yes,25.29,1357.6,No
CUST04022,Male,0,Yes,No,51,Month-to-month,Fiber optic,Yes,Mailed check,Yes,77.3,4045.15,Yes
CUST04023,Female,0,Yes,No,32,Month-to-month,Fiber optic,Yes,Electronic check,Yes,78.02,2414.31,No
CUST04024,Female,1,No,No,20,Two year,Fiber optic,No,Mailed check,No,74.84,1501.26,Yes
CUST04025,Female,0,Yes,No,16,Month-to-month,DSL,Yes,Electronic check,Yes,67.87,975.17,No
CUST04026,Male,0,No,No,61,Month-to-month,DSL,Yes,Mailed check,No,78.39,4955.75,No
CUST04027,Male,1,No,No,58,Month-to-month,No,Yes,Electronic check,No,23.27,1366.02,No
CUST04028,Male,0,No,No,1,Month-to-month,Fiber optic,Yes,Credit card,No,84.79,4.08,No
CUST04029,Female,0,No,No,63,Month-to-month,No,Yes,Bank transfer,Yes,36.81,2336.73,No
CUST04030,Female,0,No,Yes,24,Month-to-month,Fiber optic,Yes,Electronic check,Yes,70.72,1668.49,No
CUST04031,Male,0,No,No,40,Month-to-month,No,Yes,Electronic check,Yes,18.0,871.39,No
CUST04032,Male,1,Yes,Yes,18,Two year,DSL,Yes,Mailed check,No,46.7,808.98,No
CUST04033,Male,0,Yes,Yes,37,Month-to-month,DSL,Yes,Bank transfer,Yes,62.29,2205.8,No
CUST04034,Female,0,Yes,No,24,Month-to-month,No,Yes,Bank transfer,Yes,22.22,462.03,No
CUST04035,Male,0,Yes,No,38,One year,Fiber optic,Yes,Credit card,No,84.67,3052.9,No
CUST04036,Male,0,Yes,Yes,3,One year,DSL,Yes,Bank transfer,Yes,36.66,110.95,No
CUST04037,Female,0,Yes,No,2,Month-to-month,No,Yes,Mailed check,No,18.94,2.5,No
CUST04038,Female,0,No,No,33,Month-to-month,No,Yes,Mailed check,No,21.66,728.84,No
CUST04039,Female,0,Yes,No,9,Month-to-month,Fiber optic,Yes,Bank transfer,No,58.84,557.96,No
CUST04040,Male,0,Yes,Yes,26,Month-to-month,Fiber optic,No,Credit card,No,75.07,1870.99,No
CUST04041,Female,0,Yes,No,0,Two year,No,Yes,Mailed check,Yes,18.0,0.0,No
CUST04042,Female,0,No,No,43,Two year,Fiber optic,Yes,Bank transfer,Yes,46.63,2170.87,Yes
CUST04043,Male,0,Yes,No,51,One year,No,Yes,Electronic check,Yes,20.1,932.06,No
CUST04044,Female,0,No,No,24,Month-to-month,Fiber optic,Yes,Credit card,No,77.4,1988.01,No
CUST04045,Male,0,No,No,64,One year,DSL,Yes,Bank transfer,No,53.72,3499.07,No
CUST04046,Male,0,No,No,10,Month-to-month,Fiber optic,Yes,Mailed check,Yes,75.51,1003.43,Yes
CUST04047,Female,0,Yes,No,67,Month-to-month,Fiber optic,Yes,Credit card,Yes,110.97,7513.52,No
CUST04048,Female,0,No,No,14,Month-to-month,DSL,Yes,Credit card,Yes,73.43,1034.11,No
CUST04049,Female,0,No,No,56,Two year,DSL,Yes,Electronic check,No,73.25,4145.38,No
CUST04050,Female,1,Yes,Yes,63,One year,DSL,Yes,Electronic check,Yes,44.2,2827.16,No
CUST04051,Female,0,Yes,No,10,Month-to-month,DSL,Yes,Credit card,Yes,58.94,663.08,No
CUST04052,Female,0,Yes,No,19,Month-to-month,Fiber optic,Yes,Bank transfer,Yes,91.09,1692.25,No
CUST04053,Male,0,No,Yes,29,Month-to-month,Fiber optic,Yes,Credit card,Yes,92.52,2576.44,No
CUST04054,Male,0,Yes,No,9,One year,Fiber optic,Yes,Mailed check,Yes,74.88,544.62,Yes
CUST04055,Female,0,No,No,53,One year,Fiber optic,Yes,Bank transfer,No,97.88,5094.68,No
CUST04056,Male,1,Yes,No,57,Month-to-month,Fiber optic,Yes,Bank transfer,No,59.42,3486.77,No
CUST04057,Female,0,No,Yes,28,Two year,DSL,Yes,Electronic check,No,70.98,1967.46,No
CUST04058,Male,0,No,No,0,Two year,Fiber optic,Yes,Credit card,No,65.64,114.07,No
CUST04059,Male,0,Yes,No,57,Two year,Fiber optic,Yes,Bank transfer,Yes,69.57,3864.47,No
CUST04060,Male,0,Yes,No,20,Month-to-month,No,Yes,Bank transfer,No,23.57,518.7,No
CUST04061,Female,0,Yes,Yes,14,Month-to-month,DSL,No,Electronic check,No,63.3,816.83,No
CUST04062,Male,0,Yes,No,66,Month-to-month,Fiber optic,Yes,Bank transfer,Yes,85.31,5727.7,No
CUST04063,Female,0,No,No,32,Month-to-month,Fiber optic,Yes,Credit card,Yes,90.7,2871.54,No
CUST04064,Male,0,Yes,No,37,Two year,Fiber optic,Yes,Credit card,Yes,83.09,3153.5,No
CUST04065,Male,0,No,Yes,18,Month-to-month,No,Yes,Credit card,Yes,20.88,315.73,No
CUST04066,Male,0,Yes,No,3,Two year,Fiber optic,Yes,Electronic check,Yes,77.19,171.99,No
CUST04067,Male,0,Yes,No,57,Month-to-month,Fiber optic,Yes,Electronic check,No,84.35,4967.96,No
CUST04068,Male,0,No,Yes,69,Month-to-month,Fiber optic,Yes,Bank transfer,Yes,104.45,7343.95,No
CUST04069,Female,0,No,Yes,11,Month-to-month,No,Yes,Credit card,No,18.0,87.97,No
CUST04070,Female,1,Yes,Yes,16,Month-to-month,No,Yes,Bank transfer,Yes,40.13,565.01,Yes
CUST04071,Male,0,No,Yes,0,Month-to-month,No,Yes,Electronic check,No,26.73,0.0,No
CUST04072,Male,1,Yes,No,13,Two year,DSL,Yes,Bank transfer,No,85.98,974.58,Yes
CUST04073,Male,1,No,No,1,One year,Fiber optic,Yes,Bank transfer,Yes,74.28,0.0,Yes
CUST04074,Male,1,Yes,Yes,3,Month-to-month,Fiber optic,Yes,Electronic check,Yes,90.58,416.95,Yes
CUST04075,Female,0,Yes,No,65,Two year,Fiber optic,Yes,Electronic check,No,57.6,3837.44,No
CUST04076,Male,0,No,No,45,Month-to-month,DSL,Yes,Electronic check,Yes,64.67,2772.79,No
CUST04077,Female,0,Yes,Yes,49,Month-to-month,No,Yes,Electronic check,Yes,18.0,723.02,No
CUST04078,Male,0,Yes,No,59,Month-to-month,Fiber optic,Yes,Electronic check,Yes,79.68,4819.93,No
CUST04079,Female,0,Yes,Yes,51,Month-to-month,Fiber optic,Yes,Electronic check,Yes,93.67,4848.58,No
CUST04080,Male,0,No,No,47,Month-to-month,Fiber optic,Yes,Mailed check,Yes,119.77,5680.66,Yes
CUST04081,Male,0,No,Yes,38,Two year,Fiber optic,Yes,Electronic check,No,83.65,3260.84,No
CUST04082,Female,0,No,No,69,Two year,No,Yes,Bank transfer,No,18.0,1263.0,No
CUST04083,Male,1,No,Yes,59,Two year,Fiber optic,Yes,Electronic check,Yes,66.71,3911.3,No
CUST04084,Male,1,No,No,29,One year,Fiber optic,No,Electronic check,Yes,43.99,1921.385,No
CUST04085,Male,1,Yes,No,26,One year,DSL,Yes,Credit card,No,57.56,1465.6,No
CUST04086,Female,0,Yes,No,54,Month-to-month,Fiber optic,Yes,Credit card,Yes,85.17,4581.44,No
CUST04087,Male,1,No,No,69,Month-to-month,DSL,No,Mailed check,No,60.83,4207.74,No
CUST04088,Male,0,Yes,Yes,25,One year,DSL,No,Mailed check,No,48.56,1230.52,No
CUST04089,Female,0,Yes,No,41,Two year,Fiber optic,Yes,Electronic check,Yes,85.98,3675.37,No
CUST04090,Female,0,No,No,66,Month-to-month,DSL,Yes,Credit card,Yes,73.92,5025.22,No
CUST04091,Female,1,No,No,66,Month-to-month,No,Yes,Electronic check,No,18.0,1117.25,No
CUST04092,Male,1,Yes,Yes,51,Month-to-month,Fiber optic,Yes,Electronic check,Yes,70.66,3538.66,No
CUST04093,Male,0,Yes,Yes,5,Month-to-month,Fiber optic,Yes,Mailed check,No,86.22,414.78,No
CUST04094,Male,0,No,No,9,One year,DSL,Yes,Electronic check,No,80.45,925.86,Yes
CUST04095,Female,0,No,Yes,37,Month-to-month,DSL,Yes,Bank transfer,Yes,71.58,2612.03,No
CUST04096,Male,0,Yes,No,11,Month-to-month,Fiber optic,Yes,Electronic check,Yes,78.11,759.08,Yes
CUST04097,Male,1,Yes,Yes,45,Month-to-month,No,Yes,Electronic check,No,40.79,1890.53,No
CUST04098,Female,1,No,No,48,One year,DSL,Yes,Bank transfer,No,58.73,2797.06,No
CUST04099,Female,0,Yes,No,71,Month-to-month,Fiber optic,Yes,Bank transfer,Yes,72.77,5180.88,No
CUST04100,Female,0,No,Yes,62,Two year,DSL,Yes,Electronic check,No,44.89,2741.25,No
CUST04101,Female,0,Yes,No,68,Month-to-month,No,Yes,Electronic check,Yes,18.0,1218.02,No
CUST04102,Female,0,Yes,No,42,Month-to-month,Fiber optic,No,Electronic check,Yes,72.17,3094.72,No
CUST04103,Male,0,Yes,No,59,Month-to-month,DSL,Yes,Credit card,Yes,63.8,3761.81,No
CUST04104,Female,0,No,No,28,Month-to-month,Fiber optic,Yes,Bank transfer,No,85.77,2412.38,Yes
CUST04105,Male,0,No,Yes,10,Month-to-month,No,No,Mailed check,Yes,23.69,229.3,No
CUST04106,Male,0,Yes,Yes,34,Month-to-month,Fiber optic,Yes,Electronic check,Yes,68.32,2243.99,No
CUST04107,Female,0,No,No,22,One year,DSL,No,Bank transfer,No,49.49,1089.64,No
CUST04108,Female,0,Yes,No,71,Month-to-month,DSL,Yes,Electronic check,Yes,64.07,4521.44,No
CUST04109,Female,0,No,No,20,Two year,No,Yes,Mailed check,Yes,20.18,522.72,No
CUST04110,Male,0,Yes,Yes,36,Month-to-month,Fiber optic,Yes,Bank transfer,No,53.43,2114.38,Yes
CUST04111,Female,0,No,No,27,Month-to-month,Fiber optic,Yes,Credit card,Yes,80.97,2151.4,No
CUST04112,Female,1,Yes,No,57,Month-to-month,DSL,Yes,Credit card,No,73.07,4138.98,No
CUST04113,Female,0,No,Yes,52,Two year,No,Yes,Electronic check,Yes,22.13,1246.0,No
CUST04114,Female,1,No,No,27,Month-to-month,Fiber optic,Yes,Credit card,No,102.16,2705.61,Yes
CUST04115,Female,1,Yes,No,41,Month-to-month,DSL,Yes,Electronic check,No,75.06,3116.62,No
CUST04116,Male,0,Yes,No,72,Month-to-month,DSL,Yes,Electronic check,No,82.31,5929.0,No
CUST04117,Male,0,Yes,No,60,One year,No,Yes,Electronic check,No,32.05,1876.17,No
CUST04118,Male,0,No,No,32,One year,Fiber optic,Yes,Bank transfer,Yes,95.82,3170.83,No
CUST04119,Female,1,Yes,Yes,54,Month-to-month,DSL,Yes,Mailed check,Yes,65.88,3517.35,Yes
CUST04120,Female,1,No,No,36,One year,Fiber optic,Yes,Electronic check,Yes,50.41,1772.54,No
CUST04121,Female,0,No,Yes,46,Month-to-month,Fiber optic,Yes,Electronic check,Yes,79.37,3469.76,No
CUST04122,Male,0,Yes,No,35,Month-to-month,No,Yes,Electronic check,No,18.0,660.05,No
CUST04123,Female,0,Yes,No,27,One year,DSL,Yes,Credit card,Yes,77.66,2055.59,No
CUST04124,Female,0,No,No,9,Two year,Fiber optic,Yes,Bank transfer,No,73.73,589.6,No
CUST04125,Female,0,No,No,22,One year,DSL,Yes,Electronic check,No,72.22,1446.24,Yes
CUST04126,Male,0,No,No,4,Month-to-month,DSL,No,Credit card,No,67.7,299.28,No
CUST04127,Female,0,Yes,Yes,5,Month-to-month,DSL,Yes,Electronic check,Yes,68.47,376.71,Yes
CUST04128,Male,0,Yes,Yes,41,Two year,DSL,Yes,Bank transfer,No,63.24,2488.51,No
CUST04129,Female,0,No,No,46,Month-to-month,DSL,No,Mailed check,No,72.71,3360.52,No
CUST04130,Male,0,No,No,27,Two year,No,Yes,Electronic check,Yes,26.3,550.28,No
CUST04131,Male,1,No,No,12,One year,No,Yes,Electronic check,Yes,18.11,363.39,No
CUST04132,Male,0,Yes,No,24,One year,DSL,Yes,Mailed check,No,80.06,1899.99,Yes
CUST04133,Female,0,Yes,No,6,Month-to-month,Fiber optic,Yes,Credit card,No,89.65,575.14,No
CUST04134,Female,0,Yes,Yes,65,Month-to-month,Fiber optic,Yes,Bank transfer,Yes,74.14,4843.57,No
CUST04135,Male,0,No,No,57,Month-to-month,DSL,Yes,Bank transfer,No,51.84,3065.64,No
CUST04136,Male,0,Yes,No,65,Two year,DSL,Yes,Credit card,Yes,52.62,3412.83,No
CUST04137,Female,0,No,No,35,Month-to-month,Fiber optic,Yes,Bank transfer,No,77.57,2627.76,No
CUST04138,Female,0,No,No,1,Month-to-month,Fiber optic,Yes,Electronic check,Yes,86.93,118.99,No
CUST04139,Male,1,Yes,Yes,37,One year,Fiber optic,Yes,Credit card,Yes,66.68,2575.0,No
CUST04140,Female,0,Yes,No,13,Month-to-month,Fiber optic,No,Mailed check,No,98.47,1375.31,No
CUST04141,Female,1,No,No,26,Month-to-month,DSL,Yes,Electronic check,Yes,65.22,1622.99,Yes
CUST04142,Female,0,Yes,Yes,14,One year,Fiber optic,No,Bank transfer,Yes,81.21,1085.31,No
CUST04143,Female,0,Yes,No,11,Two year,DSL,Yes,Mailed check,Yes,67.09,752.39,No
CUST04144,Male,0,Yes,No,42,Month-to-month,DSL,Yes,Electronic check,Yes,82.12,3510.67,No
CUST04145,Female,0,No,No,56,Two year,Fiber optic,Yes,Electronic check,Yes,73.24,3960.12,No
CUST04146,Female,0,No,No,47,Month-to-month,Fiber optic,Yes,Mailed check,Yes,69.48,3281.72,No
CUST04147,Male,0,No,No,60,One year,Fiber optic,Yes,Mailed check,Yes,68.12,4128.58,No
CUST04148,Male,0,No,Yes,43,Month-to-month,DSL,Yes,Mailed check,No,86.08,3657.22,No
CUST04149,Female,0,No,Yes,51,Month-to-month,Fiber optic,Yes,Electronic check,Yes,71.13,3650.52,No
CUST04150,Female,0,No,No,61,Month-to-month,No,Yes,Bank transfer,No,25.52,1680.34,No
CUST04151,Female,0,No,Yes,1,Month-to-month,No,Yes,Credit card,No,20.9,62.92,No
CUST04152,Female,1,Yes,No,70,Month-to-month,DSL,Yes,Bank transfer,No,48.57,3349.88,No
CUST04153,Male,1,Yes,No,30,Two year,DSL,Yes,Bank transfer,No,57.92,1787.94,No
CUST04154,Male,0,No,No,72,One year,No,Yes,Electronic check,No,18.0,1221.17,No
CUST04155,Male,1,No,No,71,Two year,Fiber optic,Yes,Bank transfer,Yes,84.29,6078.65,No
CUST04156,Female,0,Yes,Yes,32,Month-to-month,DSL,Yes,Credit card,No,82.87,2692.82,Yes
CUST04157,Female,0,No,No,4,Two year,Fiber optic,Yes,Electronic check,Yes,81.41,556.27,Yes
CUST04158,Female,0,Yes,No,57,Two year,DSL,Yes,Electronic check,Yes,64.12,3725.11,No
CUST04159,Female,1,Yes,No,10,Month-to-month,Fiber optic,Yes,Bank transfer,Yes,98.22,1075.36,Yes
CUST04160,Male,0,No,No,22,Month-to-month,DSL,Yes,Bank transfer,No,66.19,1442.78,No
CUST04161,Male,0,Yes,Yes,44,Month-to-month,No,Yes,Credit card,Yes,18.0,762.36,No
CUST04162,Female,0,No,No,26,Month-to-month,Fiber optic,Yes,Bank transfer,No,77.59,1988.18,No
CUST04163,Male,0,Yes,No,55,Two year,Fiber optic,Yes,Credit card,Yes,68.77,3741.73,Yes
CUST04164,Female,0,Yes,No,58,Month-to-month,Fiber optic,Yes,Electronic check,No,76.43,4603.03,No
CUST04165,Female,0,No,No,39,Month-to-month,Fiber optic,Yes,Electronic check,No,56.82,2134.99,No
CUST04166,Male,0,No,Yes,17,One year,No,Yes,Bank transfer,No,24.4,428.87,No
CUST04167,Female,0,Yes,No,50,Month-to-month,DSL,Yes,Mailed check,No,41.83,1921.385,No
CUST04168,Female,0,No,Yes,60,Month-to-month,Fiber optic,Yes,Electronic check,Yes,76.3,4597.54,Yes
CUST04169,Male,0,No,No,22,Month-to-month,DSL,Yes,Electronic check,Yes,70.6,1538.68,No
CUST04170,Female,0,Yes,No,35,Month-to-month,Fiber optic,Yes,Bank transfer,Yes,75.68,2617.41,No
CUST04171,Female,0,Yes,No,37,Month-to-month,Fiber optic,Yes,Credit card,No,63.26,2393.99,No
CUST04172,Male,1,No,Yes,71,One year,DSL,Yes,Mailed check,Yes,76.06,5490.62,No
CUST04173,Female,0,No,No,55,Month-to-month,Fiber optic,Yes,Credit card,Yes,53.63,3037.18,No
CUST04174,Male,0,Yes,No,38,Month-to-month,Fiber optic,Yes,Mailed check,Yes,61.97,2365.07,No
CUST04175,Female,0,Yes,No,68,Month-to-month,DSL,Yes,Credit card,Yes,54.49,3635.53,No
CUST04176,Male,1,Yes,Yes,27,Month-to-month,DSL,Yes,Credit card,Yes,44.89,1144.18,No
CUST04177,Male,1,Yes,No,20,One year,DSL,Yes,Credit card,Yes,56.48,1067.23,No
CUST04178,Male,0,No,Yes,61,Month-to-month,Fiber optic,No,Electronic check,Yes,52.28,3204.78,No
CUST04179,Female,0,No,No,22,Two year,Fiber optic,Yes,Mailed check,No,81.61,1825.19,No
CUST04180,Male,0,Yes,No,20,Month-to-month,No,Yes,Mailed check,Yes,20.47,437.23,No
CUST04181,Male,0,No,No,15,One year,DSL,Yes,Electronic check,Yes,51.2,778.45,Yes
CUST04182,Male,0,No,Yes,61,One year,Fiber optic,Yes,Credit card,Yes,71.76,4388.73,No
CUST04183,Male,0,No,No,64,Month-to-month,Fiber optic,No,Credit card,No,75.25,4759.77,No
CUST04184,Male,0,No,Yes,4,Two year,Fiber optic,Yes,Credit card,Yes,88.41,200.06,No
CUST04185,Female,0,No,No,45,Month-to-month,Fiber optic,Yes,Electronic check,No,87.82,3942.17,No
CUST04186,Female,0,No,No,63,Two year,DSL,Yes,Electronic check,No,90.41,5801.21,No
CUST04187,Female,0,Yes,No,40,Month-to-month,DSL,Yes,Electronic check,Yes,52.54,2132.01,No
CUST04188,Female,0,No,Yes,43,Month-to-month,No,Yes,Electronic check,No,30.43,1207.81,No
CUST04189,Female,0,No,Yes,14,Month-to-month,DSL,Yes,Electronic check,Yes,61.74,883.31,No
CUST04190,Female,0,Yes,No,67,One year,Fiber optic,Yes,Electronic check,Yes,75.31,4937.56,No
CUST04191,Female,0,Yes,No,50,One year,DSL,Yes,Mailed check,Yes,67.12,3378.71,No
CUST04192,Male,0,Yes,No,53,Month-to-month,Fiber optic,Yes,Electronic check,Yes,80.31,4269.03,No
CUST04193,Female,0,No,Yes,67,One year,Fiber optic,Yes,Credit card,Yes,90.97,6001.04,No
CUST04194,Male,0,No,Yes,41,Two year,DSL,Yes,Bank transfer,Yes,58.0,2357.01,No
CUST04195,Male,0,No,No,45,Two year,DSL,Yes,Mailed check,Yes,67.92,2989.63,No
CUST04196,Female,0,Yes,No,24,Month-to-month,DSL,Yes,Mailed check,Yes,68.83,1732.22,No
CUST04197,Male,0,No,No,66,Month-to-month,No,No,Electronic check,No,33.23,2337.95,No
CUST04198,Male,0,Yes,No,34,Month-to-month,No,Yes,Credit card,Yes,28.78,848.45,No
CUST04199,Male,0,No,No,72,Month-to-month,No,Yes,Electronic check,No,32.66,2343.3,No
CUST04200,Male,0,Yes,No,21,Month-to-month,DSL,Yes,Bank transfer,No,59.22,1163.92,Yes
CUST04201,Female,0,No,Yes,8,Month-to-month,DSL,Yes,Electronic check,No,60.79,429.53,No
CUST04202,Female,0,No,No,23,Two year,DSL,Yes,Credit card,No,63.39,1538.15,No
CUST04203,Female,0,No,No,22,Two year,DSL,Yes,Credit card,Yes,68.39,1509.83,No
CUST04204,Female,1,No,No,60,Two year,Fiber optic,Yes,Electronic check,Yes,69.0,4172.17,No
CUST04205,Female,0,No,No,36,Two year,No,Yes,Credit card,Yes,25.79,965.22,No
CUST04206,Female,0,Yes,No,44,One year,DSL,Yes,Bank transfer,Yes,48.36,2108.64,No
CUST04207,Female,0,No,No,14,Month-to-month,DSL,No,Bank transfer,Yes,83.09,1018.78,No
CUST04208,Female,0,No,No,56,One year,Fiber optic,Yes,Electronic check,No,59.54,3381.34,No
CUST04209,Female,0,Yes,No,13,Month-to-month,No,Yes,Electronic check,Yes,19.15,58.77,No
CUST04210,Female,0,No,No,51,Month-to-month,Fiber optic,Yes,Credit card,Yes,82.96,4092.39,No
CUST04211,Male,1,No,No,35,Month-to-month,No,Yes,Electronic check,Yes,32.02,944.13,Yes
CUST04212,Female,0,No,Yes,26,Month-to-month,Fiber optic,Yes,Credit card,Yes,76.16,1874.44,No
CUST04213,Male,0,No,Yes,16,One year,Fiber optic,Yes,Mailed check,Yes,81.38,1252.78,No
CUST04214,Male,1,No,No,40,Two year,DSL,Yes,Electronic check,Yes,64.93,2615.85,No
CUST04215,Male,0,No,No,3,Month-to-month,No,Yes,Bank transfer,No,21.87,73.46,No
CUST04216,Male,0,No,No,2,Month-to-month,Fiber optic,Yes,Mailed check,No,72.09,119.67,No
CUST04217,Female,0,No,No,18,Month-to-month,Fiber optic,Yes,Credit card,Yes,89.61,1550.59,No
CUST04218,Male,0,No,No,40,One year,Fiber optic,Yes,Mailed check,No,48.22,1796.87,No
CUST04219,Female,0,Yes,Yes,39,Month-to-month,DSL,Yes,Electronic check,No,73.5,2840.5,No
CUST04220,Female,0,Yes,No,57,Two year,DSL,Yes,Mailed check,Yes,38.73,2228.0,No
CUST04221,Male,0,Yes,Yes,38,Month-to-month,DSL,Yes,Bank transfer,No,48.75,1911.54,No
CUST04222,Female,0,No,No,6,Two year,No,Yes,Credit card,No,35.18,286.34,Yes
CUST04223,Male,1,No,No,35,Month-to-month,No,Yes,Electronic check,Yes,24.09,972.94,Yes
CUST04224,Male,0,No,No,19,Month-to-month,No,Yes,Mailed check,Yes,22.29,427.27,No
CUST04225,Female,0,No,Yes,28,Month-to-month,Fiber optic,Yes,Bank transfer,Yes,85.66,2515.38,No
CUST04226,Female,0,Yes,No,67,One year,Fiber optic,Yes,Electronic check,Yes,74.47,4945.54,No
CUST04227,Male,0,Yes,No,65,Month-to-month,DSL,Yes,Mailed check,No,49.02,3029.06,No
CUST04228,Female,1,No,No,46,Two year,DSL,Yes,Credit card,No,49.35,2341.96,No
CUST04229,Female,0,Yes,Yes,22,Month-to-month,No,Yes,Electronic check,No,18.0,405.51,No
CUST04230,Female,0,Yes,No,5,One year,DSL,No,Mailed check,Yes,80.05,390.65,Yes
CUST04231,Male,0,No,No,17,Month-to-month,Fiber optic,No,Mailed check,No,87.36,1490.38,No
CUST04232,Male,1,Yes,No,52,Month-to-month,Fiber optic,Yes,Bank transfer,Yes,33.51,1650.08,No
CUST04233,Female,0,No,Yes,21,Month-to-month,Fiber optic,Yes,Electronic check,Yes,55.69,1074.74,No
CUST04234,Female,0,Yes,Yes,67,Two year,No,Yes,Electronic check,Yes,23.49,1562.65,No
CUST04235,Female,0,No,No,34,Month-to-month,DSL,Yes,Electronic check,Yes,69.6,2412.91,No
CUST04236,Female,1,Yes,No,8,Month-to-month,No,Yes,Credit card,Yes,19.14,134.93,Yes
CUST04237,Female,0,Yes,No,30,Month-to-month,Fiber optic,Yes,Mailed check,Yes,80.84,2239.98,No
CUST04238,Male,0,No,No,42,One year,No,Yes,Electronic check,Yes,29.34,1092.66,Yes
CUST04239,Female,0,No,Yes,16,Month-to-month,No,Yes,Electronic check,No,28.82,410.02,No
CUST04240,Male,0,No,Yes,50,Two year,DSL,Yes,Electronic check,Yes,76.33,3835.02,No
CUST04241,Female,0,Yes,Yes,65,Month-to-month,DSL,Yes,Electronic check,Yes,86.62,5620.12,No
CUST04242,Male,1,Yes,No,23,Month-to-month,No,Yes,Bank transfer,Yes,21.95,469.85,Yes
CUST04243,Female,1,No,No,14,Month-to-month,DSL,Yes,Mailed check,Yes,77.19,978.24,No
CUST04244,Male,1,Yes,Yes,27,Month-to-month,Fiber optic,Yes,Bank transfer,Yes,79.99,2189.79,Yes
CUST04245,Female,0,Yes,Yes,2,Month-to-month,Fiber optic,No,Electronic check,Yes,67.035,347.95,Yes
CUST04246,Male,0,No,No,28,Month-to-month,Fiber optic,No,Electronic check,Yes,89.19,2667.89,No
CUST04247,Male,1,Yes,No,51,Month-to-month,Fiber optic,Yes,Mailed check,Yes,88.87,4489.47,Yes
CUST04248,Male,0,Yes,No,53,One year,Fiber optic,Yes,Mailed check,Yes,89.55,4653.01,No
CUST04249,Male,0,Yes,No,57,Month-to-month,Fiber optic,Yes,Electronic check,Yes,73.14,4120.18,No
CUST04250,Male,0,No,No,44,Month-to-month,Fiber optic,Yes,Mailed check,No,81.06,3444.2,Yes
CUST04251,Male,1,Yes,Yes,49,One year,No,Yes,Electronic check,No,36.78,1766.12,No
CUST04252,Female,0,No,Yes,21,Month-to-month,Fiber optic,Yes,Electronic check,No,73.55,1542.12,No
CUST04253,Male,1,Yes,Yes,51,Month-to-month,DSL,Yes,Bank transfer,Yes,84.16,4234.65,No
CUST04254,Female,0,No,Yes,52,One year,Fiber optic,Yes,Electronic check,Yes,76.83,3886.81,No
CUST04255,Female,0,Yes,No,30,Month-to-month,No,Yes,Credit card,Yes,32.79,976.1,No
CUST04256,Female,0,No,No,70,Month-to-month,DSL,Yes,Credit card,No,60.67,4345.91,Yes
CUST04257,Female,0,No,Yes,47,Month-to-month,Fiber optic,Yes,Electronic check,No,73.9,3496.96,No
CUST04258,Female,0,No,No,30,Month-to-month,Fiber optic,Yes,Credit card,Yes,70.56,2091.36,No
CUST04259,Male,1,No,No,3,Two year,No,No,Mailed check,No,18.0,125.37,No
CUST04260,Male,0,No,No,34,Month-to-month,No,Yes,Credit card,Yes,29.27,997.73,No
CUST04261,Male,0,Yes,No,66,One year,No,Yes,Credit card,No,32.47,2030.89,No
CUST04262,Female,0,No,No,63,One year,DSL,Yes,Credit card,No,67.55,4334.28,No
CUST04263,Male,0,No,Yes,8,Two year,DSL,Yes,Electronic check,No,83.6,660.79,No
CUST04264,Male,0,No,No,45,One year,DSL,Yes,Bank transfer,Yes,41.74,1767.52,No
CUST04265,Male,0,Yes,No,55,Month-to-month,DSL,Yes,Bank transfer,Yes,97.27,5362.11,No
CUST04266,Male,1,No,No,55,Month-to-month,DSL,Yes,Electronic check,Yes,88.16,4707.45,No
CUST04267,Male,0,Yes,No,25,Two year,Fiber optic,Yes,Credit card,Yes,95.59,2340.25,No
CUST04268,Female,0,No,No,59,Month-to-month,DSL,No,Credit card,No,52.85,3168.13,No
CUST04269,Male,0,Yes,No,71,Month-to-month,Fiber optic,Yes,Credit card,Yes,59.12,4089.95,No
CUST04270,Female,0,Yes,No,47,Month-to-month,No,Yes,Mailed check,Yes,20.0,883.62,No
CUST04271,Female,1,No,No,57,Month-to-month,Fiber optic,Yes,Electronic check,Yes,71.25,4086.38,No
CUST04272,Female,0,No,No,62,Two year,No,Yes,Mailed check,No,25.55,1573.37,No
CUST04273,Female,1,No,No,57,One year,DSL,Yes,Bank transfer,Yes,69.33,4094.02,No
CUST04274,Female,0,No,No,2,One year,DSL,Yes,Mailed check,No,80.81,295.52,No
CUST04275,Male,0,No,Yes,6,Month-to-month,DSL,Yes,Mailed check,Yes,75.88,471.81,No
CUST04276,Male,1,No,No,51,Month-to-month,No,Yes,Electronic check,Yes,43.92,2396.32,No
CUST04277,Male,0,No,No,61,Month-to-month,Fiber optic,Yes,Mailed check,No,74.28,4417.09,No
CUST04278,Female,0,No,Yes,1,Month-to-month,No,Yes,Mailed check,No,18.0,0.0,Yes
CUST04279,Male,0,Yes,No,32,Month-to-month,DSL,No,Bank transfer,Yes,65.62,2102.68,No
CUST04280,Male,0,Yes,No,11,Month-to-month,No,Yes,Mailed check,No,37.08,503.6,No
CUST04281,Female,0,No,No,47,Month-to-month,DSL,Yes,Electronic check,No,48.82,2273.95,No
CUST04282,Female,0,No,Yes,52,One year,Fiber optic,Yes,Mailed check,No,79.08,4076.55,No
CUST04283,Female,0,Yes,No,40,Month-to-month,No,Yes,Bank transfer,No,19.85,648.55,No
CUST04284,Female,0,Yes,Yes,57,Month-to-month,No,Yes,Credit card,Yes,28.93,1596.5,No
CUST04285,Male,1,No,No,67,Two year,No,Yes,Electronic check,No,34.26,2252.42,No
CUST04286,Female,0,Yes,No,22,Month-to-month,DSL,No,Mailed check,Yes,64.42,1446.98,No
CUST04287,Female,0,No,No,35,Month-to-month,Fiber optic,Yes,Credit card,No,92.83,3192.07,No
CUST04288,Male,1,No,No,20,Two year,No,Yes,Electronic check,Yes,23.54,468.83,No
CUST04289,Male,0,Yes,Yes,71,One year,Fiber optic,Yes,Mailed check,Yes,89.69,6359.39,No
CUST04290,Female,0,No,No,54,Two year,Fiber optic,Yes,Bank transfer,Yes,82.56,4313.5,No
CUST04291,Male,0,No,No,55,Month-to-month,DSL,Yes,Mailed check,Yes,70.78,3861.08,No
CUST04292,Female,0,No,Yes,12,Two year,DSL,No,Mailed check,Yes,58.62,755.06,No
CUST04293,Female,0,Yes,No,21,Month-to-month,Fiber optic,Yes,Credit card,No,68.85,1333.31,No
CUST04294,Male,0,Yes,No,6,Two year,Fiber optic,Yes,Electronic check,Yes,80.97,487.6,No
CUST04295,Male,0,No,No,23,Two year,DSL,Yes,Electronic check,Yes,53.3,1329.65,No
CUST04296,Female,0,Yes,Yes,60,One year,DSL,No,Electronic check,No,46.21,2853.2,No
CUST04297,Female,0,Yes,No,4,One year,Fiber optic,Yes,Mailed check,No,67.33,343.16,No
CUST04298,Female,0,Yes,No,49,Two year,Fiber optic,Yes,Mailed check,Yes,49.51,2445.94,No
CUST04299,Male,0,Yes,Yes,61,Month-to-month,DSL,Yes,Electronic check,Yes,71.57,4400.56,No
CUST04300,Female,1,Yes,Yes,54,Month-to-month,No,Yes,Credit card,Yes,18.0,906.4,No
CUST04301,Female,0,Yes,Yes,25,Two year,DSL,Yes,Bank transfer,Yes,59.7,1444.05,No
CUST04302,Female,0,No,No,9,Month-to-month,Fiber optic,Yes,Electronic check,Yes,85.52,783.62,Yes
CUST04303,Female,0,No,No,10,Two year,DSL,Yes,Electronic check,Yes,53.71,558.44,Yes
CUST04304,Female,1,Yes,No,39,One year,Fiber optic,Yes,Electronic check,No,114.16,4493.49,No
CUST04305,Male,1,No,Yes,10,Two year,Fiber optic,Yes,Mailed check,Yes,85.52,866.74,No
CUST04306,Female,0,Yes,No,3,Month-to-month,Fiber optic,Yes,Electronic check,Yes,66.59,289.11,Yes
CUST04307,Female,0,No,No,1,Month-to-month,Fiber optic,Yes,Bank transfer,Yes,79.4,193.73,Yes
CUST04308,Female,0,Yes,Yes,38,Two year,No,Yes,Mailed check,Yes,33.57,1300.93,No
CUST04309,Female,0,Yes,No,22,Month-to-month,DSL,Yes,Credit card,No,67.08,1508.1,No
CUST04310,Male,0,No,Yes,44,One year,Fiber optic,Yes,Credit card,No,64.12,2820.87,No
CUST04311,Male,0,Yes,No,41,Two year,Fiber optic,Yes,Electronic check,Yes,100.2,3956.62,No
CUST04312,Male,0,No,No,41,Month-to-month,No,Yes,Bank transfer,Yes,21.76,796.43,Yes
CUST04313,Female,0,Yes,No,28,One year,Fiber optic,Yes,Electronic check,No,95.16,2721.64,No
CUST04314,Female,0,Yes,No,15,Month-to-month,DSL,Yes,Electronic check,Yes,79.12,1293.43,No
CUST04315,Male,0,No,No,66,Month-to-month,Fiber optic,Yes,Mailed check,No,92.2,6147.73,No
CUST04316,Male,1,No,Yes,59,Month-to-month,No,Yes,Mailed check,No,19.64,1086.41,No
CUST04317,Male,0,Yes,No,3,One year,DSL,Yes,Bank transfer,Yes,54.94,90.89,No
CUST04318,Female,0,Yes,No,15,Two year,Fiber optic,Yes,Credit card,No,82.56,1301.34,Yes
CUST04319,Female,0,Yes,No,40,Month-to-month,Fiber optic,Yes,Credit card,Yes,76.69,3159.59,Yes
CUST04320,Male,0,No,Yes,5,Month-to-month,DSL,Yes,Electronic check,No,65.2,363.46,No
CUST04321,Male,0,No,Yes,41,Month-to-month,Fiber optic,Yes,Bank transfer,No,66.64,2811.5,No
CUST04322,Male,0,Yes,No,56,Month-to-month,DSL,Yes,Credit card,No,70.36,4062.35,No
CUST04323,Female,0,No,Yes,27,Month-to-month,No,Yes,Bank transfer,Yes,38.81,1108.76,No
CUST04324,Female,1,Yes,Yes,22,Two year,Fiber optic,Yes,Mailed check,No,71.74,1601.17,Yes
CUST04325,Female,0,Yes,No,41,Two year,No,Yes,Credit card,Yes,27.26,1159.23,No
CUST04326,Male,1,Yes,No,11,Month-to-month,Fiber optic,No,Electronic check,No,81.7,911.15,Yes
CUST04327,Male,0,No,No,63,One year,DSL,Yes,Electronic check,Yes,88.17,5538.17,No
CUST04328,Female,1,Yes,No,57,One year,Fiber optic,Yes,Bank transfer,Yes,91.69,5182.44,No
CUST04329,Male,0,No,No,50,Two year,Fiber optic,Yes,Mailed check,Yes,99.15,4956.72,No
CUST04330,Female,0,No,Yes,28,Month-to-month,No,Yes,Electronic check,No,21.95,623.7,No
CUST04331,Male,0,Yes,No,18,Two year,No,Yes,Mailed check,Yes,18.0,509.41,No
CUST04332,Male,0,Yes,No,44,Two year,Fiber optic,Yes,Electronic check,Yes,76.59,3405.42,No
CUST04333,Male,0,Yes,No,53,Two year,Fiber optic,No,Mailed check,Yes,79.83,4235.65,No
CUST04334,Male,0,No,No,65,One year,No,Yes,Electronic check,No,32.09,2105.96,No
CUST04335,Female,0,No,Yes,71,Month-to-month,No,Yes,Electronic check,Yes,18.0,1286.03,No
CUST04336,Male,0,Yes,Yes,12,One year,Fiber optic,Yes,Electronic check,Yes,89.81,1098.85,Yes
CUST04337,Female,0,Yes,No,64,Month-to-month,Fiber optic,Yes,Electronic check,Yes,83.68,5322.84,No
CUST04338,Female,1,Yes,No,11,Month-to-month,Fiber optic,Yes,Mailed check,Yes,70.2,796.62,No
CUST04339,Female,0,Yes,Yes,70,Month-to-month,Fiber optic,Yes,Mailed check,Yes,86.93,6153.84,No
CUST04340,Male,0,No,Yes,13,Month-to-month,No,Yes,Bank transfer,Yes,28.9,496.87,Yes
CUST04341,Female,0,Yes,No,41,Month-to-month,DSL,Yes,Bank transfer,Yes,65.91,2720.49,No
CUST04342,Female,0,Yes,No,47,Month-to-month,Fiber optic,No,Electronic check,No,68.69,3256.49,No
CUST04343,Female,0,No,No,23,Month-to-month,Fiber optic,Yes,Mailed check,No,91.29,2180.45,No
CUST04344,Male,0,Yes,Yes,64,Month-to-month,Fiber optic,Yes,Credit card,Yes,77.93,4936.15,No
CUST04345,Male,0,No,No,16,Month-to-month,Fiber optic,No,Electronic check,No,84.44,1471.67,Yes
CUST04346,Female,0,Yes,No,37,Two year,DSL,Yes,Credit card,Yes,58.82,2085.51,Yes
CUST04347,Male,1,No,No,27,Month-to-month,Fiber optic,Yes,Electronic check,No,92.23,2443.56,Yes
CUST04348,Female,0,Yes,Yes,32,Two year,Fiber optic,Yes,Electronic check,Yes,95.12,3135.74,No
CUST04349,Female,0,No,No,23,Month-to-month,Fiber optic,Yes,Electronic check,No,91.99,2151.94,No
CUST04350,Male,0,Yes,No,69,Two year,No,Yes,Mailed check,No,37.7,2516.12,No
CUST04351,Female,0,No,Yes,3,Two year,Fiber optic,Yes,Electronic check,Yes,83.18,378.99,No
CUST04352,Male,0,Yes,Yes,32,Month-to-month,No,Yes,Mailed check,Yes,18.0,697.55,No
CUST04353,Male,0,No,No,9,Month-to-month,DSL,Yes,Credit card,Yes,61.41,436.74,No
CUST04354,Female,1,Yes,No,35,One year,Fiber optic,Yes,Mailed check,No,56.66,2045.61,Yes
CUST04355,Male,0,No,No,72,One year,Fiber optic,Yes,Credit card,No,91.0,6466.36,No
CUST04356,Male,0,No,No,30,Month-to-month,DSL,Yes,Electronic check,Yes,75.4,2359.56,No
CUST04357,Female,0,No,No,3,Two year,DSL,Yes,Credit card,No,64.84,318.4,Yes
CUST04358,Female,0,No,Yes,7,Month-to-month,Fiber optic,Yes,Credit card,Yes,86.83,644.28,Yes
CUST04359,Male,0,Yes,No,26,Two year,Fiber optic,Yes,Electronic check,No,83.72,2166.81,No
CUST04360,Male,0,Yes,No,35,Month-to-month,DSL,Yes,Mailed check,No,70.29,2402.34,No
CUST04361,Female,0,No,No,8,Month-to-month,Fiber optic,Yes,Electronic check,Yes,98.6,809.19,Yes
CUST04362,Male,0,Yes,Yes,42,Month-to-month,DSL,Yes,Electronic check,Yes,68.98,2827.19,No
CUST04363,Male,0,Yes,Yes,23,Month-to-month,No,No,Bank transfer,No,30.53,793.86,No
CUST04364,Male,0,Yes,No,36,Two year,Fiber optic,Yes,Bank transfer,No,89.62,3136.26,No
CUST04365,Male,0,Yes,Yes,40,One year,DSL,No,Bank transfer,No,40.53,1565.41,No
CUST04366,Male,0,No,Yes,25,Two year,Fiber optic,Yes,Mailed check,No,78.86,2002.85,No
CUST04367,Male,1,No,Yes,3,Two year,No,Yes,Electronic check,No,18.0,64.18,Yes
CUST04368,Male,0,No,Yes,0,Month-to-month,No,Yes,Mailed check,Yes,19.97,51.09,No
CUST04369,Female,0,Yes,No,19,Month-to-month,Fiber optic,Yes,Electronic check,No,55.77,1074.4,No
CUST04370,Female,0,No,No,44,Two year,Fiber optic,Yes,Electronic check,Yes,78.55,3608.63,No
CUST04371,Female,0,No,Yes,68,One year,No,Yes,Electronic check,Yes,30.98,2150.13,No
CUST04372,Female,0,No,No,51,One year,No,Yes,Bank transfer,No,28.75,1557.46,No
CUST04373,Female,0,No,No,63,Month-to-month,DSL,Yes,Electronic check,No,51.25,3212.35,No
CUST04374,Male,0,No,No,20,Two year,Fiber optic,Yes,Electronic check,No,80.1,1547.22,No
CUST04375,Male,1,Yes,No,71,Month-to-month,Fiber optic,Yes,Electronic check,Yes,58.36,4126.99,No
CUST04376,Male,1,Yes,No,24,Two year,DSL,No,Mailed check,Yes,62.83,1497.71,No
CUST04377,Male,0,Yes,Yes,66,Two year,No,Yes,Electronic check,Yes,23.09,1513.26,No
CUST04378,Female,0,No,No,25,One year,Fiber optic,Yes,Electronic check,Yes,87.78,2138.05,No
CUST04379,Male,0,No,No,26,Month-to-month,Fiber optic,Yes,Electronic check,No,78.61,1949.02,Yes
CUST04380,Male,0,No,No,51,Month-to-month,DSL,Yes,Mailed check,No,85.32,4300.97,No
CUST04381,Female,0,No,No,62,Month-to-month,DSL,Yes,Mailed check,Yes,52.34,3301.38,No
CUST04382,Male,0,No,No,44,One year,DSL,Yes,Electronic check,No,59.47,2644.58,No
CUST04383,Male,0,No,No,57,Month-to-month,No,Yes,Electronic check,No,25.74,1461.25,No
CUST04384,Female,0,No,No,37,Two year,Fiber optic,Yes,Bank transfer,Yes,76.88,2905.27,No
CUST04385,Male,0,Yes,No,34,One year,DSL,Yes,Bank transfer,Yes,58.77,1855.82,No
CUST04386,Male,0,Yes,Yes,45,Two year,DSL,Yes,Mailed check,Yes,64.19,2975.24,No
CUST04387,Male,0,Yes,Yes,70,Month-to-month,Fiber optic,Yes,Mailed check,Yes,76.0,5429.61,No
CUST04388,Male,0,Yes,No,2,Two year,Fiber optic,Yes,Mailed check,Yes,70.84,105.93,Yes
CUST04389,Male,0,No,Yes,5,One year,Fiber optic,Yes,Mailed check,No,80.19,365.99,Yes
CUST04390,Female,0,Yes,No,12,Two year,No,No,Mailed check,No,22.01,223.45,No
CUST04391,Female,0,No,No,45,Month-to-month,Fiber optic,Yes,Credit card,No,55.26,2369.12,No
CUST04392,Female,0,Yes,No,32,Month-to-month,Fiber optic,Yes,Mailed check,No,102.29,3284.12,No
CUST04393,Female,0,Yes,No,61,One year,Fiber optic,Yes,Bank transfer,Yes,104.2,6194.64,No
CUST04394,Female,0,No,No,62,Month-to-month,Fiber optic,Yes,Credit card,Yes,78.28,4860.93,No
CUST04395,Female,0,No,Yes,55,Month-to-month,Fiber optic,Yes,Mailed check,Yes,44.98,2472.14,No
CUST04396,Male,0,Yes,No,38,Two year,Fiber optic,Yes,Credit card,No,75.24,2916.32,No
CUST04397,Female,0,No,No,59,Month-to-month,Fiber optic,Yes,Credit card,No,74.3,4338.44,No
CUST04398,Female,0,Yes,No,23,Month-to-month,DSL,Yes,Mailed check,Yes,62.58,1502.06,No
CUST04399,Male,0,No,No,49,Month-to-month,Fiber optic,Yes,Mailed check,No,51.55,2509.44,No
CUST04400,Male,0,No,No,32,Two year,DSL,Yes,Credit card,Yes,64.06,2114.53,No
CUST04401,Female,1,Yes,No,6,One year,DSL,Yes,Bank transfer,Yes,75.95,478.2,No
CUST04402,Male,0,No,No,45,Month-to-month,Fiber optic,No,Bank transfer,No,62.57,2881.83,No
CUST04403,Female,0,No,No,61,Month-to-month,Fiber optic,Yes,Credit card,Yes,83.0,5085.84,No
CUST04404,Male,0,No,No,0,Two year,DSL,Yes,Bank transfer,No,54.56,0.0,No
CUST04405,Female,0,No,Yes,64,Month-to-month,DSL,Yes,Bank transfer,No,65.0,4206.0,No
CUST04406,Male,0,Yes,No,44,Month-to-month,Fiber optic,Yes,Electronic check,No,71.06,3149.53,No
CUST04407,Male,0,No,No,54,Month-to-month,DSL,Yes,Bank transfer,No,62.64,3405.36,No
CUST04408,Female,0,No,No,65,Month-to-month,No,No,Credit card,Yes,18.0,1089.23,No
CUST04409,Female,0,No,Yes,66,One year,No,Yes,Bank transfer,No,23.12,1589.91,No
CUST04410,Female,0,Yes,No,53,One year,No,Yes,Credit card,No,36.22,1940.26,No
CUST04411,Female,0,No,No,62,One year,Fiber optic,Yes,Electronic check,Yes,88.46,5416.07,No
CUST04412,Female,1,No,No,53,Month-to-month,No,Yes,Electronic check,Yes,19.55,1051.74,No
CUST04413,Male,0,No,No,51,Month-to-month,Fiber optic,Yes,Mailed check,No,57.32,2928.42,No
CUST04414,Female,0,Yes,Yes,53,Month-to-month,DSL,Yes,Electronic check,Yes,50.35,2791.48,Yes
CUST04415,Female,0,Yes,No,66,Month-to-month,Fiber optic,Yes,Electronic check,No,73.88,4819.87,No
CUST04416,Male,0,Yes,No,36,Month-to-month,Fiber optic,Yes,Electronic check,Yes,79.6,2884.15,No
CUST04417,Male,1,Yes,No,11,One year,Fiber optic,Yes,Mailed check,Yes,77.55,876.59,No
CUST04418,Female,1,No,No,58,Month-to-month,No,Yes,Credit card,No,24.53,1307.52,No
CUST04419,Male,0,No,Yes,19,Two year,Fiber optic,Yes,Electronic check,No,83.6,1546.07,No
CUST04420,Male,0,No,No,31,Month-to-month,Fiber optic,Yes,Electronic check,No,86.9,2697.03,Yes
CUST04421,Female,0,No,No,70,Month-to-month,DSL,Yes,Credit card,Yes,54.8,3642.19,No
CUST04422,Male,0,Yes,Yes,43,Month-to-month,No,Yes,Credit card,Yes,25.35,1148.33,Yes
CUST04423,Male,0,Yes,No,65,One year,DSL,Yes,Credit card,No,74.5,4840.9,No
CUST04424,Female,1,No,No,54,Two year,No,Yes,Electronic check,Yes,19.23,1075.15,No
CUST04425,Female,1,No,No,15,Two year,Fiber optic,Yes,Bank transfer,Yes,74.04,1171.57,No
CUST04426,Male,1,No,No,70,Month-to-month,Fiber optic,Yes,Electronic check,Yes,43.61,3011.12,No
CUST04427,Male,0,Yes,No,67,One year,DSL,Yes,Bank transfer,Yes,81.62,5325.96,No
CUST04428,Female,0,No,No,51,Month-to-month,Fiber optic,Yes,Mailed check,Yes,76.68,3690.57,No
CUST04429,Male,0,Yes,No,36,One year,No,Yes,Bank transfer,Yes,26.93,1047.11,No
CUST04430,Male,0,No,Yes,45,Two year,DSL,Yes,Mailed check,Yes,69.62,3220.1,No
CUST04431,Male,0,No,No,40,One year,DSL,Yes,Credit card,Yes,92.08,3667.93,Yes
CUST04432,Female,0,No,No,4,Month-to-month,DSL,No,Electronic check,No,54.23,304.69,Yes
CUST04433,Male,0,Yes,Yes,65,One year,Fiber optic,Yes,Electronic check,Yes,90.25,5937.25,Yes
CUST04434,Male,0,No,No,4,Two year,Fiber optic,Yes,Credit card,No,60.86,308.43,Yes
CUST04435,Female,1,Yes,No,62,Month-to-month,Fiber optic,Yes,Bank transfer,No,82.79,5184.44,Yes
CUST04436,Male,1,Yes,No,2,Month-to-month,No,No,Electronic check,No,37.57,11.14,Yes
CUST04437,Male,1,No,Yes,7,Month-to-month,No,Yes,Electronic check,Yes,34.38,415.14,Yes
CUST04438,Female,0,Yes,No,25,Month-to-month,No,Yes,Electronic check,Yes,33.88,789.35,No
CUST04439,Female,0,No,No,52,Month-to-month,Fiber optic,No,Mailed check,No,79.49,4189.14,Yes
CUST04440,Female,0,Yes,No,28,Month-to-month,DSL,Yes,Electronic check,Yes,40.89,1100.4,No
CUST04441,Female,0,No,No,13,Month-to-month,Fiber optic,Yes,Credit card,No,76.1,1077.39,Yes
CUST04442,Male,1,No,No,4,Month-to-month,DSL,No,Mailed check,No,57.16,203.81,Yes
CUST04443,Male,1,Yes,Yes,26,One year,DSL,Yes,Credit card,No,72.82,2015.17,No
CUST04444,Female,0,No,No,67,Month-to-month,Fiber optic,Yes,Electronic check,No,87.38,5917.02,No
CUST04445,Female,0,No,Yes,28,Two year,No,Yes,Electronic check,Yes,21.89,815.57,No
CUST04446,Male,0,No,No,2,Month-to-month,Fiber optic,Yes,Credit card,Yes,79.83,18.41,Yes
CUST04447,Female,0,No,Yes,29,One year,No,Yes,Electronic check,Yes,27.4,817.12,No
CUST04448,Male,1,No,No,8,Month-to-month,DSL,Yes,Electronic check,No,72.76,632.63,Yes
CUST04449,Female,0,Yes,No,0,Month-to-month,Fiber optic,Yes,Mailed check,No,79.02,0.0,Yes
CUST04450,Male,0,Yes,No,22,Month-to-month,No,Yes,Mailed check,No,22.1,596.91,No
CUST04451,Female,0,Yes,No,66,One year,Fiber optic,Yes,Electronic check,No,72.12,4648.27,No
CUST04452,Female,0,No,Yes,31,Two year,Fiber optic,Yes,Mailed check,No,79.93,2423.58,No
CUST04453,Male,0,No,No,5,Two year,No,Yes,Electronic check,No,28.23,188.91,No
CUST04454,Female,1,No,No,48,Month-to-month,Fiber optic,Yes,Electronic check,Yes,62.32,2809.32,No
CUST04455,Male,0,No,No,14,Month-to-month,No,Yes,Credit card,No,37.5,486.67,No
CUST04456,Male,0,No,Yes,57,One year,DSL,Yes,Electronic check,Yes,61.68,3604.17,No
CUST04457,Male,0,Yes,Yes,52,Month-to-month,No,No,Credit card,Yes,23.46,1147.0,No
CUST04458,Male,0,Yes,No,29,Month-to-month,DSL,Yes,Mailed check,No,58.5,1769.25,No
CUST04459,Male,0,No,No,39,Month-to-month,DSL,Yes,Electronic check,No,40.42,1633.95,Yes
CUST04460,Female,0,Yes,No,58,Month-to-month,Fiber optic,Yes,Bank transfer,No,90.81,5169.83,No
CUST04461,Female,0,No,Yes,62,Month-to-month,Fiber optic,Yes,Mailed check,Yes,74.78,4525.38,No
CUST04462,Male,0,Yes,No,47,Month-to-month,Fiber optic,Yes,Mailed check,Yes,80.18,3759.6,No
CUST04463,Female,0,Yes,No,67,Two year,No,No,Electronic check,Yes,18.0,1206.84,No
CUST04464,Male,0,No,Yes,6,Month-to-month,No,Yes,Electronic check,Yes,32.16,229.13,Yes
CUST04465,Female,0,Yes,No,46,Two year,DSL,Yes,Bank transfer,Yes,49.43,2187.52,No
CUST04466,Female,0,No,No,42,Month-to-month,Fiber optic,Yes,Credit card,Yes,86.0,3644.26,Yes
CUST04467,Female,0,Yes,No,15,Month-to-month,Fiber optic,Yes,Credit card,No,93.64,1483.72,Yes
CUST04468,Female,0,No,Yes,21,One year,DSL,Yes,Electronic check,Yes,66.31,1375.87,No
CUST04469,Male,0,No,No,62,Two year,Fiber optic,Yes,Electronic check,No,66.14,4285.78,No
CUST04470,Male,0,No,Yes,45,One year,DSL,Yes,Credit card,Yes,57.0,2505.22,No
CUST04471,Female,1,No,No,44,One year,No,Yes,Electronic check,Yes,38.1,1689.92,No
CUST04472,Female,0,Yes,No,40,Two year,Fiber optic,Yes,Electronic check,No,77.28,3076.82,No
CUST04473,Male,0,Yes,No,24,One year,Fiber optic,No,Credit card,No,77.63,1792.07,No
CUST04474,Female,1,Yes,Yes,49,One year,No,Yes,Mailed check,No,24.69,1389.66,No
CUST04475,Male,0,No,No,66,Two year,DSL,Yes,Electronic check,Yes,76.89,5064.8,No
CUST04476,Male,0,No,Yes,51,Month-to-month,Fiber optic,Yes,Electronic check,No,71.28,3588.87,No
CUST04477,Male,0,Yes,No,30,Two year,DSL,Yes,Electronic check,No,75.35,2175.59,No
CUST04478,Female,0,No,Yes,36,Month-to-month,Fiber optic,Yes,Electronic check,Yes,61.0,2281.94,No
CUST04479,Male,0,Yes,No,21,Two year,Fiber optic,Yes,Mailed check,Yes,74.52,1670.54,Yes
CUST04480,Female,0,Yes,No,26,Month-to-month,DSL,Yes,Electronic check,Yes,81.0,2194.75,No
CUST04481,Male,0,No,Yes,1,Month-to-month,Fiber optic,Yes,Electronic check,Yes,83.38,64.14,Yes
CUST04482,Female,1,Yes,No,21,Two year,Fiber optic,Yes,Credit card,Yes,90.3,1891.98,No
CUST04483,Female,0,Yes,No,52,Month-to-month,Fiber optic,Yes,Credit card,Yes,84.9,4435.23,No
CUST04484,Female,0,No,No,16,One year,No,Yes,Credit card,Yes,32.12,409.26,No
CUST04485,Male,0,No,Yes,55,Month-to-month,Fiber optic,Yes,Bank transfer,Yes,68.5,3692.11,No
CUST04486,Male,0,Yes,No,30,Month-to-month,Fiber optic,Yes,Bank transfer,Yes,86.89,2770.7,No
CUST04487,Female,0,No,Yes,42,Two year,Fiber optic,No,Electronic check,Yes,83.83,3610.38,No
CUST04488,Female,0,No,No,71,Month-to-month,Fiber optic,No,Electronic check,Yes,80.6,5676.47,No
CUST04489,Female,0,Yes,No,52,Two year,Fiber optic,Yes,Electronic check,Yes,71.49,3650.19,No
CUST04490,Male,0,No,No,4,Month-to-month,No,Yes,Credit card,Yes,28.78,175.64,No
CUST04491,Male,1,Yes,No,1,Two year,DSL,Yes,Bank transfer,Yes,35.53,195.9,No
CUST04492,Male,0,Yes,No,58,One year,DSL,Yes,Credit card,No,82.86,4798.93,No
CUST04493,Male,0,Yes,Yes,3,One year,Fiber optic,Yes,Electronic check,Yes,61.39,184.71,No
CUST04494,Female,0,No,No,33,Two year,DSL,Yes,Bank transfer,No,53.59,1885.47,No
CUST04495,Female,0,Yes,No,66,Month-to-month,DSL,Yes,Bank transfer,Yes,75.74,4968.78,No
CUST04496,Male,0,Yes,No,72,Two year,DSL,Yes,Electronic check,Yes,49.34,3570.63,Yes
CUST04497,Male,0,Yes,Yes,5,One year,No,Yes,Bank transfer,No,29.1,155.81,No
CUST04498,Female,0,Yes,No,57,Month-to-month,DSL,Yes,Electronic check,No,78.06,4344.71,No
CUST04499,Male,0,No,No,46,Month-to-month,DSL,Yes,Electronic check,Yes,78.95,3678.15,No
CUST04500,Male,0,Yes,No,4,One year,Fiber optic,No,Bank transfer,No,109.53,326.71,No
CUST04501,Male,0,No,No,60,One year,No,Yes,Mailed check,Yes,32.54,1926.35,No
CUST04502,Male,0,No,No,55,Month-to-month,Fiber optic,Yes,Credit card,Yes,90.25,4766.28,No
CUST04503,Male,0,No,No,34,Month-to-month,No,Yes,Electronic check,Yes,18.0,600.11,No
CUST04504,Male,0,No,No,12,Month-to-month,No,Yes,Electronic check,Yes,31.16,474.57,Yes
CUST04505,Female,0,Yes,No,25,Month-to-month,Fiber optic,Yes,Electronic check,No,79.53,2007.43,No
CUST04506,Male,0,Yes,Yes,63,Month-to-month,DSL,Yes,Credit card,Yes,61.21,3748.59,No
CUST04507,Male,0,No,No,10,Month-to-month,Fiber optic,Yes,Credit card,Yes,82.19,930.03,No
CUST04508,Female,0,Yes,No,61,Month-to-month,Fiber optic,Yes,Mailed check,Yes,81.56,4885.82,No
CUST04509,Female,0,No,No,46,Two year,DSL,Yes,Credit card,Yes,56.15,2533.02,No
CUST04510,Female,0,Yes,No,69,One year,No,Yes,Electronic check,No,35.47,2557.42,No
CUST04511,Male,0,Yes,Yes,57,Month-to-month,Fiber optic,Yes,Electronic check,Yes,65.45,3736.13,No
CUST04512,Female,0,Yes,No,9,Month-to-month,No,Yes,Credit card,No,32.33,382.61,No
CUST04513,Male,1,Yes,No,15,One year,Fiber optic,Yes,Credit card,No,81.17,1219.35,Yes
CUST04514,Male,1,No,No,11,Two year,Fiber optic,Yes,Electronic check,Yes,98.88,1171.88,No
CUST04515,Male,0,Yes,No,70,One year,No,Yes,Electronic check,Yes,18.0,1262.42,Yes
CUST04516,Female,0,No,Yes,49,One year,No,Yes,Credit card,No,24.69,1201.55,No
CUST04517,Female,0,No,Yes,14,Month-to-month,Fiber optic,Yes,Electronic check,Yes,60.48,983.64,No
CUST04518,Female,0,No,No,58,Month-to-month,No,Yes,Credit card,No,20.69,1251.46,No
CUST04519,Female,0,Yes,Yes,69,One year,DSL,Yes,Bank transfer,No,44.07,2987.1,No
CUST04520,Female,0,No,Yes,61,Month-to-month,Fiber optic,Yes,Bank transfer,Yes,70.91,4259.5,Yes
CUST04521,Male,1,Yes,No,71,Month-to-month,DSL,Yes,Bank transfer,No,62.03,4540.13,No
CUST04522,Male,1,No,No,61,Month-to-month,No,Yes,Bank transfer,Yes,29.74,1760.58,No
CUST04523,Male,0,Yes,Yes,49,Month-to-month,Fiber optic,Yes,Electronic check,Yes,75.51,3731.57,No
CUST04524,Male,0,Yes,Yes,53,One year,DSL,Yes,Electronic check,Yes,55.41,3001.11,No
CUST04525,Female,0,No,No,53,Month-to-month,DSL,Yes,Bank transfer,No,57.72,2983.1,No
CUST04526,Female,0,No,Yes,27,Month-to-month,Fiber optic,Yes,Mailed check,Yes,75.89,1993.18,Yes
CUST04527,Male,0,Yes,No,50,One year,Fiber optic,Yes,Mailed check,No,107.12,5368.7,No
CUST04528,Female,0,Yes,No,32,Two year,DSL,Yes,Electronic check,No,74.16,2345.19,No
CUST04529,Female,0,No,No,0,One year,No,Yes,Mailed check,Yes,25.57,120.18,Yes
CUST04530,Male,0,No,No,68,One year,No,Yes,Electronic check,Yes,27.52,1894.28,No
CUST04531,Male,0,Yes,Yes,0,Month-to-month,Fiber optic,Yes,Electronic check,Yes,65.65,0.0,Yes
CUST04532,Female,1,No,Yes,54,Month-to-month,DSL,No,Credit card,Yes,59.01,3212.99,No
CUST04533,Female,0,No,No,44,Month-to-month,No,Yes,Bank transfer,No,31.49,1401.72,No
CUST04534,Male,0,No,No,72,Month-to-month,No,Yes,Mailed check,Yes,34.51,2578.46,No
CUST04535,Male,0,No,No,39,Month-to-month,DSL,No,Mailed check,No,55.68,2084.91,Yes
CUST04536,Male,0,Yes,Yes,60,Month-to-month,Fiber optic,Yes,Mailed check,Yes,88.69,5490.63,Yes
CUST04537,Female,0,No,No,35,One year,No,Yes,Credit card,No,18.0,589.68,No
CUST04538,Male,0,Yes,No,23,Two year,Fiber optic,Yes,Bank transfer,Yes,72.67,1748.33,No
CUST04539,Male,1,Yes,No,13,Two year,No,Yes,Electronic check,Yes,23.56,349.14,No
CUST04540,Female,0,No,Yes,0,Month-to-month,No,Yes,Electronic check,Yes,36.84,119.54,Yes
CUST04541,Female,0,Yes,No,46,One year,Fiber optic,Yes,Electronic check,Yes,67.53,3038.37,No
CUST04542,Female,0,No,Yes,20,Month-to-month,No,No,Electronic check,No,35.54,718.64,No
CUST04543,Female,1,Yes,No,72,Two year,DSL,Yes,Mailed check,No,84.05,6053.46,No
CUST04544,Female,0,Yes,No,38,Month-to-month,DSL,Yes,Electronic check,Yes,58.04,2176.76,No
CUST04545,Male,0,No,No,2,Month-to-month,DSL,Yes,Electronic check,Yes,49.98,0.0,No
CUST04546,Male,0,Yes,No,15,One year,Fiber optic,Yes,Electronic check,No,113.1,1791.94,No
CUST04547,Female,0,Yes,No,67,One year,DSL,Yes,Credit card,Yes,66.17,4441.42,No
CUST04548,Female,0,No,Yes,25,Two year,Fiber optic,Yes,Electronic check,Yes,55.28,1506.77,No
CUST04549,Female,0,Yes,Yes,53,Month-to-month,DSL,Yes,Mailed check,Yes,52.27,2605.74,No
CUST04550,Female,0,Yes,Yes,12,One year,Fiber optic,Yes,Electronic check,No,95.9,1127.64,Yes
CUST04551,Female,0,No,Yes,60,Month-to-month,No,Yes,Electronic check,Yes,31.5,1862.68,No
CUST04552,Male,0,Yes,Yes,19,Month-to-month,Fiber optic,Yes,Credit card,Yes,62.24,1139.19,No
CUST04553,Male,0,No,No,26,Two year,No,Yes,Electronic check,No,21.68,553.15,No
CUST04554,Male,0,Yes,No,1,Two year,DSL,Yes,Mailed check,No,75.52,92.71,No
CUST04555,Male,0,Yes,Yes,9,One year,Fiber optic,Yes,Bank transfer,Yes,73.21,623.23,No
CUST04556,Female,0,Yes,Yes,59,Month-to-month,DSL,Yes,Bank transfer,Yes,39.07,2319.31,No
CUST04557,Male,0,Yes,No,18,Month-to-month,Fiber optic,No,Mailed check,No,67.035,1419.26,No
CUST04558,Female,1,Yes,No,14,Month-to-month,Fiber optic,Yes,Bank transfer,No,64.39,1006.01,Yes
CUST04559,Female,1,Yes,Yes,46,Month-to-month,Fiber optic,No,Bank transfer,Yes,56.25,2608.13,No
CUST04560,Female,0,Yes,No,23,One year,DSL,Yes,Credit card,Yes,64.89,1524.83,No
CUST04561,Male,0,Yes,No,15,Month-to-month,DSL,Yes,Bank transfer,No,82.72,1134.09,No
CUST04562,Female,0,No,No,59,One year,DSL,Yes,Mailed check,Yes,75.94,4529.83,No
CUST04563,Male,1,No,No,48,One year,Fiber optic,Yes,Mailed check,Yes,84.81,4140.17,No
CUST04564,Male,0,Yes,No,3,One year,DSL,Yes,Bank transfer,No,68.75,285.79,Yes
CUST04565,Female,0,No,Yes,65,Month-to-month,Fiber optic,Yes,Bank transfer,No,75.03,4754.19,No
CUST04566,Female,0,No,Yes,48,Month-to-month,DSL,Yes,Mailed check,No,71.36,3488.35,No
CUST04567,Female,1,No,No,30,Month-to-month,No,No,Electronic check,No,30.3,954.81,No
CUST04568,Male,0,No,No,65,Month-to-month,Fiber optic,Yes,Credit card,Yes,71.52,4647.22,No
CUST04569,Female,0,No,No,53,Two year,DSL,Yes,Bank transfer,Yes,71.38,3790.85,No
CUST04570,Male,0,Yes,Yes,1,Two year,Fiber optic,Yes,Electronic check,Yes,70.53,72.51,No
CUST04571,Female,0,No,No,60,Two year,Fiber optic,Yes,Electronic check,No,110.81,6609.04,No
CUST04572,Female,0,No,No,14,One year,No,Yes,Credit card,No,41.33,484.32,No
CUST04573,Male,0,Yes,No,59,One year,Fiber optic,Yes,Bank transfer,No,67.58,3902.26,No
CUST04574,Male,0,Yes,No,42,Month-to-month,Fiber optic,Yes,Electronic check,Yes,83.42,3484.82,Yes
CUST04575,Male,1,No,No,39,Month-to-month,Fiber optic,Yes,Mailed check,Yes,79.54,3109.62,Yes
CUST04576,Male,0,No,No,29,Month-to-month,Fiber optic,Yes,Mailed check,Yes,92.02,2840.58,Yes
CUST04577,Male,0,Yes,No,62,Two year,No,Yes,Electronic check,Yes,33.4,2123.77,No
CUST04578,Male,0,Yes,No,23,Month-to-month,DSL,Yes,Mailed check,No,71.06,1635.37,No
CUST04579,Female,0,No,Yes,43,Month-to-month,Fiber optic,Yes,Bank transfer,Yes,72.65,3103.33,No
CUST04580,Female,0,Yes,No,13,Two year,Fiber optic,Yes,Mailed check,No,80.3,1022.34,No
CUST04581,Male,0,No,Yes,27,Month-to-month,Fiber optic,No,Bank transfer,No,73.45,2010.38,No
CUST04582,Female,0,Yes,No,13,One year,DSL,Yes,Bank transfer,Yes,65.5,800.45,No
CUST04583,Male,1,Yes,No,55,Two year,DSL,Yes,Electronic check,No,61.96,3424.25,No
CUST04584,Female,1,Yes,Yes,33,Month-to-month,Fiber optic,Yes,Electronic check,No,63.7,1969.37,No
CUST04585,Female,1,Yes,Yes,11,One year,Fiber optic,Yes,Mailed check,No,74.16,825.95,No
CUST04586,Male,0,Yes,No,55,Month-to-month,DSL,No,Credit card,Yes,65.37,3515.27,No
CUST04587,Male,0,No,No,60,One year,DSL,Yes,Mailed check,No,71.51,4174.2,No
CUST04588,Male,0,No,Yes,60,Month-to-month,Fiber optic,Yes,Electronic check,Yes,73.58,4455.23,No
CUST04589,Female,0,Yes,Yes,39,Month-to-month,DSL,Yes,Electronic check,Yes,52.32,2011.11,No
CUST04590,Male,0,No,No,19,One year,No,Yes,Credit card,No,35.88,663.26,Yes
CUST04591,Female,0,No,No,41,Month-to-month,DSL,Yes,Bank transfer,Yes,57.45,2263.58,No
CUST04592,Male,0,Yes,No,6,Two year,DSL,Yes,Bank transfer,Yes,69.15,419.14,No
CUST04593,Female,0,Yes,No,72,Month-to-month,DSL,Yes,Mailed check,Yes,62.23,4503.77,No
CUST04594,Female,0,Yes,No,67,Two year,DSL,Yes,Electronic check,Yes,65.22,4480.65,No
CUST04595,Male,0,No,Yes,30,Month-to-month,No,Yes,Electronic check,No,43.35,1364.03,No
CUST04596,Female,0,No,No,69,Two year,DSL,Yes,Credit card,No,62.86,4354.25,No
CUST04597,Female,0,Yes,No,46,Month-to-month,DSL,Yes,Electronic check,Yes,69.43,3213.16,Yes
CUST04598,Male,0,No,Yes,50,Month-to-month,No,No,Credit card,No,26.71,1419.18,No
CUST04599,Female,0,Yes,No,57,Two year,DSL,Yes,Mailed check,Yes,74.69,4223.64,No
CUST04600,Male,1,Yes,No,21,Two year,DSL,Yes,Bank transfer,Yes,71.12,1459.56,Yes
CUST04601,Male,0,Yes,No,23,Two year,DSL,Yes,Mailed check,No,90.26,1970.8,No
CUST04602,Male,1,No,No,33,Month-to-month,Fiber optic,Yes,Credit card,Yes,88.79,2836.33,Yes
CUST04603,Male,0,Yes,No,62,One year,Fiber optic,Yes,Electronic check,No,64.89,4084.87,No
CUST04604,Female,0,No,No,59,Month-to-month,No,Yes,Bank transfer,No,18.0,1077.11,No
CUST04605,Female,0,Yes,No,18,One year,Fiber optic,Yes,Electronic check,Yes,66.09,1012.66,Yes
CUST04606,Female,0,Yes,No,23,Month-to-month,Fiber optic,No,Mailed check,Yes,95.19,2252.44,No
CUST04607,Male,0,No,No,63,Month-to-month,No,Yes,Credit card,No,18.0,1071.42,No
CUST04608,Female,0,No,No,19,Two year,Fiber optic,Yes,Electronic check,Yes,71.59,1388.67,Yes
CUST04609,Female,0,No,No,26,Two year,DSL,Yes,Mailed check,Yes,67.16,1761.56,No
CUST04610,Male,0,No,Yes,57,Two year,Fiber optic,Yes,Bank transfer,Yes,89.26,5151.22,No
CUST04611,Male,0,No,Yes,43,One year,Fiber optic,Yes,Credit card,No,81.61,3408.32,No
CUST04612,Female,0,Yes,No,64,One year,DSL,Yes,Electronic check,Yes,51.1,3185.78,No
CUST04613,Male,0,Yes,No,45,Month-to-month,DSL,Yes,Mailed check,Yes,72.67,3395.77,No
CUST04614,Male,0,No,Yes,53,One year,Fiber optic,Yes,Credit card,No,92.54,5040.2,No
CUST04615,Male,0,No,Yes,38,One year,DSL,No,Bank transfer,No,55.71,2169.83,No
CUST04616,Male,0,No,No,6,Month-to-month,Fiber optic,Yes,Credit card,No,92.52,460.84,Yes
CUST04617,Female,0,Yes,No,53,Two year,DSL,Yes,Bank transfer,Yes,70.03,3673.39,No
CUST04618,Male,0,Yes,No,42,Two year,Fiber optic,Yes,Mailed check,Yes,72.92,3022.29,No
CUST04619,Male,1,No,Yes,19,Two year,DSL,Yes,Mailed check,No,77.88,1421.58,No
CUST04620,Male,0,Yes,No,24,Month-to-month,Fiber optic,Yes,Electronic check,Yes,59.04,1381.91,No
CUST04621,Male,0,Yes,No,42,One year,Fiber optic,Yes,Mailed check,Yes,75.24,3190.23,No
CUST04622,Male,0,Yes,Yes,72,Two year,No,Yes,Electronic check,Yes,21.45,1698.97,No
CUST04623,Male,0,Yes,No,26,Month-to-month,Fiber optic,Yes,Electronic check,Yes,67.035,1682.55,No
CUST04624,Male,0,No,No,24,Two year,Fiber optic,Yes,Electronic check,No,92.33,2219.25,No
CUST04625,Male,0,No,Yes,35,Two year,No,Yes,Electronic check,Yes,18.0,726.45,No
CUST04626,Female,0,Yes,No,65,One year,DSL,Yes,Bank transfer,No,60.9,3967.95,No
CUST04627,Male,0,Yes,No,8,Two year,DSL,Yes,Electronic check,Yes,59.91,640.47,Yes
CUST04628,Female,0,No,Yes,52,Month-to-month,Fiber optic,Yes,Credit card,Yes,57.25,3037.93,No
CUST04629,Male,0,Yes,Yes,20,Month-to-month,DSL,Yes,Credit card,No,78.92,1633.32,No
CUST04630,Male,0,No,Yes,49,Month-to-month,No,Yes,Bank transfer,Yes,26.74,1367.36,No
CUST04631,Male,0,No,No,15,One year,Fiber optic,Yes,Mailed check,Yes,80.82,1280.44,Yes
CUST04632,Male,1,No,Yes,65,Month-to-month,Fiber optic,No,Mailed check,Yes,67.86,4453.85,No
CUST04633,Female,0,No,No,25,One year,Fiber optic,Yes,Mailed check,Yes,68.51,1756.87,Yes
CUST04634,Male,0,Yes,No,43,Month-to-month,No,Yes,Electronic check,No,32.41,1385.54,Yes
CUST04635,Male,0,No,No,28,Two year,DSL,Yes,Bank transfer,Yes,58.79,1735.46,No
CUST04636,Female,1,Yes,No,45,Month-to-month,Fiber optic,Yes,Bank transfer,No,73.25,3346.87,No
CUST04637,Female,0,Yes,No,70,One year,DSL,No,Electronic check,No,65.97,4600.85,No
CUST04638,Male,0,Yes,No,48,One year,No,Yes,Electronic check,No,26.86,1373.27,No
CUST04639,Female,0,Yes,No,14,Two year,Fiber optic,Yes,Mailed check,No,79.71,1096.2,No
CUST04640,Female,0,Yes,No,16,Month-to-month,No,Yes,Credit card,No,28.86,331.03,No
CUST04641,Female,0,Yes,No,8,Two year,Fiber optic,Yes,Credit card,No,81.43,680.44,No
CUST04642,Male,0,No,No,31,Month-to-month,DSL,Yes,Bank transfer,Yes,66.75,2092.58,Yes
CUST04643,Male,1,No,No,65,Month-to-month,No,Yes,Bank transfer,Yes,31.02,1968.68,No
CUST04644,Male,0,Yes,No,58,One year,No,Yes,Mailed check,No,22.66,1346.26,No
CUST04645,Female,0,No,No,31,One year,DSL,Yes,Bank transfer,Yes,77.01,2272.31,No
CUST04646,Male,0,Yes,No,42,Month-to-month,DSL,Yes,Electronic check,Yes,77.51,3384.6,No
CUST04647,Female,0,No,No,58,One year,DSL,Yes,Bank transfer,No,58.45,3308.68,Yes
CUST04648,Male,1,Yes,Yes,29,Month-to-month,Fiber optic,Yes,Electronic check,Yes,50.96,1590.19,No
CUST04649,Male,0,No,No,10,Month-to-month,No,Yes,Mailed check,Yes,18.0,306.9,Yes
CUST04650,Female,0,Yes,Yes,25,Month-to-month,DSL,Yes,Credit card,No,61.56,1696.02,No
CUST04651,Male,0,No,Yes,1,Two year,Fiber optic,Yes,Credit card,Yes,55.17,68.24,Yes
CUST04652,Female,0,Yes,No,33,Two year,Fiber optic,Yes,Bank transfer,No,84.67,2720.32,No
CUST04653,Female,0,Yes,No,40,Month-to-month,DSL,Yes,Electronic check,Yes,65.13,2659.75,No
CUST04654,Male,1,Yes,No,30,Month-to-month,DSL,Yes,Bank transfer,No,62.91,1873.56,No
CUST04655,Female,1,Yes,No,62,Month-to-month,Fiber optic,No,Mailed check,Yes,91.29,5662.69,Yes
CUST04656,Male,0,No,Yes,54,Two year,No,Yes,Credit card,Yes,21.86,1296.65,No
CUST04657,Male,0,No,No,60,Month-to-month,Fiber optic,Yes,Credit card,Yes,53.7,3228.55,Yes
CUST04658,Female,0,Yes,No,35,Month-to-month,Fiber optic,Yes,Electronic check,Yes,75.67,2634.62,No
CUST04659,Male,1,No,Yes,39,Month-to-month,DSL,Yes,Electronic check,No,85.3,3292.39,No
CUST04660,Female,0,Yes,No,22,One year,DSL,Yes,Credit card,Yes,70.71,1561.36,No
CUST04661,Male,0,No,No,25,Month-to-month,DSL,Yes,Credit card,No,89.59,2199.17,No
CUST04662,Male,0,Yes,No,17,Month-to-month,DSL,Yes,Electronic check,Yes,60.93,1018.43,No
CUST04663,Male,0,No,No,33,One year,Fiber optic,Yes,Bank transfer,Yes,78.54,2633.96,Yes
CUST04664,Male,1,Yes,No,27,Month-to-month,Fiber optic,Yes,Electronic check,Yes,96.44,2506.03,No
CUST04665,Male,0,No,No,48,Two year,DSL,Yes,Electronic check,Yes,40.17,1882.27,No
CUST04666,Female,0,Yes,No,63,Month-to-month,Fiber optic,Yes,Credit card,No,85.79,5408.36,No
CUST04667,Female,0,No,No,70,Month-to-month,DSL,Yes,Bank transfer,Yes,95.86,6848.6,No
CUST04668,Female,0,No,No,62,Month-to-month,No,Yes,Electronic check,Yes,23.12,1469.25,No
CUST04669,Female,0,Yes,No,61,One year,Fiber optic,Yes,Electronic check,Yes,93.11,5745.62,No
CUST04670,Female,0,No,Yes,41,Month-to-month,Fiber optic,Yes,Credit card,No,87.6,3595.65,Yes
CUST04671,Female,0,No,No,23,Month-to-month,Fiber optic,Yes,Bank transfer,No,92.14,2150.59,Yes
CUST04672,Male,0,No,No,34,Month-to-month,Fiber optic,Yes,Credit card,No,62.08,2113.19,No
CUST04673,Male,0,No,No,54,Month-to-month,Fiber optic,Yes,Mailed check,Yes,69.78,3773.9,No
CUST04674,Female,0,No,No,48,Month-to-month,No,Yes,Mailed check,Yes,31.48,1391.36,Yes
CUST04675,Female,0,No,No,58,One year,Fiber optic,Yes,Bank transfer,Yes,96.28,5553.0,No
CUST04676,Male,0,No,No,21,Month-to-month,Fiber optic,Yes,Credit card,Yes,77.91,1669.04,Yes
CUST04677,Male,0,Yes,No,60,Month-to-month,Fiber optic,Yes,Electronic check,Yes,76.93,4704.2,No
CUST04678,Male,0,No,No,29,Month-to-month,Fiber optic,Yes,Bank transfer,Yes,70.44,2088.71,No
CUST04679,Female,0,No,No,68,Month-to-month,No,Yes,Bank transfer,Yes,32.71,2146.82,No
CUST04680,Female,0,No,No,59,Month-to-month,Fiber optic,Yes,Credit card,Yes,58.43,3484.68,Yes
CUST04681,Female,1,Yes,No,5,Month-to-month,DSL,Yes,Mailed check,Yes,75.81,412.89,Yes
CUST04682,Male,0,Yes,No,10,Month-to-month,Fiber optic,No,Mailed check,Yes,85.65,899.0,No
CUST04683,Male,0,No,No,23,Two year,No,Yes,Electronic check,Yes,39.51,923.53,No
CUST04684,Female,0,No,Yes,50,One year,No,Yes,Mailed check,No,23.56,1029.35,No
CUST04685,Female,0,Yes,Yes,18,Month-to-month,Fiber optic,Yes,Bank transfer,No,68.26,1113.0,No
CUST04686,Male,1,Yes,No,49,One year,DSL,Yes,Credit card,Yes,55.63,2659.12,No
CUST04687,Male,0,Yes,No,2,Two year,Fiber optic,Yes,Electronic check,No,63.33,47.24,No
CUST04688,Male,1,No,No,2,Month-to-month,DSL,Yes,Credit card,No,55.37,150.12,Yes
CUST04689,Male,0,Yes,No,30,Month-to-month,Fiber optic,No,Electronic check,Yes,82.78,2319.23,Yes
CUST04690,Female,1,No,No,46,Two year,Fiber optic,Yes,Electronic check,Yes,73.99,3529.63,No
CUST04691,Male,1,No,No,7,Two year,No,Yes,Electronic check,Yes,18.0,273.21,No
CUST04692,Male,1,No,Yes,16,Two year,DSL,Yes,Credit card,Yes,77.32,1268.76,Yes
CUST04693,Male,0,Yes,No,44,One year,No,Yes,Mailed check,Yes,18.0,787.47,No
CUST04694,Female,0,No,No,59,Month-to-month,DSL,Yes,Electronic check,Yes,91.25,5297.81,Yes
CUST04695,Female,0,No,No,20,One year,Fiber optic,Yes,Electronic check,Yes,75.94,1463.1,No
CUST04696,Male,0,Yes,No,69,One year,DSL,Yes,Credit card,Yes,67.63,4693.56,No
CUST04697,Male,1,No,Yes,20,Month-to-month,No,Yes,Credit card,Yes,23.35,482.43,No
CUST04698,Male,0,No,No,57,Two year,Fiber optic,Yes,Mailed check,Yes,80.24,4668.45,No
CUST04699,Female,1,No,Yes,54,Two year,DSL,No,Electronic check,No,75.76,4055.83,No
CUST04700,Female,0,No,No,27,One year,DSL,Yes,Credit card,Yes,60.7,1596.59,No
CUST04701,Female,0,Yes,No,45,Month-to-month,Fiber optic,Yes,Credit card,Yes,82.74,3837.49,No
CUST04702,Male,0,Yes,No,43,One year,DSL,Yes,Credit card,No,57.89,2435.07,No
CUST04703,Female,0,Yes,No,24,Month-to-month,DSL,Yes,Credit card,No,64.56,1522.19,No
CUST04704,Male,0,No,No,70,Two year,Fiber optic,Yes,Bank transfer,No,97.6,6904.38,No
CUST04705,Male,0,No,Yes,48,One year,Fiber optic,Yes,Credit card,Yes,108.07,5287.77,No
CUST04706,Male,1,Yes,No,45,Month-to-month,DSL,Yes,Credit card,Yes,47.05,2096.3,No
CUST04707,Female,0,Yes,No,62,Month-to-month,Fiber optic,Yes,Credit card,Yes,79.26,4785.24,Yes
CUST04708,Male,0,No,Yes,11,One year,Fiber optic,Yes,Bank transfer,No,73.06,1000.96,Yes
CUST04709,Female,0,No,No,56,Month-to-month,No,Yes,Bank transfer,Yes,22.22,1172.36,No
CUST04710,Female,0,Yes,No,72,Month-to-month,No,Yes,Bank transfer,No,18.0,1328.18,No
CUST04711,Male,0,No,No,63,Month-to-month,Fiber optic,Yes,Credit card,No,79.91,5092.07,No
CUST04712,Male,0,No,No,30,Two year,No,Yes,Electronic check,No,18.0,520.18,No
CUST04713,Female,0,Yes,No,3,Month-to-month,Fiber optic,Yes,Electronic check,Yes,95.54,221.97,Yes
CUST04714,Male,0,Yes,Yes,53,One year,DSL,Yes,Mailed check,No,52.59,2700.84,No
CUST04715,Female,0,Yes,Yes,64,Month-to-month,Fiber optic,Yes,Bank transfer,No,89.55,5797.36,No
CUST04716,Male,1,Yes,No,5,Month-to-month,No,Yes,Electronic check,Yes,35.5,39.96,Yes
CUST04717,Female,0,No,No,64,Month-to-month,No,Yes,Mailed check,Yes,28.56,1834.54,No
CUST04718,Female,0,Yes,Yes,21,Month-to-month,No,Yes,Electronic check,Yes,25.99,538.49,No
CUST04719,Female,0,Yes,Yes,16,Two year,Fiber optic,Yes,Credit card,No,85.75,1403.79,No
CUST04720,Female,0,No,No,58,Two year,Fiber optic,Yes,Electronic check,Yes,91.92,5313.8,No
CUST04721,Male,0,Yes,No,28,Month-to-month,DSL,Yes,Credit card,No,79.89,2301.05,No
CUST04722,Male,0,No,No,66,Month-to-month,DSL,Yes,Bank transfer,No,70.77,4669.68,No
CUST04723,Female,0,Yes,Yes,16,Two year,Fiber optic,Yes,Credit card,No,82.9,1315.48,No
CUST04724,Female,0,No,No,1,Month-to-month,Fiber optic,Yes,Credit card,No,101.53,0.0,No
CUST04725,Male,0,No,No,31,Month-to-month,DSL,Yes,Credit card,Yes,58.02,1822.45,No
CUST04726,Male,0,Yes,No,21,Month-to-month,Fiber optic,Yes,Mailed check,No,84.9,1817.8,No
CUST04727,Male,0,No,No,57,One year,Fiber optic,No,Electronic check,No,71.63,4083.97,No
CUST04728,Male,0,Yes,Yes,52,Month-to-month,No,No,Electronic check,No,23.99,1276.31,Yes
CUST04729,Male,0,No,No,46,One year,DSL,Yes,Mailed check,No,54.77,2486.63,No
CUST04730,Male,0,No,No,3,Month-to-month,Fiber optic,Yes,Bank transfer,Yes,113.2,173.3,No
CUST04731,Female,0,Yes,No,37,Month-to-month,Fiber optic,Yes,Mailed check,Yes,77.46,2836.56,No
CUST04732,Male,0,No,Yes,12,Month-to-month,DSL,Yes,Mailed check,Yes,70.77,792.84,Yes
CUST04733,Male,0,Yes,No,60,Two year,Fiber optic,Yes,Mailed check,Yes,104.47,6290.22,Yes
CUST04734,Female,1,No,No,63,Two year,DSL,Yes,Bank transfer,Yes,71.62,4425.39,No
CUST04735,Male,0,Yes,Yes,32,One year,Fiber optic,Yes,Electronic check,No,82.12,2714.72,No
CUST04736,Male,0,No,No,37,Month-to-month,Fiber optic,Yes,Mailed check,Yes,71.7,2688.12,No
CUST04737,Male,0,Yes,No,28,Month-to-month,No,Yes,Bank transfer,Yes,21.15,648.24,No
CUST04738,Male,0,No,No,60,Month-to-month,No,Yes,Bank transfer,Yes,33.97,2025.1,No
CUST04739,Male,0,No,Yes,31,Month-to-month,DSL,No,Bank transfer,Yes,64.16,2004.66,No
CUST04740,Female,0,No,No,10,Two year,No,Yes,Electronic check,Yes,19.64,233.06,No
CUST04741,Male,0,Yes,Yes,17,Month-to-month,No,Yes,Mailed check,No,32.35,488.97,No
CUST04742,Female,1,No,Yes,44,One year,Fiber optic,Yes,Mailed check,Yes,80.42,3572.54,No
CUST04743,Female,0,Yes,No,20,Month-to-month,DSL,Yes,Credit card,Yes,64.49,1197.46,No
CUST04744,Male,0,Yes,No,11,One year,DSL,Yes,Bank transfer,No,66.5,849.8,No
CUST04745,Female,0,Yes,Yes,19,One year,No,Yes,Electronic check,No,26.14,462.22,No
CUST04746,Male,0,Yes,No,6,Month-to-month,Fiber optic,Yes,Mailed check,Yes,63.62,396.44,No
CUST04747,Female,0,No,Yes,70,Month-to-month,DSL,Yes,Bank transfer,No,52.86,3651.51,No
CUST04748,Female,0,Yes,No,1,Month-to-month,Fiber optic,No,Bank transfer,No,103.35,13.52,Yes
CUST04749,Male,0,No,Yes,42,Two year,DSL,Yes,Bank transfer,Yes,69.71,3031.87,Yes
CUST04750,Male,0,Yes,No,20,Month-to-month,No,Yes,Electronic check,Yes,30.69,635.24,No
CUST04751,Male,0,Yes,No,28,Month-to-month,No,Yes,Electronic check,Yes,23.47,472.59,Yes
CUST04752,Male,0,No,No,31,Two year,Fiber optic,Yes,Bank transfer,No,68.64,2005.43,Yes
CUST04753,Male,1,Yes,No,44,Month-to-month,DSL,Yes,Credit card,No,77.76,3411.21,Yes
CUST04754,Female,0,Yes,No,58,Month-to-month,Fiber optic,Yes,Electronic check,No,82.7,4845.43,No
CUST04755,Female,0,Yes,No,2,Month-to-month,DSL,Yes,Mailed check,No,46.6,92.23,No
CUST04756,Female,0,No,Yes,38,Month-to-month,DSL,Yes,Credit card,Yes,51.12,1970.78,No
CUST04757,Female,0,No,Yes,50,Month-to-month,Fiber optic,Yes,Bank transfer,Yes,93.7,4594.69,Yes
CUST04758,Female,0,Yes,No,7,Two year,DSL,Yes,Mailed check,No,51.78,514.64,No
CUST04759,Female,0,Yes,Yes,45,Month-to-month,Fiber optic,Yes,Electronic check,Yes,92.3,4133.81,No
CUST04760,Female,0,No,No,65,Month-to-month,DSL,Yes,Mailed check,Yes,36.61,2407.53,No
CUST04761,Male,0,No,No,5,Month-to-month,Fiber optic,No,Electronic check,Yes,48.36,146.55,Yes
CUST04762,Male,0,Yes,No,57,Month-to-month,DSL,Yes,Credit card,No,80.08,4555.11,No
CUST04763,Female,0,No,No,40,Month-to-month,Fiber optic,Yes,Bank transfer,No,76.21,3161.0,No
CUST04764,Female,0,Yes,Yes,53,Month-to-month,Fiber optic,Yes,Credit card,Yes,79.02,4222.64,No
CUST04765,Male,0,Yes,Yes,40,Month-to-month,No,Yes,Credit card,Yes,20.13,706.74,No
CUST04766,Male,1,Yes,Yes,47,Month-to-month,Fiber optic,Yes,Bank transfer,Yes,98.52,4705.04,No
CUST04767,Male,0,No,Yes,69,Month-to-month,Fiber optic,Yes,Electronic check,No,86.02,5855.7,No
CUST04768,Male,1,Yes,No,26,Month-to-month,No,Yes,Mailed check,No,26.99,501.99,No
CUST04769,Female,0,No,No,46,Month-to-month,Fiber optic,Yes,Credit card,Yes,68.91,3173.45,No
CUST04770,Male,0,Yes,No,22,Month-to-month,Fiber optic,Yes,Electronic check,Yes,96.29,1965.07,Yes
CUST04771,Female,0,Yes,No,13,Month-to-month,DSL,Yes,Credit card,No,70.67,938.99,No
CUST04772,Female,0,No,Yes,60,One year,No,Yes,Credit card,Yes,24.47,1291.0,No
CUST04773,Female,0,Yes,Yes,66,One year,Fiber optic,Yes,Mailed check,Yes,60.78,3957.06,No
CUST04774,Male,0,Yes,No,24,One year,DSL,Yes,Mailed check,No,89.01,2242.07,No
CUST04775,Male,0,Yes,Yes,64,Two year,DSL,Yes,Bank transfer,Yes,55.14,3599.07,No
CUST04776,Female,1,Yes,No,23,Two year,Fiber optic,Yes,Mailed check,Yes,97.56,2301.29,Yes
CUST04777,Female,0,Yes,No,52,Month-to-month,DSL,Yes,Electronic check,Yes,57.02,3018.92,No
CUST04778,Female,0,Yes,No,72,Month-to-month,Fiber optic,Yes,Electronic check,Yes,43.76,3249.08,No
CUST04779,Male,0,Yes,No,49,Two year,DSL,Yes,Electronic check,Yes,71.46,3376.72,No
CUST04780,Female,0,Yes,Yes,0,Month-to-month,Fiber optic,No,Electronic check,Yes,55.68,180.23,No
CUST04781,Male,0,No,No,38,One year,DSL,Yes,Electronic check,Yes,62.43,2380.43,No
CUST04782,Female,0,Yes,No,43,Two year,Fiber optic,Yes,Credit card,No,80.05,3352.83,No
CUST04783,Female,0,Yes,Yes,4,One year,DSL,Yes,Mailed check,Yes,68.56,231.98,No
CUST04784,Female,0,No,No,67,Month-to-month,Fiber optic,Yes,Electronic check,Yes,80.77,5349.6,No
CUST04785,Male,0,No,Yes,71,One year,No,Yes,Bank transfer,No,36.33,2694.42,No
CUST04786,Male,1,Yes,No,64,Month-to-month,No,Yes,Mailed check,No,30.39,2018.46,No
CUST04787,Female,0,Yes,No,14,Two year,DSL,Yes,Electronic check,Yes,69.59,1056.4,No
CUST04788,Male,0,No,Yes,49,Month-to-month,Fiber optic,Yes,Credit card,Yes,76.9,3860.42,No
CUST04789,Female,0,Yes,Yes,5,Month-to-month,Fiber optic,Yes,Electronic check,No,84.52,509.97,No
CUST04790,Male,1,No,Yes,65,One year,No,Yes,Electronic check,No,22.92,1489.65,No
CUST04791,Male,0,No,Yes,68,Month-to-month,No,Yes,Electronic check,Yes,19.76,1401.6,No
CUST04792,Male,1,No,Yes,38,Month-to-month,DSL,Yes,Credit card,Yes,65.29,2575.96,No
CUST04793,Female,1,Yes,Yes,28,Month-to-month,DSL,Yes,Credit card,Yes,59.81,1736.11,No
CUST04794,Male,1,No,Yes,45,Month-to-month,Fiber optic,Yes,Credit card,No,79.31,3567.17,No
CUST04795,Male,0,No,No,30,Two year,DSL,Yes,Credit card,No,47.75,1453.81,Yes
CUST04796,Female,0,No,No,23,Month-to-month,No,Yes,Electronic check,Yes,18.0,464.65,No
CUST04797,Female,0,Yes,No,14,Month-to-month,No,No,Bank transfer,Yes,18.0,135.12,Yes
CUST04798,Female,0,No,Yes,19,One year,Fiber optic,Yes,Bank transfer,Yes,60.63,1080.46,No
CUST04799,Female,0,No,Yes,3,Month-to-month,DSL,Yes,Credit card,Yes,42.02,114.32,Yes
CUST04800,Male,0,No,No,57,Month-to-month,Fiber optic,Yes,Bank transfer,Yes,90.09,5282.05,Yes
CUST04801,Male,0,No,No,60,Month-to-month,Fiber optic,Yes,Credit card,Yes,121.99,7278.81,No
CUST04802,Male,0,Yes,No,9,Month-to-month,No,Yes,Bank transfer,No,18.66,354.43,No
CUST04803,Male,0,No,Yes,40,Month-to-month,DSL,Yes,Bank transfer,Yes,53.53,2034.47,Yes
CUST04804,Male,0,Yes,No,52,Month-to-month,Fiber optic,Yes,Mailed check,Yes,63.23,3293.51,Yes
CUST04805,Female,0,No,No,70,One year,DSL,Yes,Credit card,No,77.72,5589.38,No
CUST04806,Male,0,Yes,No,47,Month-to-month,Fiber optic,No,Credit card,No,71.69,3392.53,Yes
CUST04807,Male,0,Yes,No,14,Two year,No,Yes,Mailed check,No,27.17,331.9,No
CUST04808,Male,1,No,No,6,One year,No,Yes,Electronic check,Yes,23.01,187.7,Yes
CUST04809,Female,0,Yes,No,71,Month-to-month,Fiber optic,Yes,Mailed check,Yes,73.71,5163.1,No
CUST04810,Female,0,No,No,70,Two year,No,Yes,Bank transfer,No,25.86,1839.19,No
CUST04811,Male,0,No,Yes,42,Month-to-month,DSL,Yes,Mailed check,Yes,76.23,3049.86,No
CUST04812,Female,0,Yes,Yes,3,Two year,Fiber optic,Yes,Mailed check,Yes,73.83,209.34,No
CUST04813,Female,0,Yes,No,50,Month-to-month,Fiber optic,No,Electronic check,Yes,69.47,3448.78,No
CUST04814,Female,0,No,Yes,70,Month-to-month,Fiber optic,Yes,Mailed check,Yes,64.75,4536.29,No
CUST04815,Female,0,Yes,No,58,Two year,DSL,Yes,Credit card,Yes,63.63,3754.74,No
CUST04816,Female,0,No,No,40,Two year,No,Yes,Electronic check,No,39.82,1631.6,No
CUST04817,Female,0,No,No,60,Month-to-month,Fiber optic,Yes,Credit card,Yes,67.51,4029.28,No
CUST04818,Female,0,No,No,29,Month-to-month,Fiber optic,Yes,Electronic check,Yes,82.66,2442.76,No
CUST04819,Male,0,No,No,17,Two year,Fiber optic,Yes,Electronic check,No,87.99,1658.68,Yes
CUST04820,Male,0,No,No,29,One year,DSL,Yes,Electronic check,No,60.72,1641.9,No
CUST04821,Female,0,No,No,6,Month-to-month,DSL,Yes,Bank transfer,No,73.05,392.79,No
CUST04822,Male,0,No,No,51,Month-to-month,No,Yes,Electronic check,Yes,30.3,1679.14,No
CUST04823,Male,0,No,No,47,Two year,Fiber optic,Yes,Bank transfer,Yes,88.16,4055.77,Yes
CUST04824,Female,1,Yes,No,22,Two year,No,Yes,Bank transfer,No,18.0,284.22,No
CUST04825,Male,0,Yes,No,36,Two year,DSL,Yes,Bank transfer,No,57.09,1951.39,No
CUST04826,Female,0,No,No,70,Month-to-month,No,Yes,Bank transfer,Yes,35.26,2420.37,No
CUST04827,Female,1,No,No,52,One year,No,Yes,Electronic check,No,18.14,947.93,No
CUST04828,Female,0,Yes,No,44,Month-to-month,Fiber optic,Yes,Electronic check,Yes,81.49,3463.43,Yes
CUST04829,Male,0,Yes,No,48,One year,Fiber optic,Yes,Electronic check,Yes,57.65,2833.05,No
CUST04830,Male,1,No,Yes,48,One year,Fiber optic,Yes,Mailed check,Yes,50.91,2547.04,No
CUST04831,Male,0,Yes,No,46,Month-to-month,DSL,No,Electronic check,No,75.53,3471.89,Yes
CUST04832,Male,0,Yes,No,24,One year,Fiber optic,Yes,Mailed check,Yes,76.36,1779.2,No
CUST04833,Female,0,Yes,No,26,Month-to-month,DSL,Yes,Electronic check,Yes,65.93,1789.19,Yes
CUST04834,Female,0,No,No,11,Month-to-month,No,Yes,Mailed check,No,18.0,186.89,Yes
CUST04835,Male,0,No,No,22,Month-to-month,No,Yes,Credit card,Yes,36.34,758.4,No
CUST04836,Female,1,Yes,No,16,Two year,Fiber optic,Yes,Bank transfer,Yes,67.13,1060.06,No
CUST04837,Female,0,Yes,No,43,Month-to-month,DSL,Yes,Bank transfer,No,48.11,1989.66,No
CUST04838,Male,0,No,Yes,70,Month-to-month,DSL,Yes,Bank transfer,No,44.27,3057.78,No
CUST04839,Female,1,No,No,23,Month-to-month,No,Yes,Mailed check,No,28.35,728.62,No
CUST04840,Male,1,No,Yes,70,One year,No,Yes,Mailed check,No,19.63,1444.27,No
CUST04841,Female,0,Yes,No,59,Month-to-month,Fiber optic,No,Credit card,Yes,99.01,5877.29,No
CUST04842,Male,0,Yes,Yes,52,Two year,Fiber optic,Yes,Electronic check,Yes,83.29,4424.15,No
CUST04843,Female,0,No,No,15,Two year,Fiber optic,Yes,Electronic check,Yes,71.62,1130.02,Yes
CUST04844,Female,0,Yes,Yes,24,Month-to-month,No,Yes,Electronic check,No,18.0,526.21,No
CUST04845,Male,0,No,No,65,One year,Fiber optic,No,Electronic check,Yes,73.81,4782.45,No
CUST04846,Male,1,Yes,No,49,Month-to-month,DSL,Yes,Electronic check,No,47.92,2448.52,No
CUST04847,Male,1,Yes,No,68,Month-to-month,Fiber optic,Yes,Electronic check,No,52.2,3638.76,No
CUST04848,Male,0,Yes,No,39,Month-to-month,DSL,Yes,Bank transfer,Yes,67.57,2710.89,No
CUST04849,Female,0,No,No,5,Month-to-month,Fiber optic,Yes,Electronic check,No,65.4,308.83,No
CUST04850,Female,0,Yes,Yes,63,Two year,Fiber optic,Yes,Electronic check,No,76.97,4767.38,No
CUST04851,Male,0,Yes,Yes,27,Two year,No,Yes,Mailed check,Yes,29.42,766.34,No
CUST04852,Female,0,Yes,Yes,8,Two year,Fiber optic,Yes,Electronic check,Yes,78.8,560.57,No
CUST04853,Male,0,Yes,No,5,Two year,DSL,Yes,Credit card,No,88.18,309.4,Yes
CUST04854,Male,0,Yes,Yes,16,Month-to-month,No,Yes,Bank transfer,No,31.07,472.55,No
CUST04855,Female,0,Yes,Yes,39,Month-to-month,No,No,Electronic check,Yes,29.07,1148.75,No
CUST04856,Female,0,Yes,No,44,Month-to-month,Fiber optic,No,Electronic check,Yes,89.16,3936.19,Yes
CUST04857,Male,0,No,Yes,42,One year,DSL,Yes,Bank transfer,No,64.81,2892.81,No
CUST04858,Male,0,No,Yes,45,Month-to-month,DSL,Yes,Electronic check,Yes,58.48,2557.88,No
CUST04859,Male,0,Yes,No,62,Two year,DSL,Yes,Electronic check,No,79.51,4800.82,No
CUST04860,Female,0,Yes,No,0,One year,DSL,Yes,Mailed check,No,81.26,65.46,No
CUST04861,Female,0,No,No,58,One year,DSL,Yes,Mailed check,Yes,71.99,4303.57,Yes
CUST04862,Female,0,Yes,Yes,62,Month-to-month,DSL,Yes,Electronic check,No,65.22,4098.17,Yes
CUST04863,Female,0,Yes,No,17,Month-to-month,No,Yes,Electronic check,Yes,30.81,552.93,No
CUST04864,Male,0,No,Yes,64,Month-to-month,Fiber optic,Yes,Credit card,Yes,80.4,5171.23,No
CUST04865,Male,0,No,No,19,Two year,Fiber optic,Yes,Credit card,Yes,94.11,1696.88,No
CUST04866,Male,0,Yes,No,55,Month-to-month,DSL,No,Mailed check,No,60.68,3428.91,Yes
CUST04867,Male,0,Yes,No,53,One year,No,Yes,Bank transfer,No,28.47,1545.95,No
CUST04868,Male,0,No,No,47,Two year,Fiber optic,Yes,Bank transfer,Yes,92.87,4287.24,No
CUST04869,Male,1,Yes,No,53,Month-to-month,No,Yes,Electronic check,No,18.0,852.98,Yes
CUST04870,Female,0,No,No,15,Month-to-month,Fiber optic,Yes,Mailed check,Yes,65.25,1013.46,Yes
CUST04871,Female,1,Yes,No,19,Month-to-month,DSL,Yes,Electronic check,Yes,63.91,1145.82,No
CUST04872,Male,0,Yes,No,46,One year,No,Yes,Bank transfer,Yes,37.32,1716.11,No
CUST04873,Male,0,No,Yes,6,Two year,Fiber optic,Yes,Electronic check,No,74.65,478.87,Yes
CUST04874,Female,0,No,No,22,Month-to-month,Fiber optic,Yes,Electronic check,Yes,72.07,1516.13,Yes
CUST04875,Female,0,No,Yes,32,Month-to-month,Fiber optic,Yes,Bank transfer,Yes,78.35,2552.31,Yes
CUST04876,Female,0,Yes,No,39,Month-to-month,Fiber optic,Yes,Credit card,No,100.38,3923.57,No
CUST04877,Female,0,No,No,4,One year,No,Yes,Credit card,No,32.62,146.72,No
CUST04878,Male,0,No,No,44,Month-to-month,Fiber optic,Yes,Credit card,No,78.63,3406.1,No
CUST04879,Male,0,No,No,40,One year,Fiber optic,Yes,Credit card,No,71.41,2825.96,Yes
CUST04880,Male,0,No,No,7,Month-to-month,Fiber optic,Yes,Electronic check,No,64.38,604.4,No
CUST04881,Male,1,Yes,Yes,49,One year,No,Yes,Bank transfer,No,18.0,996.59,No
CUST04882,Male,1,Yes,No,30,Month-to-month,Fiber optic,Yes,Bank transfer,Yes,80.52,2303.5,Yes
CUST04883,Female,0,No,No,3,Month-to-month,DSL,No,Electronic check,No,67.62,265.83,No
CUST04884,Male,0,No,No,65,Two year,Fiber optic,Yes,Credit card,No,73.29,4694.98,No
CUST04885,Female,1,Yes,No,55,Month-to-month,DSL,Yes,Electronic check,No,61.25,3351.34,No
CUST04886,Male,0,Yes,Yes,4,Month-to-month,DSL,No,Bank transfer,No,65.18,156.06,No
CUST04887,Male,0,No,No,53,One year,DSL,Yes,Credit card,Yes,72.44,3814.37,Yes
CUST04888,Male,0,No,No,0,One year,DSL,Yes,Electronic check,No,64.93,0.0,No
CUST04889,Male,0,No,Yes,72,Month-to-month,DSL,Yes,Bank transfer,Yes,54.35,3830.13,No
CUST04890,Male,0,Yes,No,60,Month-to-month,DSL,Yes,Bank transfer,No,78.81,4664.17,Yes
CUST04891,Female,1,No,No,6,Month-to-month,Fiber optic,Yes,Bank transfer,No,64.25,359.25,No
CUST04892,Female,0,Yes,Yes,29,Month-to-month,DSL,Yes,Mailed check,No,71.88,2130.07,No
CUST04893,Female,0,Yes,No,14,Month-to-month,DSL,Yes,Credit card,Yes,68.51,925.86,No
CUST04894,Male,1,Yes,Yes,3,Two year,No,Yes,Bank transfer,Yes,18.0,89.61,Yes
CUST04895,Male,1,No,Yes,62,Two year,No,Yes,Electronic check,Yes,19.02,1028.5,No
CUST04896,Female,0,No,No,69,Month-to-month,DSL,Yes,Credit card,Yes,33.22,2242.36,No
CUST04897,Male,0,No,No,37,Month-to-month,No,Yes,Bank transfer,Yes,26.26,927.57,No
CUST04898,Male,0,Yes,Yes,46,Month-to-month,Fiber optic,Yes,Electronic check,Yes,59.46,2747.47,No
CUST04899,Female,0,No,No,59,Month-to-month,DSL,Yes,Electronic check,Yes,69.98,4159.66,No
CUST04900,Male,0,No,Yes,1,Two year,Fiber optic,Yes,Electronic check,No,108.45,43.76,No
CUST04901,Female,0,No,No,68,Month-to-month,No,Yes,Electronic check,Yes,37.3,2594.62,No
CUST04902,Male,1,No,No,7,Month-to-month,Fiber optic,Yes,Electronic check,No,56.17,448.71,Yes
CUST04903,Female,0,Yes,No,50,Month-to-month,DSL,Yes,Electronic check,No,56.59,2871.34,No
CUST04904,Male,0,No,Yes,18,Month-to-month,DSL,Yes,Mailed check,Yes,60.46,1042.57,No
CUST04905,Male,0,No,No,30,Month-to-month,DSL,Yes,Credit card,Yes,65.03,1852.61,Yes
CUST04906,Female,0,No,Yes,21,One year,DSL,Yes,Credit card,No,84.96,1847.14,No
CUST04907,Male,0,No,No,32,Month-to-month,DSL,Yes,Bank transfer,Yes,69.17,2229.62,Yes
CUST04908,Male,1,Yes,No,71,Month-to-month,Fiber optic,Yes,Bank transfer,Yes,104.03,7390.45,No
CUST04909,Female,0,No,Yes,36,Month-to-month,Fiber optic,Yes,Credit card,Yes,101.7,3626.14,Yes
CUST04910,Male,0,No,No,11,Two year,Fiber optic,No,Electronic check,Yes,85.75,925.41,No
CUST04911,Female,0,Yes,Yes,68,Month-to-month,Fiber optic,Yes,Electronic check,Yes,89.87,6025.4,No
CUST04912,Male,0,No,No,63,Month-to-month,DSL,Yes,Mailed check,No,60.61,3935.2,No
CUST04913,Male,0,Yes,Yes,24,Month-to-month,Fiber optic,Yes,Credit card,Yes,108.37,2614.61,Yes
CUST04914,Male,0,Yes,No,53,Month-to-month,No,Yes,Bank transfer,Yes,23.58,1274.32,No
CUST04915,Male,0,No,No,28,Month-to-month,Fiber optic,Yes,Credit card,No,69.57,1724.73,No
CUST04916,Female,0,No,No,12,Month-to-month,Fiber optic,Yes,Electronic check,Yes,99.61,1134.06,No
CUST04917,Male,0,Yes,Yes,25,Month-to-month,DSL,Yes,Electronic check,Yes,70.33,1773.24,No
CUST04918,Female,0,Yes,Yes,21,Month-to-month,DSL,Yes,Bank transfer,Yes,78.35,1628.65,No
CUST04919,Male,0,Yes,Yes,72,Month-to-month,Fiber optic,Yes,Mailed check,No,69.71,4973.32,No
CUST04920,Male,0,Yes,Yes,9,One year,Fiber optic,No,Mailed check,Yes,75.08,675.11,Yes
CUST04921,Male,0,Yes,Yes,47,One year,DSL,Yes,Credit card,Yes,59.19,2725.13,No
CUST04922,Male,0,Yes,No,41,Month-to-month,DSL,Yes,Electronic check,Yes,63.74,2603.97,No
CUST04923,Female,0,Yes,No,58,Month-to-month,Fiber optic,Yes,Electronic check,Yes,79.22,4548.17,No
CUST04924,Female,0,No,No,52,One year,DSL,Yes,Electronic check,No,45.4,2442.64,No
CUST04925,Female,0,No,No,39,Two year,No,No,Credit card,No,18.0,658.05,No
CUST04926,Female,1,No,No,61,Two year,DSL,No,Mailed check,Yes,65.27,3967.44,No
CUST04927,Male,0,No,No,5,Month-to-month,No,No,Electronic check,Yes,35.65,141.52,No
CUST04928,Female,0,Yes,No,3,Two year,Fiber optic,Yes,Bank transfer,Yes,74.09,222.57,No
CUST04929,Female,0,No,No,54,Month-to-month,Fiber optic,Yes,Electronic check,No,86.37,4863.01,No
CUST04930,Male,1,No,No,68,Month-to-month,Fiber optic,Yes,Bank transfer,Yes,90.28,6294.95,No
CUST04931,Male,0,Yes,No,2,Month-to-month,Fiber optic,Yes,Bank transfer,No,69.77,225.58,Yes
CUST04932,Male,0,Yes,No,6,Month-to-month,Fiber optic,No,Electronic check,Yes,107.03,688.72,No
CUST04933,Male,1,Yes,No,11,Month-to-month,DSL,Yes,Mailed check,Yes,67.32,718.83,No
CUST04934,Female,1,No,No,16,Month-to-month,DSL,Yes,Mailed check,Yes,70.53,1143.76,Yes
CUST04935,Female,0,Yes,No,66,Month-to-month,Fiber optic,Yes,Electronic check,Yes,88.65,5855.62,No
CUST04936,Male,0,No,No,69,Two year,DSL,Yes,Electronic check,Yes,75.41,5240.94,No
CUST04937,Male,1,Yes,No,35,Month-to-month,DSL,Yes,Electronic check,Yes,43.18,1448.1,No
CUST04938,Male,0,Yes,No,16,Month-to-month,No,Yes,Bank transfer,Yes,24.7,335.16,No
CUST04939,Female,0,No,No,0,Two year,No,Yes,Electronic check,Yes,20.02,0.0,No
CUST04940,Female,0,No,Yes,66,One year,No,Yes,Electronic check,Yes,18.0,1117.08,No
CUST04941,Male,0,Yes,No,48,Month-to-month,Fiber optic,Yes,Credit card,No,125.0,5958.1,No
CUST04942,Male,0,No,No,50,One year,DSL,Yes,Electronic check,Yes,56.87,2896.24,No
CUST04943,Female,0,Yes,Yes,70,Month-to-month,DSL,Yes,Bank transfer,Yes,77.74,5444.67,No
CUST04944,Male,1,No,No,42,Month-to-month,No,Yes,Credit card,Yes,32.56,1372.84,No
CUST04945,Male,0,No,No,30,Two year,No,Yes,Electronic check,No,18.0,604.63,No
CUST04946,Female,0,No,No,23,Month-to-month,Fiber optic,No,Credit card,Yes,84.11,1870.68,Yes
CUST04947,Male,0,Yes,No,36,Two year,Fiber optic,Yes,Mailed check,Yes,61.96,2281.27,No
CUST04948,Female,1,Yes,No,64,Month-to-month,No,Yes,Bank transfer,Yes,18.0,1270.66,No
CUST04949,Male,0,No,No,62,One year,Fiber optic,No,Bank transfer,Yes,82.44,5135.46,No
CUST04950,Male,0,Yes,No,55,Month-to-month,No,Yes,Bank transfer,Yes,24.89,1284.37,No
CUST04951,Female,0,No,No,17,Two year,DSL,Yes,Bank transfer,Yes,67.035,1171.86,No
CUST04952,Female,0,No,Yes,64,Month-to-month,Fiber optic,Yes,Electronic check,Yes,86.51,5454.85,No
CUST04953,Male,1,Yes,No,28,Two year,Fiber optic,Yes,Mailed check,No,72.59,1955.95,No
CUST04954,Female,0,No,No,3,Month-to-month,Fiber optic,Yes,Credit card,No,51.67,137.19,Yes
CUST04955,Male,0,Yes,No,11,One year,No,Yes,Electronic check,Yes,26.63,283.56,Yes
CUST04956,Male,0,No,Yes,55,One year,No,No,Electronic check,Yes,27.63,1420.25,No
CUST04957,Female,0,No,Yes,47,Month-to-month,DSL,Yes,Bank transfer,Yes,67.51,3172.61,No
CUST04958,Male,0,No,No,18,One year,DSL,No,Electronic check,Yes,49.45,891.66,No
CUST04959,Male,0,Yes,No,25,Month-to-month,Fiber optic,Yes,Mailed check,No,80.21,2007.31,No
CUST04960,Female,0,No,No,37,Month-to-month,DSL,Yes,Bank transfer,Yes,44.21,1734.23,No
CUST04961,Female,0,No,No,24,Two year,DSL,Yes,Bank transfer,Yes,78.39,1829.71,No
CUST04962,Male,0,Yes,Yes,55,Two year,Fiber optic,No,Mailed check,No,77.57,4130.98,No
CUST04963,Female,0,Yes,No,27,One year,Fiber optic,Yes,Mailed check,Yes,75.27,2031.37,Yes
CUST04964,Female,0,Yes,No,60,Month-to-month,No,Yes,Bank transfer,Yes,30.47,1907.5,No
CUST04965,Female,0,No,No,50,Month-to-month,DSL,Yes,Electronic check,Yes,55.73,2633.26,No
CUST04966,Female,0,No,No,11,Two year,DSL,Yes,Bank transfer,Yes,75.03,814.95,Yes
CUST04967,Male,0,No,No,7,Two year,DSL,Yes,Credit card,No,69.42,484.7,No
CUST04968,Male,1,No,Yes,57,One year,Fiber optic,Yes,Bank transfer,Yes,76.38,4298.79,No
CUST04969,Male,0,Yes,No,22,Month-to-month,Fiber optic,Yes,Electronic check,Yes,90.38,1858.82,No
CUST04970,Female,0,Yes,No,36,Month-to-month,DSL,Yes,Mailed check,Yes,62.24,2375.23,No
CUST04971,Female,1,Yes,No,10,Month-to-month,DSL,No,Bank transfer,Yes,68.68,667.65,Yes
CUST04972,Female,1,Yes,No,16,Two year,DSL,Yes,Electronic check,No,62.27,924.07,No
CUST04973,Female,1,No,No,55,Two year,Fiber optic,Yes,Bank transfer,Yes,85.37,4784.59,No
CUST04974,Female,0,No,Yes,52,One year,DSL,Yes,Electronic check,No,57.77,2895.82,No
CUST04975,Female,0,No,No,66,Two year,DSL,Yes,Bank transfer,No,50.36,3263.87,No
CUST04976,Female,0,Yes,No,1,Month-to-month,DSL,Yes,Credit card,No,69.69,0.0,No
CUST04977,Male,0,No,No,28,One year,No,Yes,Credit card,Yes,18.0,416.9,No
CUST04978,Male,0,No,Yes,56,Month-to-month,DSL,Yes,Bank transfer,Yes,89.48,4943.73,No
CUST04979,Female,1,No,No,33,Month-to-month,DSL,Yes,Mailed check,Yes,61.08,2045.55,Yes
CUST04980,Female,0,No,No,1,One year,DSL,Yes,Electronic check,No,60.17,133.73,No
CUST04981,Female,0,Yes,Yes,30,Month-to-month,Fiber optic,Yes,Electronic check,No,64.87,2023.87,No
CUST04982,Male,1,No,Yes,43,One year,Fiber optic,Yes,Mailed check,No,68.82,2929.59,No
CUST04983,Male,0,No,No,55,One year,Fiber optic,Yes,Bank transfer,Yes,66.87,3766.92,No
CUST04984,Female,0,No,No,53,Two year,Fiber optic,Yes,Bank transfer,No,55.72,2849.59,No
CUST04985,Female,0,Yes,No,52,One year,No,Yes,Electronic check,No,25.13,1418.56,No
CUST04986,Male,0,Yes,Yes,45,Month-to-month,Fiber optic,Yes,Mailed check,No,87.41,3926.95,No
CUST04987,Male,0,Yes,No,53,Month-to-month,Fiber optic,Yes,Bank transfer,Yes,82.8,4461.66,Yes
CUST04988,Male,1,No,No,30,Month-to-month,DSL,Yes,Credit card,No,58.82,1794.72,No
CUST04989,Male,1,No,No,23,Month-to-month,Fiber optic,Yes,Credit card,Yes,51.62,1194.18,Yes
CUST04990,Female,1,Yes,Yes,24,Month-to-month,Fiber optic,Yes,Credit card,Yes,52.74,1343.59,Yes
CUST04991,Male,0,No,No,34,Month-to-month,No,Yes,Mailed check,Yes,29.98,983.37,No
CUST04992,Male,1,Yes,Yes,56,One year,No,Yes,Electronic check,Yes,22.49,1337.42,No
CUST04993,Female,0,Yes,Yes,71,Month-to-month,Fiber optic,Yes,Electronic check,Yes,93.4,6609.72,No
CUST04994,Male,0,No,No,68,Month-to-month,DSL,Yes,Bank transfer,Yes,66.49,4762.56,No
CUST04995,Male,0,No,No,27,Month-to-month,DSL,Yes,Bank transfer,No,67.44,1722.59,Yes
CUST04996,Male,0,Yes,No,32,Month-to-month,No,Yes,Credit card,No,18.7,637.03,No
CUST04997,Female,0,Yes,Yes,52,Month-to-month,Fiber optic,Yes,Mailed check,No,103.94,5430.84,No
CUST04998,Male,0,No,No,15,Month-to-month,Fiber optic,Yes,Credit card,Yes,104.12,1633.24,Yes
CUST04999,Female,0,Yes,No,25,Month-to-month,Fiber optic,Yes,Electronic check,Yes,64.46,1544.96,No
CUST05000,Female,0,No,No,11,Month-to-month,Fiber optic,Yes,Electronic check,No,82.21,870.47,Yes
CUST05001,Male,0,No,Yes,30,Month-to-month,Fiber optic,Yes,Electronic check,Yes,92.3,2689.18,Yes
CUST05002,Male,0,Yes,Yes,26,Month-to-month,DSL,Yes,Mailed check,No,63.85,1692.84,No
CUST05003,Male,0,Yes,Yes,35,Month-to-month,Fiber optic,Yes,Credit card,No,68.17,2496.0,No
CUST05004,Male,0,No,No,58,Month-to-month,DSL,Yes,Electronic check,No,50.05,2897.2,No
CUST05005,Female,0,No,No,2,One year,Fiber optic,Yes,Mailed check,Yes,82.04,228.96,Yes
CUST05006,Male,0,No,No,31,Month-to-month,DSL,Yes,Bank transfer,No,59.98,2092.14,No
CUST05007,Male,0,Yes,No,14,One year,Fiber optic,No,Electronic check,Yes,40.78,572.56,Yes
CUST05008,Male,0,No,No,65,Month-to-month,No,Yes,Electronic check,No,18.0,981.82,No
CUST05009,Female,1,Yes,No,62,Two year,Fiber optic,Yes,Mailed check,No,74.18,4615.67,No
CUST05010,Male,0,No,No,0,Month-to-month,DSL,Yes,Electronic check,Yes,51.27,87.83,Yes
CUST05011,Male,0,No,Yes,4,One year,DSL,No,Mailed check,No,48.72,116.16,No
CUST05012,Female,0,Yes,No,5,Month-to-month,DSL,Yes,Electronic check,Yes,48.06,184.91,No
CUST05013,Female,0,No,No,4,Month-to-month,No,Yes,Credit card,No,19.71,2.82,No
CUST05014,Male,0,Yes,No,72,One year,Fiber optic,Yes,Bank transfer,Yes,100.18,7257.37,No
CUST05015,Male,0,No,Yes,27,Month-to-month,Fiber optic,Yes,Bank transfer,Yes,70.34,1845.5,No
CUST05016,Male,0,Yes,Yes,68,Month-to-month,DSL,Yes,Mailed check,No,79.22,5514.37,No
CUST05017,Male,1,No,No,43,Two year,Fiber optic,Yes,Credit card,No,75.25,3306.29,No
CUST05018,Male,0,Yes,Yes,15,Two year,Fiber optic,Yes,Credit card,Yes,55.04,980.32,No
CUST05019,Female,0,No,No,70,One year,DSL,Yes,Electronic check,Yes,67.17,4737.08,No
CUST05020,Female,0,No,Yes,21,Two year,DSL,Yes,Bank transfer,Yes,74.13,1634.02,No
CUST05021,Male,0,No,Yes,72,Month-to-month,DSL,Yes,Mailed check,No,34.5,2548.1,No
CUST05022,Male,1,No,Yes,22,One year,DSL,Yes,Bank transfer,Yes,55.72,1167.47,No
CUST05023,Female,0,Yes,Yes,42,Month-to-month,Fiber optic,Yes,Credit card,No,88.88,3804.88,No
CUST05024,Male,0,Yes,Yes,67,Month-to-month,DSL,Yes,Electronic check,No,63.89,4345.03,Yes
CUST05025,Male,0,Yes,No,42,Two year,DSL,Yes,Bank transfer,No,81.55,3350.24,No
CUST05026,Male,0,No,No,25,Month-to-month,Fiber optic,Yes,Bank transfer,No,56.38,1254.27,No
CUST05027,Male,1,Yes,No,40,One year,Fiber optic,Yes,Credit card,Yes,62.02,2485.59,Yes
CUST05028,Male,0,Yes,Yes,69,Month-to-month,DSL,Yes,Bank transfer,No,71.34,4941.0,No
CUST05029,Female,1,Yes,No,30,Month-to-month,Fiber optic,Yes,Bank transfer,No,28.64,776.2,Yes
CUST05030,Male,1,No,No,16,Two year,DSL,Yes,Credit card,No,60.64,1004.94,No
CUST05031,Male,0,Yes,Yes,8,Two year,Fiber optic,Yes,Bank transfer,No,51.15,432.35,No
CUST05032,Male,0,Yes,No,54,Month-to-month,No,Yes,Credit card,Yes,20.24,1126.16,Yes
CUST05033,Female,0,Yes,Yes,5,One year,No,Yes,Electronic check,Yes,18.0,33.5,Yes
CUST05034,Female,1,No,No,69,Month-to-month,Fiber optic,Yes,Credit card,Yes,57.91,4022.17,No
CUST05035,Female,0,No,Yes,63,Month-to-month,Fiber optic,Yes,Electronic check,No,81.91,5207.86,No
CUST05036,Female,0,Yes,No,3,Two year,Fiber optic,Yes,Mailed check,Yes,91.64,377.17,No
CUST05037,Male,0,No,No,66,Month-to-month,No,Yes,Mailed check,Yes,18.0,1056.87,No
CUST05038,Female,0,Yes,No,55,Month-to-month,No,Yes,Credit card,Yes,18.0,1247.16,No
CUST05039,Male,0,Yes,No,17,Month-to-month,Fiber optic,Yes,Mailed check,No,83.23,1528.97,No
CUST05040,Male,0,Yes,No,31,Month-to-month,Fiber optic,Yes,Electronic check,Yes,88.62,2770.9,Yes
CUST05041,Female,1,No,No,47,Month-to-month,DSL,Yes,Bank transfer,Yes,56.84,2706.96,No
CUST05042,Female,0,No,No,28,One year,Fiber optic,Yes,Bank transfer,Yes,64.26,1673.53,No
CUST05043,Female,0,Yes,No,31,Month-to-month,Fiber optic,Yes,Credit card,No,77.58,2384.74,Yes
CUST05044,Female,0,No,No,24,Month-to-month,No,Yes,Bank transfer,No,28.13,752.64,No
CUST05045,Female,0,Yes,No,62,Month-to-month,No,Yes,Credit card,No,26.83,1637.12,No
CUST05046,Male,0,No,Yes,8,Month-to-month,Fiber optic,Yes,Credit card,Yes,91.99,689.76,No
CUST05047,Female,0,No,No,70,Month-to-month,No,Yes,Bank transfer,Yes,18.0,1258.87,No
CUST05048,Female,0,No,Yes,13,Month-to-month,No,Yes,Mailed check,Yes,25.47,356.1,No
CUST05049,Female,1,No,No,19,Month-to-month,No,Yes,Electronic check,Yes,26.01,446.68,Yes
CUST05050,Male,0,No,Yes,9,Month-to-month,Fiber optic,Yes,Electronic check,No,61.16,563.29,No
CUST05051,Female,0,No,No,10,Month-to-month,Fiber optic,Yes,Bank transfer,No,75.39,786.54,No
CUST05052,Male,0,No,Yes,38,One year,Fiber optic,Yes,Electronic check,No,109.79,4110.0,No
CUST05053,Female,0,Yes,Yes,18,Month-to-month,DSL,Yes,Bank transfer,No,47.36,771.42,No
CUST05054,Female,1,Yes,Yes,18,Month-to-month,DSL,Yes,Mailed check,Yes,65.04,1181.96,Yes
CUST05055,Male,0,Yes,No,42,Month-to-month,DSL,Yes,Credit card,Yes,76.96,3234.79,No
CUST05056,Female,0,No,Yes,60,Two year,No,Yes,Bank transfer,No,21.83,1258.04,No
CUST05057,Male,0,Yes,No,69,Two year,Fiber optic,Yes,Credit card,No,93.29,6456.03,No
CUST05058,Male,0,No,No,71,Two year,No,Yes,Electronic check,No,18.0,1321.4,No
CUST05059,Male,0,No,No,64,Two year,Fiber optic,Yes,Electronic check,Yes,93.44,5913.49,No
CUST05060,Female,0,No,Yes,22,One year,DSL,Yes,Electronic check,No,70.27,1524.11,No
CUST05061,Female,0,Yes,No,59,Two year,DSL,Yes,Electronic check,Yes,43.96,2606.19,No
CUST05062,Female,0,No,No,9,One year,DSL,Yes,Credit card,Yes,71.48,743.56,No
CUST05063,Male,0,Yes,Yes,62,Month-to-month,No,Yes,Bank transfer,Yes,29.95,1881.43,No
CUST05064,Female,0,No,No,1,Month-to-month,Fiber optic,Yes,Mailed check,Yes,109.39,157.79,Yes
CUST05065,Male,0,No,No,35,One year,Fiber optic,Yes,Credit card,Yes,76.55,2606.48,Yes
CUST05066,Female,0,Yes,No,56,Two year,Fiber optic,Yes,Bank transfer,Yes,63.98,3724.02,No
CUST05067,Male,0,No,Yes,65,Month-to-month,No,Yes,Bank transfer,Yes,30.9,1928.74,No
CUST05068,Male,0,Yes,No,19,Month-to-month,DSL,No,Mailed check,Yes,64.26,1276.66,No
CUST05069,Male,0,No,No,41,Two year,No,Yes,Bank transfer,Yes,26.04,1075.26,No
CUST05070,Female,0,Yes,Yes,20,One year,Fiber optic,Yes,Bank transfer,Yes,82.5,1615.66,Yes
CUST05071,Male,0,No,No,65,Two year,No,Yes,Bank transfer,No,19.6,1233.12,No
CUST05072,Male,0,Yes,No,37,Two year,Fiber optic,Yes,Electronic check,Yes,77.08,2896.24,No
CUST05073,Male,0,No,No,68,Month-to-month,DSL,No,Credit card,No,62.53,4180.83,No
CUST05074,Male,0,Yes,No,23,Month-to-month,Fiber optic,No,Bank transfer,Yes,97.83,2222.99,Yes
CUST05075,Male,1,Yes,No,25,Month-to-month,DSL,Yes,Credit card,Yes,75.34,1782.67,Yes
CUST05076,Male,0,No,No,1,Two year,No,Yes,Mailed check,No,18.0,0.0,No
CUST05077,Female,0,Yes,No,45,Month-to-month,Fiber optic,Yes,Mailed check,No,102.19,4645.85,No
CUST05078,Female,0,No,No,33,Month-to-month,DSL,Yes,Credit card,No,73.54,2435.77,Yes
CUST05079,Male,0,Yes,No,61,Month-to-month,DSL,Yes,Bank transfer,Yes,60.35,3586.95,No
CUST05080,Female,0,Yes,No,40,Month-to-month,No,Yes,Electronic check,No,18.0,715.8,No
CUST05081,Female,0,No,No,14,Month-to-month,No,Yes,Electronic check,No,29.16,581.1,No
CUST05082,Male,0,No,No,54,Two year,Fiber optic,Yes,Mailed check,Yes,96.42,5097.55,No
CUST05083,Male,1,No,No,2,One year,Fiber optic,Yes,Credit card,No,88.2,192.91,Yes
CUST05084,Male,0,No,No,37,Two year,No,Yes,Electronic check,Yes,18.0,745.35,No
CUST05085,Female,0,Yes,No,50,Month-to-month,DSL,Yes,Credit card,No,63.5,3072.67,No
CUST05086,Male,0,Yes,Yes,16,One year,DSL,Yes,Electronic check,Yes,69.44,1069.45,Yes
CUST05087,Female,0,Yes,No,48,Month-to-month,Fiber optic,Yes,Electronic check,No,89.82,4402.95,No
CUST05088,Male,0,No,No,20,Month-to-month,No,Yes,Bank transfer,Yes,21.5,357.11,No
CUST05089,Female,0,No,No,23,Month-to-month,Fiber optic,Yes,Credit card,Yes,77.33,1829.06,No
CUST05090,Male,0,Yes,Yes,39,One year,DSL,No,Bank transfer,Yes,53.68,2149.88,No
CUST05091,Male,0,Yes,No,19,Month-to-month,Fiber optic,Yes,Mailed check,No,71.36,1295.59,No
CUST05092,Female,0,Yes,No,34,Month-to-month,Fiber optic,No,Bank transfer,Yes,71.93,2446.0,No
CUST05093,Female,1,No,Yes,47,Month-to-month,Fiber optic,Yes,Electronic check,Yes,52.82,2663.39,No
CUST05094,Female,0,No,No,32,Month-to-month,No,Yes,Mailed check,No,28.96,883.89,No
CUST05095,Female,1,Yes,No,55,Month-to-month,Fiber optic,Yes,Electronic check,Yes,90.49,5084.82,No
CUST05096,Female,0,No,No,40,Month-to-month,DSL,Yes,Credit card,Yes,35.41,1470.41,No
CUST05097,Female,0,Yes,No,53,Month-to-month,No,No,Bank transfer,Yes,41.21,2191.74,No
CUST05098,Male,0,No,No,43,Month-to-month,DSL,Yes,Mailed check,Yes,67.09,2906.73,Yes
CUST05099,Female,0,No,No,71,Month-to-month,No,Yes,Electronic check,Yes,29.38,2165.54,No
CUST05100,Male,1,Yes,No,10,Two year,Fiber optic,Yes,Mailed check,Yes,67.97,628.86,No
CUST05101,Male,0,No,Yes,13,Month-to-month,Fiber optic,Yes,Bank transfer,Yes,114.04,1480.21,Yes
CUST05102,Female,1,No,Yes,41,Month-to-month,No,Yes,Electronic check,Yes,28.05,960.42,No
CUST05103,Male,0,Yes,No,11,Month-to-month,Fiber optic,Yes,Electronic check,Yes,61.58,843.7,Yes
CUST05104,Female,0,No,No,16,One year,Fiber optic,Yes,Electronic check,Yes,73.62,1165.63,Yes
CUST05105,Female,0,Yes,No,24,One year,No,Yes,Credit card,No,27.81,723.08,No
CUST05106,Male,0,No,No,25,Month-to-month,DSL,Yes,Credit card,Yes,48.53,1271.88,Yes
CUST05107,Male,0,Yes,Yes,46,One year,DSL,Yes,Mailed check,Yes,68.9,3186.6,No
CUST05108,Female,0,Yes,No,24,Two year,Fiber optic,Yes,Bank transfer,No,87.84,2069.26,No
CUST05109,Female,0,No,Yes,59,Two year,DSL,Yes,Electronic check,Yes,71.5,4122.86,No
CUST05110,Male,0,No,No,59,Month-to-month,DSL,Yes,Mailed check,Yes,68.42,3925.56,Yes
CUST05111,Male,1,Yes,Yes,26,Two year,No,Yes,Electronic check,Yes,18.0,398.45,No
CUST05112,Male,0,No,No,42,One year,Fiber optic,Yes,Bank transfer,Yes,60.41,2569.99,No
CUST05113,Male,1,Yes,Yes,19,One year,No,Yes,Bank transfer,No,19.27,431.8,No
CUST05114,Female,0,Yes,No,62,One year,No,No,Electronic check,No,19.05,1156.95,Yes
CUST05115,Female,0,No,No,24,Two year,DSL,Yes,Mailed check,No,59.24,1427.41,Yes
CUST05116,Female,1,Yes,Yes,26,Two year,No,Yes,Mailed check,Yes,33.21,860.11,No
CUST05117,Female,0,Yes,Yes,51,Month-to-month,No,Yes,Bank transfer,Yes,42.29,2094.61,No
CUST05118,Male,1,No,Yes,9,Month-to-month,DSL,Yes,Credit card,Yes,61.95,609.03,No
CUST05119,Male,0,Yes,No,49,Two year,No,Yes,Bank transfer,No,24.69,1279.18,No
CUST05120,Female,0,No,No,29,Month-to-month,Fiber optic,No,Electronic check,No,104.56,2819.38,No
CUST05121,Female,0,Yes,No,0,Month-to-month,No,Yes,Mailed check,Yes,29.4,98.18,No
CUST05122,Female,0,No,Yes,53,Month-to-month,No,Yes,Electronic check,Yes,20.79,1047.63,No
CUST05123,Female,0,Yes,No,3,One year,Fiber optic,Yes,Bank transfer,Yes,70.45,293.71,No
CUST05124,Female,0,Yes,No,6,One year,Fiber optic,No,Bank transfer,Yes,82.35,524.87,Yes
CUST05125,Female,0,No,No,29,Month-to-month,DSL,Yes,Electronic check,Yes,51.12,1499.65,Yes
CUST05126,Female,1,No,No,64,One year,Fiber optic,Yes,Bank transfer,No,56.99,3617.57,No
CUST05127,Female,0,No,Yes,28,Two year,DSL,No,Electronic check,No,67.48,1785.74,No
CUST05128,Female,0,Yes,No,24,Month-to-month,No,Yes,Credit card,Yes,28.03,560.31,No
CUST05129,Male,0,No,No,39,Month-to-month,Fiber optic,Yes,Credit card,No,70.7,2598.18,No
CUST05130,Female,0,Yes,No,25,Two year,No,Yes,Credit card,No,30.12,763.22,No
CUST05131,Male,1,No,Yes,16,Two year,Fiber optic,Yes,Mailed check,No,82.56,1300.36,No
CUST05132,Male,0,No,No,30,Month-to-month,DSL,Yes,Mailed check,No,49.94,1574.68,No
CUST05133,Female,0,Yes,No,60,One year,Fiber optic,Yes,Mailed check,No,91.95,5543.14,No
CUST05134,Female,0,No,No,7,One year,DSL,Yes,Mailed check,Yes,66.69,470.84,No
CUST05135,Male,0,Yes,No,68,Month-to-month,DSL,Yes,Electronic check,Yes,42.83,2854.7,No
CUST05136,Male,1,No,No,0,Two year,Fiber optic,Yes,Credit card,Yes,63.24,49.1,No
CUST05137,Female,0,No,No,70,Month-to-month,No,Yes,Mailed check,Yes,29.14,1957.53,No
CUST05138,Male,1,Yes,Yes,45,One year,Fiber optic,Yes,Electronic check,No,84.05,3772.86,Yes
CUST05139,Female,0,No,No,19,Month-to-month,DSL,Yes,Credit card,No,60.17,1263.06,No
CUST05140,Female,1,Yes,Yes,39,Two year,No,Yes,Mailed check,Yes,30.86,1241.53,No
CUST05141,Female,0,No,Yes,1,Month-to-month,DSL,Yes,Credit card,No,44.7,0.0,No
CUST05142,Male,1,Yes,No,60,Month-to-month,DSL,Yes,Mailed check,Yes,76.22,4545.66,No
CUST05143,Male,1,No,No,70,Month-to-month,No,Yes,Electronic check,Yes,31.77,2145.12,No
CUST05144,Female,1,Yes,No,29,Month-to-month,DSL,No,Bank transfer,Yes,63.42,1884.77,No
CUST05145,Male,0,Yes,Yes,29,Two year,DSL,Yes,Mailed check,Yes,76.75,2237.63,No
CUST05146,Male,0,No,No,44,Month-to-month,Fiber optic,No,Credit card,Yes,86.97,3920.53,Yes
CUST05147,Male,0,Yes,Yes,23,One year,DSL,Yes,Mailed check,No,79.16,1935.41,No
CUST05148,Male,0,Yes,No,55,Two year,DSL,Yes,Electronic check,Yes,62.54,3376.96,No
CUST05149,Male,0,No,No,60,One year,Fiber optic,Yes,Credit card,No,75.14,4551.07,No
CUST05150,Male,0,No,No,12,Month-to-month,No,Yes,Credit card,No,38.6,392.37,No
CUST05151,Male,0,No,No,55,Two year,Fiber optic,Yes,Electronic check,Yes,95.81,5334.43,Yes
CUST05152,Female,0,Yes,No,14,Month-to-month,DSL,Yes,Mailed check,No,60.1,879.85,No
CUST05153,Male,0,No,No,10,Month-to-month,No,Yes,Electronic check,Yes,32.81,351.9,Yes
CUST05154,Male,0,Yes,Yes,11,Month-to-month,No,Yes,Electronic check,Yes,18.0,175.13,Yes
CUST05155,Male,0,No,No,2,One year,DSL,Yes,Credit card,No,79.86,160.39,Yes
CUST05156,Male,0,No,No,23,One year,Fiber optic,Yes,Credit card,No,79.96,1704.69,No
CUST05157,Male,0,No,No,8,Month-to-month,Fiber optic,Yes,Bank transfer,No,81.2,735.91,Yes
CUST05158,Male,0,Yes,No,45,Month-to-month,Fiber optic,Yes,Credit card,Yes,95.81,4136.5,No
CUST05159,Male,1,No,No,70,One year,No,Yes,Electronic check,Yes,31.52,2313.88,Yes
CUST05160,Male,1,No,No,59,Month-to-month,No,Yes,Electronic check,No,24.77,1359.87,No
CUST05161,Female,1,No,Yes,10,Month-to-month,Fiber optic,Yes,Electronic check,No,82.67,915.72,Yes
CUST05162,Male,1,Yes,No,9,Two year,DSL,Yes,Bank transfer,Yes,68.55,584.26,No
CUST05163,Male,0,No,No,2,Month-to-month,DSL,Yes,Credit card,Yes,35.54,62.37,Yes
CUST05164,Male,0,No,No,18,Month-to-month,Fiber optic,Yes,Mailed check,Yes,105.37,1870.04,Yes
CUST05165,Male,0,Yes,Yes,1,Two year,Fiber optic,No,Credit card,No,109.86,29.24,No
CUST05166,Female,0,Yes,Yes,16,Month-to-month,No,Yes,Credit card,Yes,19.81,249.23,Yes
CUST05167,Female,0,Yes,No,1,One year,DSL,Yes,Electronic check,Yes,65.35,231.78,Yes
CUST05168,Female,0,Yes,No,52,Two year,Fiber optic,Yes,Mailed check,No,54.54,2741.88,No
CUST05169,Female,0,Yes,No,15,Month-to-month,DSL,Yes,Electronic check,No,77.73,1208.11,No
CUST05170,Female,0,Yes,No,9,Two year,No,Yes,Bank transfer,No,19.64,120.97,No
CUST05171,Female,0,No,No,67,Two year,No,Yes,Mailed check,Yes,25.8,1801.02,No
CUST05172,Female,0,No,No,42,Month-to-month,No,Yes,Bank transfer,Yes,23.92,1007.15,No
CUST05173,Female,0,Yes,Yes,57,Month-to-month,DSL,Yes,Credit card,No,51.12,2969.81,No
CUST05174,Female,0,No,No,59,Two year,DSL,Yes,Mailed check,Yes,77.44,4604.45,No
CUST05175,Female,0,No,No,23,One year,Fiber optic,No,Credit card,Yes,80.32,1785.25,No
CUST05176,Female,0,Yes,No,15,Month-to-month,Fiber optic,No,Mailed check,Yes,82.37,1201.53,No
CUST05177,Female,1,Yes,No,8,Two year,DSL,Yes,Electronic check,Yes,50.38,388.51,No
CUST05178,Female,0,No,No,5,Month-to-month,No,Yes,Mailed check,No,18.0,53.21,No
CUST05179,Female,0,No,No,64,One year,No,Yes,Mailed check,No,18.0,1074.22,No
CUST05180,Female,0,No,No,23,Two year,DSL,Yes,Electronic check,No,77.99,1893.2,No
CUST05181,Female,0,No,No,9,Month-to-month,Fiber optic,Yes,Electronic check,Yes,69.57,664.65,No
CUST05182,Male,0,Yes,No,72,Two year,Fiber optic,Yes,Bank transfer,No,95.69,6859.87,No
CUST05183,Female,0,No,Yes,26,Month-to-month,DSL,Yes,Credit card,No,61.77,1522.08,No
CUST05184,Male,0,Yes,Yes,2,One year,DSL,Yes,Mailed check,Yes,41.45,68.13,Yes
CUST05185,Female,1,Yes,No,37,Month-to-month,Fiber optic,Yes,Electronic check,Yes,73.03,2584.7,No
CUST05186,Female,1,Yes,No,72,Month-to-month,No,Yes,Bank transfer,Yes,18.0,1331.09,No
CUST05187,Male,0,Yes,Yes,72,Month-to-month,No,Yes,Credit card,Yes,20.74,1457.3,No
CUST05188,Female,0,No,Yes,16,Month-to-month,DSL,Yes,Electronic check,Yes,60.05,919.11,No
CUST05189,Male,0,No,No,47,One year,No,Yes,Electronic check,Yes,21.54,1107.41,Yes
CUST05190,Male,0,No,No,48,One year,Fiber optic,Yes,Electronic check,Yes,100.36,4773.19,No
CUST05191,Male,0,Yes,No,42,Two year,DSL,Yes,Credit card,No,72.91,3193.98,No
CUST05192,Female,0,No,Yes,6,Month-to-month,Fiber optic,Yes,Mailed check,No,90.79,465.13,No
CUST05193,Female,0,No,Yes,67,Two year,No,Yes,Bank transfer,No,19.41,1224.17,No
CUST05194,Female,1,Yes,No,20,Month-to-month,DSL,Yes,Electronic check,Yes,77.64,1527.7,Yes
CUST05195,Male,0,No,No,24,Month-to-month,DSL,Yes,Electronic check,Yes,58.82,1411.18,No
CUST05196,Male,0,No,No,60,Month-to-month,Fiber optic,Yes,Electronic check,No,71.33,4215.78,No
CUST05197,Female,0,Yes,No,27,Two year,DSL,Yes,Electronic check,No,76.28,2181.64,Yes
CUST05198,Female,1,No,No,51,Month-to-month,No,Yes,Electronic check,No,25.14,1310.84,No
CUST05199,Female,0,No,No,12,Month-to-month,Fiber optic,Yes,Mailed check,Yes,84.44,936.55,No
CUST05200,Female,0,No,Yes,33,Month-to-month,No,Yes,Mailed check,Yes,19.6,607.94,No
CUST05201,Female,0,No,No,66,Month-to-month,DSL,Yes,Electronic check,Yes,72.02,4779.11,No
CUST05202,Male,0,Yes,Yes,3,Two year,No,Yes,Mailed check,Yes,26.72,61.11,No
CUST05203,Male,1,No,No,43,Month-to-month,Fiber optic,Yes,Bank transfer,No,70.96,2983.63,No
CUST05204,Male,0,No,Yes,14,Month-to-month,DSL,Yes,Electronic check,No,71.39,1078.74,No
CUST05205,Female,0,Yes,Yes,7,Two year,No,Yes,Electronic check,Yes,31.43,366.25,No
CUST05206,Male,0,Yes,No,4,Two year,Fiber optic,Yes,Electronic check,No,74.12,292.23,No
CUST05207,Male,0,No,No,65,Month-to-month,DSL,Yes,Credit card,Yes,81.4,5323.94,No
CUST05208,Male,0,Yes,No,72,One year,DSL,Yes,Electronic check,Yes,75.85,5560.01,No
CUST05209,Male,0,No,No,45,Month-to-month,DSL,Yes,Electronic check,No,74.29,3285.71,Yes
CUST05210,Male,0,No,No,64,One year,No,Yes,Electronic check,No,33.56,2290.47,No
CUST05211,Female,0,Yes,Yes,65,One year,No,Yes,Mailed check,Yes,25.91,1588.73,No
CUST05212,Male,0,Yes,No,25,Month-to-month,Fiber optic,Yes,Bank transfer,Yes,73.87,1881.96,No
CUST05213,Female,1,Yes,No,30,Two year,Fiber optic,No,Credit card,Yes,62.03,1802.25,No
CUST05214,Female,0,No,Yes,50,Month-to-month,DSL,Yes,Credit card,No,54.78,2643.33,No
CUST05215,Female,0,No,No,40,One year,Fiber optic,Yes,Electronic check,Yes,83.88,3303.63,Yes
CUST05216,Female,0,No,Yes,50,Two year,DSL,Yes,Bank transfer,No,43.37,1921.385,No
CUST05217,Female,0,Yes,No,18,Month-to-month,DSL,Yes,Bank transfer,No,68.49,1184.18,No
CUST05218,Male,0,No,No,72,Month-to-month,Fiber optic,Yes,Electronic check,No,44.06,3249.7,Yes
CUST05219,Male,0,No,No,2,Month-to-month,No,No,Mailed check,Yes,34.91,71.87,No
CUST05220,Female,0,Yes,Yes,37,Two year,Fiber optic,Yes,Electronic check,Yes,71.78,2710.42,No
CUST05221,Female,0,No,No,69,Two year,No,Yes,Electronic check,Yes,28.82,2042.96,No
CUST05222,Female,0,Yes,No,44,Month-to-month,No,No,Electronic check,No,29.8,1300.11,No
CUST05223,Male,0,No,Yes,70,Month-to-month,Fiber optic,Yes,Electronic check,No,93.7,6461.08,No
CUST05224,Female,0,Yes,No,40,Month-to-month,DSL,Yes,Credit card,No,64.48,2645.75,Yes
CUST05225,Male,0,Yes,Yes,24,One year,Fiber optic,Yes,Electronic check,Yes,91.19,2121.16,No
CUST05226,Female,0,No,Yes,49,One year,DSL,Yes,Mailed check,Yes,62.61,3191.06,No
CUST05227,Male,0,No,Yes,0,Month-to-month,DSL,Yes,Electronic check,No,72.88,81.51,Yes
CUST05228,Female,1,Yes,No,53,Month-to-month,Fiber optic,Yes,Electronic check,Yes,58.41,3094.21,No
CUST05229,Male,0,No,Yes,12,Month-to-month,No,Yes,Electronic check,No,24.55,104.51,Yes
CUST05230,Female,0,No,No,39,Month-to-month,Fiber optic,Yes,Electronic check,No,69.52,2735.68,No
CUST05231,Male,0,Yes,Yes,20,Month-to-month,Fiber optic,Yes,Bank transfer,No,99.44,2148.22,No
CUST05232,Male,0,No,Yes,40,Month-to-month,Fiber optic,Yes,Credit card,No,60.79,2414.96,No
CUST05233,Male,0,No,Yes,60,One year,Fiber optic,Yes,Mailed check,No,96.42,5733.9,No
CUST05234,Male,0,No,No,32,Month-to-month,Fiber optic,Yes,Credit card,Yes,80.06,2562.03,No
CUST05235,Male,0,Yes,Yes,72,Month-to-month,Fiber optic,Yes,Mailed check,Yes,84.97,6156.82,No
CUST05236,Male,0,No,Yes,28,One year,Fiber optic,Yes,Mailed check,No,81.93,2367.89,No
CUST05237,Male,0,No,No,54,Two year,No,Yes,Mailed check,Yes,30.82,1647.31,No
CUST05238,Female,0,No,No,31,Month-to-month,Fiber optic,No,Credit card,No,89.66,2713.09,No
CUST05239,Female,0,Yes,Yes,10,Month-to-month,DSL,Yes,Credit card,Yes,73.34,881.12,No
CUST05240,Female,0,No,No,51,Two year,Fiber optic,Yes,Bank transfer,Yes,99.94,4960.39,No
CUST05241,Female,0,Yes,Yes,35,Month-to-month,Fiber optic,Yes,Credit card,Yes,88.64,3181.72,No
CUST05242,Female,0,No,No,30,Month-to-month,No,No,Bank transfer,No,18.0,590.37,Yes
CUST05243,Male,0,No,No,13,Two year,DSL,Yes,Credit card,Yes,68.76,964.4,No
CUST05244,Male,0,Yes,Yes,62,One year,Fiber optic,Yes,Mailed check,No,88.38,5424.04,No
CUST05245,Male,0,Yes,Yes,51,One year,Fiber optic,Yes,Bank transfer,No,91.3,4574.76,No
CUST05246,Male,0,No,No,53,Month-to-month,Fiber optic,Yes,Bank transfer,Yes,95.8,5089.31,No
CUST05247,Male,0,No,No,49,Month-to-month,Fiber optic,Yes,Bank transfer,Yes,93.03,4490.92,No
CUST05248,Female,0,Yes,Yes,53,Month-to-month,Fiber optic,Yes,Electronic check,Yes,98.13,5122.79,No
CUST05249,Female,1,No,Yes,72,Month-to-month,No,Yes,Electronic check,Yes,37.45,2651.73,No
CUST05250,Female,1,No,No,34,Month-to-month,DSL,Yes,Bank transfer,No,64.88,2203.11,No
CUST05251,Female,0,No,No,29,Month-to-month,DSL,Yes,Mailed check,No,59.53,1785.19,No
CUST05252,Male,0,No,Yes,54,Month-to-month,Fiber optic,Yes,Bank transfer,Yes,86.02,4559.39,No
CUST05253,Male,0,Yes,Yes,0,One year,Fiber optic,Yes,Electronic check,Yes,76.78,146.34,Yes
CUST05254,Male,0,No,Yes,14,Two year,Fiber optic,Yes,Credit card,No,69.23,739.83,No
CUST05255,Female,0,Yes,Yes,24,One year,DSL,Yes,Bank transfer,Yes,84.22,2081.11,No
CUST05256,Male,0,Yes,No,19,Two year,DSL,No,Electronic check,No,88.35,1766.9,Yes
CUST05257,Female,0,Yes,Yes,70,Month-to-month,DSL,Yes,Bank transfer,No,83.48,5943.84,No
CUST05258,Male,0,No,No,15,Month-to-month,No,Yes,Electronic check,Yes,26.78,384.24,No
CUST05259,Male,0,No,No,51,Month-to-month,No,Yes,Electronic check,No,21.02,1038.96,Yes
CUST05260,Female,0,Yes,No,64,Month-to-month,No,Yes,Credit card,Yes,26.56,1848.95,No
CUST05261,Male,0,No,No,69,One year,Fiber optic,Yes,Credit card,Yes,70.12,4687.63,No
CUST05262,Male,0,No,No,0,Two year,Fiber optic,Yes,Electronic check,No,72.15,0.0,No
CUST05263,Female,0,No,No,15,Two year,DSL,Yes,Electronic check,Yes,60.66,829.77,Yes
CUST05264,Male,0,No,No,26,Month-to-month,DSL,Yes,Bank transfer,Yes,51.5,1414.19,Yes
CUST05265,Female,0,Yes,No,17,Two year,No,Yes,Credit card,Yes,26.68,454.36,No
CUST05266,Male,0,Yes,No,43,Month-to-month,Fiber optic,Yes,Bank transfer,Yes,105.34,4407.17,Yes
CUST05267,Male,0,No,Yes,49,Month-to-month,No,Yes,Mailed check,Yes,26.67,1240.13,No
CUST05268,Male,0,No,No,13,Month-to-month,Fiber optic,Yes,Credit card,Yes,92.87,1173.72,No
CUST05269,Male,0,Yes,No,51,One year,Fiber optic,Yes,Credit card,Yes,56.04,2902.22,No
CUST05270,Male,1,No,Yes,49,Two year,DSL,Yes,Mailed check,Yes,46.82,2177.55,No
CUST05271,Male,0,No,No,16,Month-to-month,No,Yes,Bank transfer,Yes,27.46,580.23,Yes
CUST05272,Male,0,No,No,2,Month-to-month,Fiber optic,Yes,Electronic check,No,66.77,155.71,No
CUST05273,Male,0,Yes,No,61,Month-to-month,DSL,No,Credit card,Yes,91.75,5645.06,No
CUST05274,Female,0,No,No,20,Month-to-month,DSL,Yes,Mailed check,No,66.56,1356.83,No
CUST05275,Female,0,No,Yes,32,Two year,Fiber optic,No,Bank transfer,Yes,107.07,3488.19,No
CUST05276,Male,0,Yes,Yes,0,Two year,DSL,Yes,Bank transfer,Yes,63.82,0.0,No
CUST05277,Male,0,Yes,No,69,Two year,DSL,Yes,Electronic check,Yes,63.62,4509.73,No
CUST05278,Female,0,Yes,No,55,Month-to-month,Fiber optic,Yes,Electronic check,Yes,87.8,4932.61,No
CUST05279,Male,0,No,No,3,Month-to-month,DSL,Yes,Bank transfer,Yes,57.88,214.19,No
CUST05280,Male,0,Yes,Yes,21,Two year,Fiber optic,Yes,Credit card,Yes,60.28,1421.16,No
CUST05281,Female,0,Yes,No,57,Two year,DSL,Yes,Bank transfer,No,57.16,3181.09,No
CUST05282,Male,0,Yes,Yes,43,Month-to-month,Fiber optic,Yes,Bank transfer,Yes,88.13,3718.01,Yes
CUST05283,Male,0,Yes,No,56,One year,Fiber optic,Yes,Electronic check,Yes,69.4,3876.37,No
CUST05284,Female,0,Yes,No,39,Month-to-month,DSL,Yes,Credit card,Yes,69.21,2642.21,No
CUST05285,Male,0,No,Yes,55,Two year,Fiber optic,Yes,Mailed check,No,69.74,3843.77,No
CUST05286,Male,0,No,No,62,Month-to-month,Fiber optic,Yes,Electronic check,No,107.34,6745.88,Yes
CUST05287,Female,0,No,No,38,Two year,No,Yes,Electronic check,Yes,36.03,1395.14,No
CUST05288,Male,0,Yes,No,6,Month-to-month,Fiber optic,No,Credit card,Yes,55.13,355.72,No
CUST05289,Female,0,Yes,No,13,Month-to-month,No,Yes,Bank transfer,Yes,32.91,338.6,No
CUST05290,Male,0,Yes,Yes,17,Month-to-month,Fiber optic,No,Electronic check,Yes,95.84,1623.49,No
CUST05291,Male,0,Yes,Yes,54,Month-to-month,DSL,Yes,Electronic check,No,82.29,4432.5,Yes
CUST05292,Female,0,Yes,No,55,Month-to-month,Fiber optic,Yes,Credit card,No,40.58,2208.48,No
CUST05293,Female,0,Yes,No,56,One year,Fiber optic,Yes,Electronic check,Yes,48.16,2786.82,No
CUST05294,Male,0,No,No,57,Month-to-month,No,Yes,Mailed check,Yes,38.75,2239.94,No
CUST05295,Female,0,Yes,No,24,One year,DSL,No,Bank transfer,Yes,68.59,1565.77,Yes
CUST05296,Female,0,No,Yes,69,Month-to-month,DSL,Yes,Electronic check,Yes,78.58,5422.31,No
CUST05297,Male,0,Yes,Yes,2,Month-to-month,No,Yes,Mailed check,No,20.31,115.64,No
CUST05298,Male,0,Yes,No,20,One year,Fiber optic,No,Credit card,Yes,79.18,1609.59,No
CUST05299,Male,0,No,No,31,Month-to-month,Fiber optic,Yes,Bank transfer,No,62.01,1947.29,No
CUST05300,Female,0,Yes,No,1,Two year,Fiber optic,No,Mailed check,No,72.65,5.37,Yes
CUST05301,Female,0,Yes,No,19,Two year,DSL,Yes,Credit card,No,69.43,1394.04,No
CUST05302,Female,1,No,No,17,One year,Fiber optic,Yes,Credit card,Yes,66.92,1044.79,No
CUST05303,Female,0,No,No,53,Month-to-month,No,Yes,Electronic check,Yes,27.38,1442.71,No
CUST05304,Male,0,Yes,No,35,Month-to-month,No,Yes,Bank transfer,Yes,67.035,1259.22,No
CUST05305,Female,0,Yes,Yes,60,Two year,DSL,Yes,Mailed check,Yes,74.52,4520.23,No
CUST05306,Male,0,No,No,59,Month-to-month,Fiber optic,Yes,Mailed check,No,75.98,4484.95,Yes
CUST05307,Female,0,No,No,35,Two year,DSL,Yes,Mailed check,Yes,96.68,3374.61,Yes
CUST05308,Male,1,Yes,No,43,Month-to-month,No,Yes,Mailed check,Yes,32.11,1267.86,No
CUST05309,Male,0,Yes,Yes,67,Month-to-month,Fiber optic,Yes,Mailed check,Yes,83.76,5588.69,No
CUST05310,Male,0,No,Yes,65,One year,Fiber optic,Yes,Electronic check,Yes,57.5,3811.23,No
CUST05311,Female,0,Yes,Yes,43,Two year,Fiber optic,Yes,Electronic check,Yes,64.58,2825.62,No
CUST05312,Male,0,Yes,Yes,28,Month-to-month,No,Yes,Mailed check,Yes,19.9,547.61,No
CUST05313,Male,0,No,No,47,Month-to-month,No,Yes,Credit card,No,19.79,997.64,No
CUST05314,Female,0,Yes,Yes,35,Two year,DSL,Yes,Bank transfer,No,55.44,1980.66,No
CUST05315,Male,0,No,No,7,Month-to-month,Fiber optic,Yes,Electronic check,Yes,89.56,801.86,Yes
CUST05316,Female,0,No,Yes,4,Month-to-month,Fiber optic,Yes,Mailed check,Yes,80.29,286.31,Yes
CUST05317,Female,0,No,Yes,46,Month-to-month,DSL,Yes,Electronic check,No,67.2,3076.51,No
CUST05318,Male,0,Yes,No,42,Month-to-month,No,Yes,Bank transfer,Yes,21.66,872.11,No
CUST05319,Male,0,Yes,No,9,Two year,Fiber optic,Yes,Credit card,Yes,64.14,582.28,No
CUST05320,Female,0,Yes,Yes,9,Two year,DSL,Yes,Mailed check,No,76.84,636.91,No
CUST05321,Male,0,Yes,No,5,Month-to-month,DSL,Yes,Electronic check,No,58.54,297.1,Yes
CUST05322,Female,0,No,Yes,15,Month-to-month,Fiber optic,Yes,Credit card,No,38.53,636.04,Yes
CUST05323,Female,0,Yes,No,59,Month-to-month,No,Yes,Bank transfer,Yes,18.0,1191.4,No
CUST05324,Female,0,Yes,No,25,Month-to-month,Fiber optic,Yes,Credit card,No,77.76,1985.02,No
CUST05325,Male,0,Yes,No,20,Month-to-month,DSL,Yes,Electronic check,No,81.87,1773.05,No
CUST05326,Female,0,Yes,No,57,One year,DSL,Yes,Bank transfer,Yes,85.54,4817.42,No
CUST05327,Male,1,No,No,40,Month-to-month,No,Yes,Electronic check,Yes,18.0,827.24,No
CUST05328,Male,0,No,No,29,One year,DSL,Yes,Electronic check,Yes,67.3,1946.05,Yes
CUST05329,Male,0,No,No,4,Two year,No,No,Electronic check,Yes,49.23,31.96,No
CUST05330,Male,0,No,No,9,Two year,No,Yes,Credit card,No,28.33,84.73,Yes
CUST05331,Female,0,No,Yes,10,Month-to-month,Fiber optic,Yes,Electronic check,No,90.3,907.88,No
CUST05332,Male,0,Yes,No,62,Month-to-month,No,Yes,Bank transfer,Yes,30.05,1744.26,No
CUST05333,Female,1,Yes,Yes,6,Month-to-month,DSL,Yes,Credit card,No,45.61,271.85,No
CUST05334,Female,0,No,No,58,Two year,No,Yes,Electronic check,No,26.01,1523.13,No
CUST05335,Male,1,Yes,No,11,Two year,DSL,Yes,Credit card,Yes,49.41,548.18,No
CUST05336,Female,0,Yes,No,63,Two year,Fiber optic,Yes,Bank transfer,Yes,89.43,5587.89,Yes
CUST05337,Female,0,No,No,40,One year,Fiber optic,Yes,Electronic check,Yes,106.58,4455.96,Yes
CUST05338,Male,0,Yes,Yes,59,Month-to-month,Fiber optic,No,Mailed check,No,89.05,5275.76,No
CUST05339,Female,0,No,Yes,71,Two year,DSL,Yes,Electronic check,No,74.82,5367.82,No
CUST05340,Female,0,No,No,27,Two year,No,No,Electronic check,Yes,18.0,556.84,No
CUST05341,Female,0,Yes,No,62,Two year,Fiber optic,Yes,Mailed check,No,94.79,5757.8,No
CUST05342,Female,0,Yes,No,2,Month-to-month,No,Yes,Bank transfer,No,30.75,127.75,No
CUST05343,Male,0,No,Yes,31,Month-to-month,Fiber optic,Yes,Electronic check,No,118.71,3740.09,No
CUST05344,Female,0,Yes,No,20,Month-to-month,Fiber optic,Yes,Bank transfer,Yes,118.98,2338.18,No
CUST05345,Female,0,Yes,Yes,54,Two year,No,Yes,Bank transfer,Yes,24.49,1360.61,No
CUST05346,Female,0,No,Yes,17,Two year,No,Yes,Bank transfer,No,18.0,342.84,No
CUST05347,Female,0,Yes,No,52,Month-to-month,Fiber optic,Yes,Bank transfer,Yes,62.86,3329.66,No
CUST05348,Male,0,Yes,No,60,One year,No,Yes,Bank transfer,No,33.35,2107.35,No
CUST05349,Female,0,Yes,Yes,49,Month-to-month,Fiber optic,Yes,Bank transfer,No,58.23,2900.52,Yes
CUST05350,Male,0,No,No,7,Month-to-month,Fiber optic,Yes,Electronic check,No,70.08,438.02,No
CUST05351,Female,0,Yes,Yes,11,Month-to-month,No,Yes,Mailed check,Yes,43.86,444.94,No
CUST05352,Male,0,Yes,Yes,50,Month-to-month,Fiber optic,Yes,Credit card,No,104.61,1921.385,Yes
CUST05353,Male,1,Yes,No,65,Month-to-month,DSL,Yes,Bank transfer,Yes,49.09,3132.43,No
CUST05354,Male,0,Yes,No,40,Month-to-month,DSL,Yes,Mailed check,Yes,69.95,2720.94,No
CUST05355,Male,0,No,Yes,21,Two year,Fiber optic,Yes,Bank transfer,No,74.97,1575.61,No
CUST05356,Male,0,No,Yes,8,Month-to-month,No,Yes,Electronic check,Yes,33.96,152.35,Yes
CUST05357,Female,1,Yes,Yes,10,Two year,DSL,Yes,Bank transfer,Yes,80.7,756.51,Yes
CUST05358,Female,0,Yes,No,12,One year,Fiber optic,Yes,Credit card,No,82.21,1001.19,No
CUST05359,Female,0,Yes,No,55,Two year,Fiber optic,Yes,Mailed check,No,98.94,5519.48,No
CUST05360,Male,1,No,Yes,27,Two year,DSL,Yes,Electronic check,No,53.78,1447.29,No
CUST05361,Female,1,Yes,No,63,Month-to-month,DSL,Yes,Mailed check,No,55.03,3362.24,No
CUST05362,Male,1,Yes,Yes,63,Month-to-month,No,Yes,Electronic check,Yes,40.46,2543.97,No
CUST05363,Male,0,No,No,69,Month-to-month,DSL,Yes,Mailed check,Yes,68.55,4684.91,No
CUST05364,Female,0,Yes,Yes,54,Month-to-month,DSL,Yes,Electronic check,No,82.93,4481.87,No
CUST05365,Female,0,No,No,36,Month-to-month,DSL,Yes,Electronic check,No,65.72,2440.57,No
CUST05366,Male,0,Yes,Yes,32,One year,DSL,Yes,Credit card,No,42.96,1367.07,No
CUST05367,Male,0,Yes,No,24,Two year,DSL,Yes,Bank transfer,Yes,66.1,1601.4,No
CUST05368,Female,0,No,Yes,22,Month-to-month,Fiber optic,Yes,Mailed check,No,112.44,2533.8,No
CUST05369,Female,0,Yes,No,59,Month-to-month,Fiber optic,Yes,Bank transfer,No,66.09,3975.31,No
CUST05370,Female,0,Yes,No,55,Month-to-month,Fiber optic,Yes,Credit card,No,80.68,4389.06,No
CUST05371,Female,0,Yes,No,62,Month-to-month,DSL,Yes,Mailed check,Yes,68.95,4313.16,No
CUST05372,Male,1,No,Yes,7,One year,Fiber optic,Yes,Credit card,No,85.06,587.14,No
CUST05373,Female,0,Yes,No,16,Month-to-month,DSL,Yes,Electronic check,Yes,52.59,805.59,No
CUST05374,Female,0,No,No,56,Two year,No,No,Credit card,No,36.35,1865.49,No
CUST05375,Female,0,No,No,61,One year,DSL,Yes,Credit card,Yes,69.4,4344.1,No
CUST05376,Male,0,No,Yes,10,Month-to-month,No,Yes,Electronic check,Yes,32.76,551.66,No
CUST05377,Male,1,No,No,66,Month-to-month,Fiber optic,Yes,Mailed check,No,77.68,5073.06,No
CUST05378,Male,0,Yes,No,39,Month-to-month,Fiber optic,Yes,Bank transfer,Yes,107.02,4214.22,No
CUST05379,Male,0,Yes,Yes,39,Two year,Fiber optic,Yes,Electronic check,Yes,107.12,4143.54,No
CUST05380,Female,0,Yes,No,55,Two year,Fiber optic,Yes,Bank transfer,No,83.36,4647.54,No
CUST05381,Male,0,Yes,No,52,Month-to-month,Fiber optic,Yes,Mailed check,No,73.96,3850.23,Yes
CUST05382,Female,0,Yes,Yes,27,Two year,Fiber optic,Yes,Electronic check,Yes,70.53,2020.73,No
CUST05383,Female,0,Yes,No,41,Month-to-month,No,Yes,Electronic check,No,40.67,1690.92,Yes
CUST05384,Female,0,No,No,45,Month-to-month,Fiber optic,Yes,Mailed check,Yes,87.62,3778.92,No
CUST05385,Female,1,No,Yes,17,Month-to-month,DSL,Yes,Electronic check,No,82.5,1215.8,No
CUST05386,Male,0,Yes,No,22,Two year,No,Yes,Electronic check,No,18.0,374.93,No
CUST05387,Male,0,Yes,No,25,Month-to-month,Fiber optic,Yes,Bank transfer,No,63.61,1405.44,No
CUST05388,Male,0,Yes,Yes,28,Month-to-month,Fiber optic,Yes,Bank transfer,No,97.18,2732.62,No
CUST05389,Female,0,Yes,Yes,51,One year,No,Yes,Mailed check,No,18.0,929.57,No
CUST05390,Female,0,Yes,No,45,Two year,No,Yes,Electronic check,No,30.68,1299.81,No
CUST05391,Female,0,No,No,0,One year,DSL,No,Bank transfer,Yes,72.1,47.07,No
CUST05392,Female,0,Yes,Yes,62,Month-to-month,DSL,Yes,Bank transfer,No,83.54,5201.07,Yes
CUST05393,Female,0,Yes,Yes,15,Two year,DSL,Yes,Mailed check,Yes,50.46,772.22,No
CUST05394,Male,0,Yes,No,24,Two year,Fiber optic,Yes,Mailed check,Yes,62.59,1586.0,No
CUST05395,Female,0,No,No,61,Two year,Fiber optic,Yes,Credit card,No,72.55,4453.37,No
CUST05396,Male,1,No,No,15,Two year,Fiber optic,Yes,Bank transfer,Yes,68.89,952.91,No
CUST05397,Female,0,No,No,68,Two year,Fiber optic,Yes,Mailed check,No,95.72,6483.64,No
CUST05398,Female,0,Yes,No,69,Month-to-month,DSL,No,Bank transfer,No,79.94,5459.27,No
CUST05399,Male,0,Yes,No,33,Month-to-month,DSL,Yes,Electronic check,No,55.72,1648.92,No
CUST05400,Male,1,Yes,No,52,One year,No,No,Electronic check,No,29.79,1628.03,No
CUST05401,Female,0,Yes,Yes,22,Two year,No,Yes,Credit card,Yes,21.38,567.96,No
CUST05402,Female,0,No,No,42,Two year,DSL,Yes,Credit card,Yes,63.28,2696.17,No
CUST05403,Female,0,Yes,No,43,Month-to-month,DSL,Yes,Bank transfer,No,77.48,3273.42,No
CUST05404,Female,0,Yes,Yes,31,Month-to-month,Fiber optic,Yes,Credit card,Yes,83.7,2535.3,No
CUST05405,Male,0,No,Yes,22,Two year,DSL,Yes,Bank transfer,Yes,76.99,1726.82,Yes
CUST05406,Female,0,Yes,No,19,One year,DSL,Yes,Credit card,Yes,63.8,1170.62,No
CUST05407,Male,1,No,No,18,Month-to-month,Fiber optic,Yes,Credit card,No,79.9,1522.34,No
CUST05408,Female,0,Yes,No,71,One year,DSL,No,Credit card,Yes,64.44,4731.18,No
CUST05409,Male,0,Yes,No,28,Month-to-month,Fiber optic,Yes,Credit card,Yes,65.8,1818.31,No
CUST05410,Male,0,Yes,Yes,17,Two year,No,Yes,Mailed check,No,22.91,518.79,No
CUST05411,Female,0,No,No,68,Two year,No,Yes,Bank transfer,Yes,18.0,1306.87,No
CUST05412,Male,0,Yes,Yes,11,Two year,Fiber optic,Yes,Electronic check,Yes,66.37,702.44,No
CUST05413,Female,0,Yes,Yes,9,Month-to-month,Fiber optic,Yes,Credit card,Yes,79.97,669.5,Yes
CUST05414,Male,0,Yes,Yes,36,Two year,Fiber optic,Yes,Credit card,Yes,102.78,3739.05,No
CUST05415,Female,0,No,No,54,One year,DSL,Yes,Electronic check,No,53.9,2903.31,No
CUST05416,Male,0,No,Yes,3,Month-to-month,Fiber optic,Yes,Mailed check,No,79.51,254.67,No
CUST05417,Female,0,Yes,No,62,Month-to-month,Fiber optic,Yes,Electronic check,Yes,70.14,4480.0,Yes
CUST05418,Female,0,Yes,Yes,11,Two year,DSL,Yes,Electronic check,Yes,45.06,440.65,No
CUST05419,Male,0,No,No,17,One year,Fiber optic,Yes,Mailed check,Yes,76.29,1232.62,No
CUST05420,Male,1,No,No,7,Month-to-month,DSL,Yes,Bank transfer,No,74.66,541.98,Yes
CUST05421,Male,0,No,No,31,Two year,No,Yes,Mailed check,No,18.06,541.03,No
CUST05422,Male,0,Yes,No,48,Month-to-month,No,Yes,Electronic check,Yes,36.6,1768.57,No
CUST05423,Female,0,Yes,No,62,Two year,DSL,Yes,Electronic check,No,76.45,4742.45,No
CUST05424,Male,0,No,No,58,Two year,DSL,Yes,Mailed check,No,84.47,4821.84,No
CUST05425,Female,0,No,No,66,One year,DSL,No,Mailed check,Yes,66.74,4350.8,No
CUST05426,Male,0,No,No,38,One year,No,Yes,Mailed check,Yes,44.34,1668.96,No
CUST05427,Female,1,Yes,Yes,49,Month-to-month,DSL,Yes,Bank transfer,No,57.54,2788.07,No
CUST05428,Female,0,No,No,70,Two year,Fiber optic,Yes,Electronic check,Yes,62.99,4394.95,No
CUST05429,Female,0,No,No,25,Month-to-month,DSL,Yes,Bank transfer,Yes,33.53,850.96,Yes
CUST05430,Female,0,No,No,22,One year,Fiber optic,Yes,Credit card,No,61.15,1335.43,No
CUST05431,Male,0,Yes,No,62,Month-to-month,No,Yes,Bank transfer,No,21.2,1233.82,No
CUST05432,Male,0,No,No,65,Month-to-month,Fiber optic,Yes,Mailed check,No,80.28,5205.57,Yes
CUST05433,Female,0,No,No,38,One year,Fiber optic,No,Electronic check,Yes,55.54,2212.86,No
CUST05434,Male,1,No,Yes,65,Two year,Fiber optic,Yes,Credit card,No,95.84,6411.7,No
CUST05435,Male,0,No,Yes,45,Month-to-month,Fiber optic,Yes,Bank transfer,Yes,96.69,4462.55,No
CUST05436,Female,0,No,No,14,Month-to-month,Fiber optic,Yes,Electronic check,No,76.94,951.58,Yes
CUST05437,Male,0,No,Yes,15,One year,No,Yes,Electronic check,Yes,18.0,180.52,Yes
CUST05438,Male,0,Yes,Yes,71,Two year,No,Yes,Electronic check,Yes,26.11,1739.24,No
CUST05439,Male,0,No,No,15,Month-to-month,Fiber optic,Yes,Electronic check,Yes,56.55,949.79,Yes
CUST05440,Female,0,No,No,38,One year,Fiber optic,Yes,Bank transfer,Yes,78.02,3060.91,Yes
CUST05441,Male,0,Yes,No,10,Month-to-month,DSL,Yes,Bank transfer,No,64.43,669.63,Yes
CUST05442,Female,0,Yes,No,35,Month-to-month,No,No,Credit card,Yes,30.33,1237.24,No
CUST05443,Male,1,Yes,No,17,Month-to-month,DSL,Yes,Electronic check,Yes,75.25,1251.38,No
CUST05444,Male,0,No,Yes,22,Two year,Fiber optic,Yes,Bank transfer,Yes,96.54,2136.75,No
CUST05445,Male,0,Yes,Yes,48,Month-to-month,Fiber optic,No,Electronic check,No,65.15,3148.89,No
CUST05446,Female,0,No,Yes,41,Month-to-month,DSL,Yes,Mailed check,Yes,72.63,2870.66,No
CUST05447,Female,0,No,Yes,43,One year,Fiber optic,Yes,Mailed check,Yes,65.8,2736.22,No
CUST05448,Male,0,No,No,0,One year,DSL,Yes,Credit card,Yes,55.24,0.0,Yes
CUST05449,Female,0,Yes,No,6,Month-to-month,No,Yes,Bank transfer,Yes,36.16,76.29,No
CUST05450,Male,0,Yes,No,47,Month-to-month,No,No,Electronic check,No,19.08,840.33,No
CUST05451,Female,0,Yes,No,15,One year,Fiber optic,Yes,Credit card,Yes,48.61,828.82,No
CUST05452,Female,0,Yes,No,47,Two year,Fiber optic,Yes,Credit card,Yes,61.25,2856.23,No
CUST05453,Male,0,No,No,42,Month-to-month,DSL,Yes,Mailed check,Yes,69.89,3040.98,No
CUST05454,Male,0,No,Yes,50,Month-to-month,No,Yes,Credit card,Yes,43.47,2235.12,No
CUST05455,Male,0,Yes,No,65,One year,Fiber optic,Yes,Credit card,No,65.25,4281.75,No
CUST05456,Male,0,No,No,30,One year,DSL,Yes,Credit card,No,78.26,2486.05,No
CUST05457,Female,0,Yes,Yes,38,Two year,No,Yes,Mailed check,Yes,23.16,862.41,No
CUST05458,Female,0,Yes,No,8,One year,Fiber optic,Yes,Bank transfer,Yes,89.44,700.66,No
CUST05459,Female,0,No,No,40,Month-to-month,DSL,Yes,Electronic check,No,60.15,2374.26,No
CUST05460,Male,0,Yes,Yes,62,One year,No,Yes,Electronic check,Yes,25.35,1549.63,No
CUST05461,Male,0,No,No,13,Month-to-month,Fiber optic,Yes,Credit card,No,86.77,967.49,No
CUST05462,Female,0,No,Yes,57,Month-to-month,Fiber optic,Yes,Bank transfer,No,77.93,4407.01,No
CUST05463,Male,0,No,No,63,Two year,DSL,Yes,Electronic check,No,84.66,5505.69,No
CUST05464,Female,0,Yes,No,27,Two year,Fiber optic,Yes,Mailed check,No,63.57,1677.85,No
CUST05465,Female,0,Yes,Yes,3,One year,Fiber optic,Yes,Mailed check,Yes,103.16,364.17,No
CUST05466,Female,0,Yes,Yes,33,Month-to-month,DSL,Yes,Electronic check,Yes,53.36,1733.91,No
CUST05467,Female,0,No,No,3,One year,DSL,Yes,Mailed check,Yes,90.94,196.59,No
CUST05468,Female,0,Yes,No,69,One year,Fiber optic,Yes,Electronic check,No,82.67,5746.57,No
CUST05469,Male,0,Yes,No,57,Month-to-month,Fiber optic,Yes,Electronic check,Yes,80.91,4495.22,No
CUST05470,Male,0,No,No,3,One year,No,Yes,Credit card,No,18.6,184.6,No
CUST05471,Male,0,No,No,49,Month-to-month,No,Yes,Electronic check,Yes,23.62,1195.61,No
CUST05472,Female,0,No,Yes,4,Month-to-month,No,Yes,Mailed check,No,23.92,58.8,No
CUST05473,Female,0,No,No,44,Two year,Fiber optic,No,Mailed check,Yes,85.06,3772.1,No
CUST05474,Female,0,Yes,No,34,Two year,No,Yes,Mailed check,Yes,29.1,940.21,No
CUST05475,Female,1,Yes,No,26,Two year,DSL,Yes,Bank transfer,Yes,71.79,1848.38,No
CUST05476,Male,0,Yes,Yes,1,One year,DSL,Yes,Electronic check,No,58.76,140.53,No
CUST05477,Male,0,Yes,Yes,53,Month-to-month,Fiber optic,Yes,Credit card,No,85.68,4589.79,No
CUST05478,Female,0,No,No,71,Month-to-month,Fiber optic,Yes,Mailed check,Yes,78.61,5690.26,No
CUST05479,Female,0,Yes,Yes,47,Month-to-month,Fiber optic,Yes,Mailed check,No,85.64,4085.08,No
CUST05480,Female,0,No,No,48,One year,Fiber optic,Yes,Mailed check,No,60.9,2954.24,Yes
CUST05481,Male,0,Yes,No,0,Month-to-month,DSL,Yes,Mailed check,No,40.8,0.0,No
CUST05482,Male,0,Yes,Yes,32,One year,DSL,Yes,Electronic check,Yes,73.85,2304.43,No
CUST05483,Male,1,No,No,34,Two year,No,Yes,Mailed check,Yes,33.87,1126.15,No
CUST05484,Female,0,Yes,No,53,Month-to-month,DSL,Yes,Mailed check,Yes,76.62,3845.42,No
CUST05485,Female,0,No,Yes,55,Month-to-month,Fiber optic,Yes,Mailed check,No,74.12,4050.81,No
CUST05486,Male,0,No,No,14,Month-to-month,No,Yes,Electronic check,No,38.11,539.42,No
CUST05487,Female,0,No,Yes,68,Month-to-month,DSL,Yes,Electronic check,Yes,64.98,4464.34,No
CUST05488,Male,0,Yes,Yes,3,Month-to-month,DSL,Yes,Bank transfer,Yes,62.8,61.57,Yes
CUST05489,Female,0,No,Yes,63,One year,Fiber optic,Yes,Mailed check,Yes,68.9,4273.46,No
CUST05490,Male,1,Yes,No,21,One year,DSL,Yes,Bank transfer,No,68.26,1412.79,Yes
CUST05491,Female,0,No,No,23,Two year,Fiber optic,Yes,Electronic check,Yes,74.09,1857.38,Yes
CUST05492,Male,0,Yes,No,46,Month-to-month,Fiber optic,No,Bank transfer,No,116.77,5475.11,No
CUST05493,Male,1,Yes,Yes,5,One year,Fiber optic,Yes,Electronic check,Yes,82.76,368.46,Yes
CUST05494,Male,0,No,No,26,One year,No,Yes,Bank transfer,Yes,24.52,699.74,No
CUST05495,Male,0,Yes,No,9,Month-to-month,No,Yes,Electronic check,No,26.36,151.04,Yes
CUST05496,Male,0,No,No,38,Month-to-month,No,Yes,Electronic check,Yes,18.0,568.26,No
CUST05497,Male,0,Yes,Yes,36,One year,Fiber optic,Yes,Electronic check,No,55.71,1951.06,No
CUST05498,Female,0,No,Yes,53,Month-to-month,Fiber optic,Yes,Bank transfer,No,76.33,4042.57,No
CUST05499,Female,0,No,No,50,Two year,Fiber optic,Yes,Mailed check,Yes,93.34,4672.0,No
CUST05500,Female,0,Yes,Yes,59,Month-to-month,DSL,Yes,Electronic check,Yes,58.1,3550.74,No
CUST05501,Male,0,No,Yes,71,Month-to-month,Fiber optic,Yes,Mailed check,No,97.39,6799.89,No
CUST05502,Male,0,No,No,50,Month-to-month,DSL,Yes,Electronic check,Yes,62.59,3228.68,No
CUST05503,Female,0,No,No,61,Month-to-month,DSL,Yes,Credit card,Yes,64.21,4057.05,No
CUST05504,Male,1,Yes,No,48,Month-to-month,Fiber optic,Yes,Credit card,No,106.81,5248.67,No
CUST05505,Male,0,No,Yes,50,Month-to-month,DSL,Yes,Credit card,Yes,88.4,4554.18,No
CUST05506,Male,0,Yes,No,27,Month-to-month,No,Yes,Credit card,Yes,30.63,788.25,Yes
CUST05507,Male,0,Yes,No,35,Month-to-month,Fiber optic,Yes,Credit card,Yes,68.73,2482.04,No
CUST05508,Male,0,Yes,No,24,Month-to-month,No,Yes,Credit card,No,32.12,884.71,Yes
CUST05509,Female,0,No,Yes,35,Month-to-month,Fiber optic,Yes,Electronic check,Yes,86.39,3047.08,No
CUST05510,Female,0,No,No,59,One year,DSL,Yes,Electronic check,Yes,73.4,4317.66,No
CUST05511,Female,0,Yes,No,6,One year,Fiber optic,Yes,Credit card,Yes,76.68,350.28,Yes
CUST05512,Female,0,No,No,64,Month-to-month,Fiber optic,Yes,Mailed check,No,63.73,4258.51,No
CUST05513,Female,0,No,No,72,Month-to-month,DSL,No,Credit card,No,75.37,5340.05,No
CUST05514,Male,0,Yes,Yes,35,Two year,DSL,No,Credit card,Yes,78.3,2850.95,Yes
CUST05515,Male,0,No,Yes,72,Two year,Fiber optic,Yes,Credit card,Yes,101.29,7234.18,No
CUST05516,Male,0,Yes,Yes,29,Two year,DSL,Yes,Electronic check,Yes,81.4,2445.08,No
CUST05517,Male,0,Yes,No,46,Month-to-month,Fiber optic,No,Electronic check,Yes,96.83,4388.7,No
CUST05518,Female,0,Yes,No,28,Month-to-month,DSL,Yes,Bank transfer,No,59.5,1675.02,Yes
CUST05519,Female,1,No,No,4,One year,No,Yes,Mailed check,Yes,31.15,170.49,No
CUST05520,Female,0,No,Yes,64,Month-to-month,Fiber optic,Yes,Credit card,No,84.3,5440.4,Yes
CUST05521,Male,0,Yes,No,68,Month-to-month,No,Yes,Credit card,Yes,19.8,1227.95,No
CUST05522,Female,0,Yes,Yes,62,Month-to-month,DSL,Yes,Credit card,Yes,70.99,4330.98,No
CUST05523,Male,0,No,No,55,Month-to-month,Fiber optic,Yes,Mailed check,Yes,75.33,4101.27,Yes
CUST05524,Female,0,No,Yes,16,Month-to-month,DSL,No,Mailed check,Yes,44.97,768.78,No
CUST05525,Female,0,No,No,50,One year,Fiber optic,Yes,Credit card,Yes,59.25,3050.99,No
CUST05526,Male,0,No,No,36,One year,DSL,Yes,Mailed check,No,90.0,3174.45,No
CUST05527,Male,0,No,No,8,Month-to-month,No,Yes,Credit card,No,24.51,171.83,Yes
CUST05528,Female,1,No,No,37,Month-to-month,Fiber optic,Yes,Electronic check,No,77.46,2692.89,No
CUST05529,Female,1,No,Yes,52,One year,DSL,Yes,Mailed check,Yes,84.48,4359.03,No
CUST05530,Male,0,Yes,No,12,Month-to-month,Fiber optic,No,Credit card,No,69.84,920.66,No
CUST05531,Female,0,No,No,52,One year,Fiber optic,No,Electronic check,No,91.75,4803.09,No
CUST05532,Female,0,Yes,No,48,One year,DSL,Yes,Mailed check,No,59.34,2769.55,No
CUST05533,Male,1,Yes,Yes,69,Month-to-month,Fiber optic,Yes,Electronic check,Yes,89.33,6185.74,No
CUST05534,Female,0,Yes,No,34,Month-to-month,Fiber optic,Yes,Electronic check,No,70.05,2293.73,No
CUST05535,Male,0,No,Yes,15,One year,DSL,Yes,Electronic check,Yes,55.76,774.31,No
CUST05536,Female,1,No,No,12,Month-to-month,Fiber optic,No,Bank transfer,Yes,91.65,1218.9,No
CUST05537,Male,0,No,Yes,10,Month-to-month,DSL,Yes,Bank transfer,Yes,40.88,409.98,Yes
CUST05538,Female,0,Yes,No,1,Month-to-month,Fiber optic,Yes,Mailed check,Yes,62.07,56.28,No
CUST05539,Male,0,No,No,18,Two year,Fiber optic,Yes,Bank transfer,No,100.49,1852.76,No
CUST05540,Female,1,Yes,Yes,44,Two year,DSL,Yes,Mailed check,Yes,67.71,3024.74,No
CUST05541,Male,0,No,No,45,One year,DSL,Yes,Mailed check,Yes,93.33,4228.92,No
CUST05542,Female,0,Yes,No,46,Month-to-month,Fiber optic,Yes,Bank transfer,Yes,81.28,3809.4,No
CUST05543,Female,0,No,Yes,48,Month-to-month,Fiber optic,Yes,Bank transfer,Yes,78.76,3607.36,No
CUST05544,Female,0,No,Yes,41,Month-to-month,DSL,Yes,Credit card,Yes,75.74,3127.48,No
CUST05545,Female,0,No,No,32,Month-to-month,DSL,Yes,Bank transfer,No,65.98,2192.67,No
CUST05546,Female,0,No,No,40,Month-to-month,DSL,Yes,Bank transfer,No,62.96,2549.93,Yes
CUST05547,Female,1,No,No,68,One year,Fiber optic,Yes,Mailed check,No,84.23,5628.22,No
CUST05548,Female,0,Yes,No,18,Month-to-month,DSL,Yes,Electronic check,No,65.25,1195.09,No
CUST05549,Female,1,No,No,38,Two year,Fiber optic,Yes,Electronic check,No,46.44,1802.63,No
CUST05550,Female,0,Yes,Yes,6,Month-to-month,DSL,Yes,Credit card,Yes,61.81,352.84,Yes
CUST05551,Male,0,Yes,No,38,One year,Fiber optic,Yes,Bank transfer,Yes,92.16,3578.77,No
CUST05552,Male,0,Yes,No,33,Two year,DSL,Yes,Bank transfer,Yes,59.74,1906.63,No
CUST05553,Female,0,No,No,43,Month-to-month,Fiber optic,Yes,Electronic check,Yes,53.09,2271.41,Yes
CUST05554,Male,0,Yes,No,68,Month-to-month,Fiber optic,Yes,Credit card,Yes,90.31,6233.61,No
CUST05555,Female,0,Yes,No,67,Month-to-month,Fiber optic,Yes,Electronic check,Yes,50.68,3356.3,No
CUST05556,Female,0,No,Yes,62,Two year,DSL,Yes,Credit card,Yes,74.07,4559.65,No
CUST05557,Male,0,No,No,70,Month-to-month,No,Yes,Electronic check,No,31.08,2098.44,No
CUST05558,Female,1,Yes,No,47,Month-to-month,DSL,Yes,Mailed check,Yes,73.23,3395.62,No
CUST05559,Female,0,No,No,2,Two year,DSL,Yes,Mailed check,No,73.42,116.29,Yes
CUST05560,Male,0,Yes,Yes,33,One year,DSL,Yes,Bank transfer,No,55.58,1828.98,No
CUST05561,Male,0,No,No,8,Month-to-month,No,Yes,Mailed check,Yes,32.27,294.95,No
CUST05562,Female,0,No,No,60,Month-to-month,DSL,Yes,Electronic check,No,50.35,3127.28,No
CUST05563,Male,0,No,Yes,19,Month-to-month,Fiber optic,Yes,Electronic check,No,95.45,1821.82,Yes
CUST05564,Male,0,No,Yes,39,Month-to-month,DSL,Yes,Bank transfer,No,61.29,2448.14,Yes
CUST05565,Female,0,Yes,No,11,Month-to-month,Fiber optic,Yes,Mailed check,No,67.91,727.8,Yes
CUST05566,Male,1,Yes,Yes,27,Month-to-month,Fiber optic,Yes,Mailed check,No,77.91,2105.52,Yes
CUST05567,Male,0,No,No,47,One year,Fiber optic,Yes,Electronic check,Yes,67.48,3133.73,Yes
CUST05568,Female,0,Yes,No,6,Month-to-month,No,Yes,Credit card,Yes,25.87,130.63,No
CUST05569,Male,0,No,No,13,Month-to-month,Fiber optic,Yes,Credit card,Yes,76.75,997.18,Yes
CUST05570,Male,0,Yes,No,18,Two year,No,Yes,Credit card,Yes,18.0,312.0,No
CUST05571,Female,0,Yes,No,53,Month-to-month,Fiber optic,Yes,Electronic check,Yes,79.28,4177.16,No
CUST05572,Female,0,No,No,59,Month-to-month,Fiber optic,Yes,Credit card,Yes,67.7,3884.51,No
CUST05573,Female,1,Yes,No,66,Two year,DSL,Yes,Credit card,No,46.45,3093.67,No
CUST05574,Male,0,Yes,No,33,Two year,Fiber optic,Yes,Bank transfer,Yes,84.31,2759.21,Yes
CUST05575,Female,0,Yes,No,40,Month-to-month,Fiber optic,Yes,Electronic check,No,69.68,2767.22,No
CUST05576,Female,1,No,No,30,One year,Fiber optic,Yes,Bank transfer,Yes,80.93,2436.99,No
CUST05577,Male,0,Yes,No,38,One year,No,Yes,Mailed check,Yes,21.61,881.29,No
CUST05578,Female,0,Yes,No,51,One year,DSL,Yes,Bank transfer,Yes,57.98,2882.81,No
CUST05579,Female,0,Yes,No,46,Two year,Fiber optic,Yes,Electronic check,Yes,75.87,3472.5,No
CUST05580,Female,0,Yes,No,19,One year,Fiber optic,Yes,Bank transfer,No,85.09,1392.17,Yes
CUST05581,Female,0,Yes,No,51,Two year,DSL,Yes,Mailed check,No,78.76,4054.93,No
CUST05582,Male,0,No,No,70,Two year,Fiber optic,Yes,Bank transfer,Yes,90.9,6483.98,No
CUST05583,Female,0,No,No,61,Month-to-month,Fiber optic,Yes,Bank transfer,No,69.76,4326.82,No
CUST05584,Female,0,Yes,Yes,4,Two year,No,Yes,Mailed check,No,18.0,0.0,No
CUST05585,Male,1,No,No,56,Month-to-month,Fiber optic,Yes,Electronic check,Yes,91.59,5090.65,No
CUST05586,Female,0,No,No,3,One year,No,Yes,Electronic check,Yes,31.14,105.39,Yes
CUST05587,Male,0,Yes,Yes,10,Two year,Fiber optic,Yes,Bank transfer,Yes,94.26,731.06,No
CUST05588,Male,0,Yes,No,18,Month-to-month,Fiber optic,Yes,Bank transfer,Yes,71.66,1248.42,No
CUST05589,Male,0,No,Yes,26,Month-to-month,Fiber optic,Yes,Mailed check,No,98.06,2546.56,No
CUST05590,Female,0,No,No,28,Two year,DSL,Yes,Mailed check,No,66.76,1821.38,No
CUST05591,Male,0,Yes,No,17,Month-to-month,Fiber optic,Yes,Bank transfer,No,86.82,1565.81,No
CUST05592,Male,0,Yes,Yes,36,Month-to-month,Fiber optic,Yes,Electronic check,No,93.3,3282.46,No
CUST05593,Male,0,Yes,Yes,60,One year,No,Yes,Credit card,No,25.63,1482.63,No
CUST05594,Female,0,Yes,No,46,Month-to-month,Fiber optic,Yes,Bank transfer,Yes,107.5,5084.26,No
CUST05595,Female,0,No,Yes,19,Two year,Fiber optic,Yes,Bank transfer,No,103.8,2101.76,No
CUST05596,Female,0,No,Yes,69,Month-to-month,DSL,Yes,Electronic check,Yes,72.73,5166.08,No
CUST05597,Female,0,No,Yes,48,Two year,Fiber optic,Yes,Bank transfer,Yes,89.72,4247.42,No
CUST05598,Female,0,Yes,Yes,14,Two year,No,Yes,Electronic check,Yes,19.37,253.99,No
CUST05599,Female,0,Yes,Yes,17,One year,DSL,Yes,Mailed check,Yes,43.61,607.64,No
CUST05600,Female,0,Yes,No,37,One year,DSL,No,Mailed check,Yes,78.23,2836.75,No
CUST05601,Male,0,No,No,21,Month-to-month,Fiber optic,Yes,Mailed check,Yes,75.18,1622.21,No
CUST05602,Male,1,No,Yes,59,Month-to-month,DSL,Yes,Credit card,No,49.25,2873.83,No
CUST05603,Male,1,Yes,Yes,65,Month-to-month,Fiber optic,Yes,Electronic check,Yes,78.21,5182.2,No
CUST05604,Male,1,Yes,No,25,Two year,Fiber optic,No,Electronic check,Yes,112.86,2825.77,No
CUST05605,Female,0,No,Yes,63,One year,Fiber optic,Yes,Electronic check,Yes,70.51,4438.25,No
CUST05606,Male,0,No,No,57,Two year,DSL,No,Credit card,Yes,76.67,4299.61,No
CUST05607,Male,0,Yes,Yes,2,Month-to-month,No,Yes,Electronic check,No,24.2,109.05,No
CUST05608,Male,1,Yes,Yes,29,Month-to-month,DSL,Yes,Credit card,Yes,70.1,1957.95,No
CUST05609,Male,0,Yes,Yes,18,Month-to-month,DSL,Yes,Credit card,Yes,32.19,615.41,No
CUST05610,Female,0,No,Yes,9,Month-to-month,Fiber optic,Yes,Credit card,No,53.4,484.05,No
CUST05611,Female,0,No,No,45,Two year,DSL,Yes,Credit card,No,78.06,3546.47,No
CUST05612,Female,0,No,Yes,18,One year,Fiber optic,Yes,Electronic check,Yes,63.18,1253.33,Yes
CUST05613,Male,0,No,No,57,Two year,Fiber optic,No,Bank transfer,No,90.29,5250.28,No
CUST05614,Female,0,No,No,5,Two year,DSL,Yes,Mailed check,No,46.18,230.67,No
CUST05615,Male,0,Yes,No,50,Month-to-month,Fiber optic,No,Bank transfer,No,71.04,3585.19,No
CUST05616,Female,0,Yes,Yes,13,Month-to-month,DSL,Yes,Mailed check,Yes,53.59,798.02,No
CUST05617,Female,0,Yes,Yes,57,Month-to-month,Fiber optic,Yes,Mailed check,No,108.19,6089.24,No
CUST05618,Female,0,Yes,No,7,Month-to-month,Fiber optic,Yes,Credit card,No,74.24,568.8,No
CUST05619,Female,1,No,Yes,1,Month-to-month,DSL,Yes,Mailed check,No,67.1,146.73,No
CUST05620,Female,0,No,No,17,Month-to-month,DSL,Yes,Bank transfer,Yes,65.39,1180.19,No
CUST05621,Male,0,No,No,56,Two year,No,Yes,Bank transfer,No,26.31,1560.11,No
CUST05622,Female,0,Yes,No,34,One year,Fiber optic,Yes,Bank transfer,No,104.28,3581.17,No
CUST05623,Male,0,Yes,Yes,65,Month-to-month,No,No,Mailed check,No,43.34,2779.66,No
CUST05624,Male,0,Yes,No,55,Month-to-month,Fiber optic,Yes,Electronic check,Yes,96.89,5219.17,No
CUST05625,Male,0,No,No,42,Month-to-month,Fiber optic,No,Credit card,Yes,62.91,2769.4,No
CUST05626,Male,0,Yes,No,72,One year,Fiber optic,Yes,Electronic check,Yes,72.62,5303.32,No
CUST05627,Male,0,Yes,Yes,71,Month-to-month,Fiber optic,Yes,Electronic check,No,73.1,5225.23,No
CUST05628,Female,0,Yes,No,7,Two year,Fiber optic,Yes,Electronic check,Yes,73.72,484.27,No
CUST05629,Female,0,No,No,4,Month-to-month,No,Yes,Credit card,No,20.17,149.93,No
CUST05630,Female,0,No,No,12,Two year,DSL,Yes,Electronic check,Yes,67.94,792.6,No
CUST05631,Female,0,No,No,6,One year,Fiber optic,Yes,Electronic check,Yes,125.0,718.7,No
CUST05632,Male,0,No,No,20,Month-to-month,Fiber optic,Yes,Electronic check,No,78.38,1597.82,Yes
CUST05633,Female,0,No,Yes,36,Two year,Fiber optic,Yes,Electronic check,Yes,96.21,3659.19,No
CUST05634,Female,0,Yes,No,44,Month-to-month,Fiber optic,Yes,Mailed check,Yes,93.88,3976.27,Yes
CUST05635,Male,0,Yes,No,51,Month-to-month,No,Yes,Credit card,Yes,30.93,1572.93,No
CUST05636,Male,0,No,Yes,47,Month-to-month,No,Yes,Mailed check,Yes,18.0,828.72,Yes
CUST05637,Female,0,No,No,61,Two year,DSL,Yes,Electronic check,Yes,67.09,4055.64,No
CUST05638,Female,0,Yes,No,50,Month-to-month,Fiber optic,Yes,Credit card,Yes,85.75,4363.69,No
CUST05639,Male,0,Yes,Yes,3,Month-to-month,Fiber optic,Yes,Mailed check,No,61.12,303.22,Yes
CUST05640,Female,0,No,Yes,55,Month-to-month,Fiber optic,Yes,Electronic check,No,89.27,4983.12,No
CUST05641,Female,1,Yes,No,33,One year,DSL,Yes,Credit card,No,62.94,2016.83,Yes
CUST05642,Female,0,No,No,44,Month-to-month,DSL,Yes,Electronic check,Yes,56.82,2551.92,No
CUST05643,Female,0,Yes,No,15,Month-to-month,No,Yes,Electronic check,No,29.11,488.53,Yes
CUST05644,Male,0,Yes,Yes,8,Month-to-month,Fiber optic,Yes,Bank transfer,No,60.79,465.03,Yes
CUST05645,Male,0,Yes,Yes,15,Month-to-month,Fiber optic,Yes,Electronic check,Yes,68.11,1023.15,No
CUST05646,Male,0,No,No,30,One year,Fiber optic,Yes,Electronic check,Yes,87.97,2756.19,Yes
CUST05647,Female,0,No,No,12,Month-to-month,DSL,Yes,Mailed check,Yes,62.9,599.79,No
CUST05648,Female,0,Yes,Yes,4,Two year,Fiber optic,Yes,Mailed check,Yes,64.81,403.58,No
CUST05649,Female,0,No,No,46,One year,Fiber optic,Yes,Credit card,No,97.1,4420.24,Yes
CUST05650,Female,0,Yes,No,38,Month-to-month,Fiber optic,No,Bank transfer,No,72.12,2732.45,No
CUST05651,Female,0,Yes,Yes,17,Month-to-month,DSL,Yes,Electronic check,No,65.78,1113.17,Yes
CUST05652,Male,0,No,Yes,19,Two year,No,Yes,Electronic check,Yes,40.0,717.68,No
CUST05653,Female,0,Yes,Yes,1,Month-to-month,DSL,Yes,Bank transfer,No,79.65,19.43,No
CUST05654,Female,0,No,No,39,Month-to-month,DSL,Yes,Bank transfer,Yes,59.21,2316.0,No
CUST05655,Male,0,No,Yes,29,One year,Fiber optic,Yes,Mailed check,No,99.13,2744.44,Yes
CUST05656,Female,0,No,No,9,Month-to-month,Fiber optic,Yes,Credit card,No,84.85,741.49,No
CUST05657,Male,1,No,No,63,One year,Fiber optic,Yes,Credit card,Yes,86.95,5539.34,Yes
CUST05658,Male,0,No,No,41,One year,Fiber optic,Yes,Bank transfer,Yes,67.79,2780.31,No
CUST05659,Male,0,Yes,Yes,52,Month-to-month,Fiber optic,Yes,Mailed check,Yes,58.33,3004.4,No
CUST05660,Male,0,Yes,No,52,Month-to-month,DSL,Yes,Bank transfer,No,64.18,3360.13,No
CUST05661,Male,0,Yes,No,39,Two year,No,Yes,Bank transfer,Yes,23.81,1034.51,No
CUST05662,Female,0,No,No,15,Month-to-month,DSL,Yes,Electronic check,No,77.01,1242.72,Yes
CUST05663,Male,0,Yes,No,47,Month-to-month,DSL,Yes,Mailed check,No,75.99,3453.25,No
CUST05664,Male,0,Yes,No,60,Two year,DSL,Yes,Mailed check,Yes,80.58,4903.04,No
CUST05665,Female,1,No,No,37,Month-to-month,Fiber optic,Yes,Credit card,Yes,94.36,3501.62,No
CUST05666,Female,0,No,Yes,43,Two year,DSL,Yes,Electronic check,No,79.32,3341.07,No
CUST05667,Male,0,No,No,14,Month-to-month,DSL,Yes,Credit card,Yes,54.23,744.05,Yes
CUST05668,Female,1,No,No,60,Month-to-month,Fiber optic,Yes,Bank transfer,No,74.64,4467.16,Yes
CUST05669,Female,0,Yes,No,6,Month-to-month,DSL,Yes,Electronic check,Yes,76.13,400.62,Yes
CUST05670,Male,0,No,Yes,29,Two year,DSL,Yes,Credit card,Yes,73.77,2222.21,No
CUST05671,Male,0,Yes,Yes,35,Two year,DSL,Yes,Electronic check,No,67.035,3084.51,No
CUST05672,Female,1,Yes,No,10,Month-to-month,No,Yes,Electronic check,No,26.53,217.48,No
CUST05673,Male,0,No,Yes,69,Month-to-month,No,Yes,Bank transfer,No,18.0,1171.2,No
CUST05674,Male,0,No,No,28,Month-to-month,DSL,Yes,Credit card,Yes,50.59,1418.23,No
CUST05675,Female,0,No,No,5,Month-to-month,Fiber optic,Yes,Electronic check,Yes,103.35,600.55,No
CUST05676,Male,0,No,No,50,Month-to-month,No,Yes,Credit card,Yes,33.91,1535.96,No
CUST05677,Male,0,No,Yes,37,Two year,DSL,Yes,Electronic check,Yes,86.39,3201.62,No
CUST05678,Male,0,Yes,Yes,72,Two year,No,No,Mailed check,No,23.59,1754.59,No
CUST05679,Male,0,No,No,21,Two year,No,Yes,Electronic check,Yes,38.71,778.79,No
CUST05680,Male,1,No,No,53,Month-to-month,DSL,No,Electronic check,No,64.99,3485.84,No
CUST05681,Female,0,No,No,39,Two year,DSL,Yes,Credit card,No,51.61,2006.47,No
CUST05682,Female,1,Yes,No,6,Two year,No,Yes,Credit card,No,27.49,223.81,No
CUST05683,Male,0,Yes,No,39,Month-to-month,DSL,Yes,Bank transfer,No,72.65,2931.43,No
CUST05684,Female,0,No,Yes,23,Two year,DSL,Yes,Credit card,No,60.43,1412.26,No
CUST05685,Male,0,Yes,No,40,Month-to-month,Fiber optic,Yes,Mailed check,Yes,63.12,2591.27,No
CUST05686,Male,0,No,Yes,50,Month-to-month,DSL,Yes,Bank transfer,No,56.73,2688.63,No
CUST05687,Male,1,Yes,Yes,38,Month-to-month,No,Yes,Electronic check,Yes,30.6,1077.44,Yes
CUST05688,Male,0,Yes,No,42,Month-to-month,DSL,No,Mailed check,No,53.7,2250.47,No
CUST05689,Male,0,No,No,68,Month-to-month,DSL,Yes,Mailed check,No,54.47,3612.33,No
CUST05690,Female,0,Yes,No,58,Two year,No,Yes,Bank transfer,Yes,22.85,1291.02,No
CUST05691,Female,0,No,No,24,One year,No,Yes,Electronic check,No,23.42,589.47,No
CUST05692,Male,0,Yes,Yes,24,One year,No,Yes,Credit card,Yes,18.68,444.15,No
CUST05693,Female,0,Yes,No,72,Month-to-month,Fiber optic,Yes,Bank transfer,No,106.85,7737.56,No
CUST05694,Male,0,Yes,No,23,Month-to-month,No,Yes,Mailed check,No,21.57,580.61,No
CUST05695,Female,0,No,Yes,61,Month-to-month,Fiber optic,Yes,Electronic check,Yes,101.03,6206.92,Yes
CUST05696,Male,0,Yes,No,42,Month-to-month,No,Yes,Bank transfer,Yes,20.21,853.09,No
CUST05697,Female,0,No,No,58,One year,Fiber optic,Yes,Bank transfer,No,79.49,4566.69,No
CUST05698,Male,0,No,No,53,One year,No,No,Bank transfer,No,30.15,1709.95,No
CUST05699,Male,0,No,No,25,Month-to-month,Fiber optic,Yes,Bank transfer,No,90.5,2268.22,No
CUST05700,Female,0,No,No,53,Two year,DSL,Yes,Mailed check,Yes,73.12,3731.82,No
CUST05701,Female,0,Yes,No,60,Month-to-month,DSL,Yes,Credit card,Yes,38.88,2404.88,No
CUST05702,Male,0,Yes,No,43,Month-to-month,No,Yes,Electronic check,Yes,18.0,820.47,Yes
CUST05703,Female,0,No,No,8,Two year,No,Yes,Bank transfer,Yes,39.66,325.55,No
CUST05704,Male,0,Yes,No,41,Two year,DSL,No,Mailed check,Yes,68.21,2824.2,No
CUST05705,Female,0,No,No,28,Month-to-month,Fiber optic,No,Credit card,Yes,101.88,2786.23,Yes
CUST05706,Female,0,No,Yes,57,Month-to-month,No,No,Bank transfer,No,35.93,2011.46,Yes
CUST05707,Male,0,Yes,No,62,Month-to-month,DSL,Yes,Credit card,No,82.01,5043.56,No
CUST05708,Female,0,No,No,48,Month-to-month,DSL,Yes,Credit card,Yes,64.51,3212.06,No
CUST05709,Female,0,No,Yes,10,One year,Fiber optic,Yes,Electronic check,Yes,67.58,638.19,No
CUST05710,Male,0,Yes,No,53,Month-to-month,DSL,Yes,Mailed check,Yes,71.21,3696.67,No
CUST05711,Female,0,No,Yes,29,One year,Fiber optic,Yes,Credit card,No,86.15,2531.26,No
CUST05712,Male,0,Yes,Yes,65,Month-to-month,DSL,Yes,Credit card,No,84.59,5374.06,Yes
CUST05713,Male,0,No,No,64,Two year,Fiber optic,Yes,Electronic check,Yes,88.91,5660.85,No
CUST05714,Male,0,No,No,57,One year,DSL,Yes,Mailed check,Yes,57.15,3309.07,No
CUST05715,Male,0,No,No,56,One year,DSL,Yes,Electronic check,Yes,65.52,3648.92,No
CUST05716,Male,0,No,Yes,36,One year,DSL,Yes,Credit card,Yes,90.42,3202.03,No
CUST05717,Female,0,No,No,53,Two year,DSL,No,Electronic check,Yes,78.18,4034.9,No
CUST05718,Male,0,No,Yes,72,Two year,DSL,Yes,Electronic check,No,71.57,5090.65,No
CUST05719,Male,0,No,No,68,One year,DSL,Yes,Mailed check,Yes,71.78,4883.59,No
CUST05720,Female,0,No,No,23,One year,Fiber optic,Yes,Electronic check,Yes,93.36,2140.0,Yes
CUST05721,Female,1,No,No,62,One year,DSL,Yes,Credit card,Yes,71.71,4525.28,No
CUST05722,Female,0,No,Yes,50,Month-to-month,DSL,Yes,Electronic check,Yes,46.25,2283.96,No
CUST05723,Male,0,No,No,14,Month-to-month,Fiber optic,Yes,Mailed check,Yes,72.17,832.94,Yes
CUST05724,Male,0,No,No,46,Month-to-month,No,Yes,Electronic check,Yes,48.4,2307.0,No
CUST05725,Male,0,No,Yes,72,One year,Fiber optic,Yes,Credit card,Yes,81.95,6027.05,No
CUST05726,Female,0,Yes,Yes,45,Month-to-month,Fiber optic,Yes,Mailed check,Yes,81.54,3530.67,No
CUST05727,Male,0,No,No,29,Month-to-month,No,Yes,Electronic check,No,20.08,637.33,No
CUST05728,Female,0,No,No,19,Month-to-month,DSL,Yes,Electronic check,No,50.08,1093.88,Yes
CUST05729,Male,0,No,No,56,Month-to-month,Fiber optic,Yes,Bank transfer,Yes,98.43,5465.03,No
CUST05730,Female,0,Yes,Yes,48,Two year,Fiber optic,Yes,Credit card,Yes,87.07,4213.23,Yes
CUST05731,Male,0,No,No,55,Month-to-month,DSL,Yes,Credit card,Yes,76.05,4221.5,Yes
CUST05732,Male,1,Yes,No,55,Two year,Fiber optic,No,Credit card,No,92.47,5065.87,No
CUST05733,Male,0,Yes,No,24,One year,Fiber optic,Yes,Mailed check,No,110.82,2793.27,No
CUST05734,Female,0,No,No,8,Month-to-month,No,No,Credit card,Yes,23.25,112.92,Yes
CUST05735,Female,0,No,No,21,One year,No,Yes,Mailed check,Yes,35.1,951.58,No
CUST05736,Male,0,Yes,No,36,Month-to-month,DSL,Yes,Mailed check,Yes,71.52,2766.6,No
CUST05737,Male,1,No,No,27,Month-to-month,DSL,Yes,Mailed check,No,67.62,1844.2,No
CUST05738,Male,0,Yes,No,13,Month-to-month,DSL,Yes,Electronic check,No,68.31,1122.43,No
CUST05739,Female,0,Yes,Yes,29,Two year,DSL,Yes,Electronic check,No,52.99,1507.63,No
CUST05740,Male,0,Yes,No,38,Two year,Fiber optic,Yes,Credit card,Yes,112.64,4180.89,No
CUST05741,Male,0,No,Yes,56,Two year,DSL,Yes,Credit card,Yes,43.92,2530.02,No
CUST05742,Male,0,Yes,No,4,Two year,No,Yes,Electronic check,Yes,26.97,172.39,Yes
CUST05743,Male,0,Yes,No,11,Month-to-month,DSL,Yes,Electronic check,Yes,37.03,395.52,No
CUST05744,Female,0,No,No,34,Month-to-month,DSL,Yes,Credit card,Yes,79.35,2830.24,No
CUST05745,Female,0,Yes,Yes,40,Two year,No,Yes,Electronic check,No,18.0,670.2,Yes
CUST05746,Male,0,No,Yes,62,One year,Fiber optic,No,Credit card,No,79.54,5058.87,No
CUST05747,Male,1,No,Yes,41,Month-to-month,Fiber optic,Yes,Credit card,Yes,70.89,2935.93,Yes
CUST05748,Female,0,No,Yes,64,Two year,Fiber optic,Yes,Credit card,Yes,76.97,4955.85,No
CUST05749,Female,0,Yes,No,64,Month-to-month,DSL,Yes,Credit card,No,59.47,3791.47,No
CUST05750,Male,0,No,No,42,One year,Fiber optic,Yes,Credit card,Yes,81.7,3495.21,No
CUST05751,Female,0,No,Yes,59,Month-to-month,Fiber optic,Yes,Credit card,No,81.05,4726.77,No
CUST05752,Female,0,Yes,Yes,19,One year,DSL,Yes,Credit card,Yes,65.24,1176.5,No
CUST05753,Male,0,Yes,No,62,One year,DSL,Yes,Bank transfer,Yes,68.9,4270.28,No
CUST05754,Female,0,No,No,23,Two year,No,No,Electronic check,No,20.29,468.53,No
CUST05755,Female,1,Yes,No,71,Month-to-month,Fiber optic,Yes,Bank transfer,Yes,64.15,4512.16,No
CUST05756,Male,0,No,Yes,34,One year,Fiber optic,Yes,Credit card,No,80.03,2716.51,No
CUST05757,Male,0,No,No,40,One year,Fiber optic,No,Credit card,Yes,85.38,3314.14,No
CUST05758,Female,1,Yes,No,15,One year,DSL,Yes,Bank transfer,Yes,75.94,1176.1,Yes
CUST05759,Male,1,Yes,Yes,5,Month-to-month,DSL,Yes,Bank transfer,Yes,53.65,83.52,Yes
CUST05760,Female,0,No,Yes,19,Two year,No,Yes,Credit card,Yes,18.0,374.09,No
CUST05761,Male,0,Yes,No,55,Month-to-month,Fiber optic,Yes,Electronic check,Yes,106.17,5813.81,No
CUST05762,Female,0,No,No,7,Month-to-month,DSL,Yes,Electronic check,Yes,56.75,400.12,No
CUST05763,Male,1,Yes,Yes,5,One year,Fiber optic,Yes,Electronic check,Yes,78.71,374.0,Yes
CUST05764,Female,1,No,No,7,Month-to-month,Fiber optic,Yes,Credit card,Yes,91.7,548.95,Yes
CUST05765,Female,0,No,Yes,61,Month-to-month,DSL,Yes,Electronic check,No,54.88,3298.02,No
CUST05766,Female,0,Yes,No,13,Month-to-month,Fiber optic,Yes,Electronic check,Yes,76.87,952.11,No
CUST05767,Male,0,Yes,No,2,Month-to-month,Fiber optic,Yes,Electronic check,Yes,74.36,106.01,No
CUST05768,Male,0,No,No,1,Month-to-month,DSL,Yes,Mailed check,No,63.8,134.97,No
CUST05769,Female,0,No,No,21,Month-to-month,No,No,Credit card,Yes,31.12,672.18,Yes
CUST05770,Female,1,Yes,No,69,Two year,No,Yes,Mailed check,No,29.51,1944.95,No
CUST05771,Male,0,No,Yes,70,Month-to-month,DSL,Yes,Electronic check,No,86.18,6004.77,No
CUST05772,Male,0,Yes,No,5,Month-to-month,DSL,Yes,Bank transfer,Yes,60.3,359.79,Yes
CUST05773,Male,0,No,No,49,Two year,Fiber optic,Yes,Bank transfer,No,66.0,3165.18,No
CUST05774,Male,0,No,No,43,Month-to-month,DSL,Yes,Mailed check,No,50.76,2359.12,No
CUST05775,Male,0,Yes,No,7,One year,No,Yes,Credit card,Yes,33.99,276.17,Yes
CUST05776,Male,0,Yes,No,23,Month-to-month,Fiber optic,Yes,Mailed check,Yes,88.41,2080.0,No
CUST05777,Female,0,Yes,No,26,One year,No,Yes,Bank transfer,Yes,40.08,1049.91,Yes
CUST05778,Male,0,No,Yes,52,One year,Fiber optic,No,Electronic check,Yes,86.35,4513.56,Yes
CUST05779,Female,0,Yes,No,50,Month-to-month,DSL,Yes,Mailed check,No,78.0,3841.33,No
CUST05780,Male,0,Yes,No,27,One year,Fiber optic,Yes,Electronic check,No,51.84,1386.86,Yes
CUST05781,Male,0,No,No,58,One year,Fiber optic,Yes,Mailed check,No,90.92,5257.21,No
CUST05782,Female,0,Yes,No,68,Month-to-month,No,Yes,Mailed check,Yes,32.91,2321.77,No
CUST05783,Female,0,No,No,72,One year,No,Yes,Electronic check,No,18.0,1418.78,No
CUST05784,Male,0,Yes,No,24,Month-to-month,Fiber optic,Yes,Credit card,No,80.53,2056.76,No
CUST05785,Female,0,Yes,No,43,One year,DSL,Yes,Mailed check,Yes,58.83,2523.3,No
CUST05786,Female,0,Yes,No,46,One year,Fiber optic,Yes,Credit card,No,75.24,3432.49,No
CUST05787,Female,1,No,No,12,Month-to-month,DSL,Yes,Bank transfer,Yes,45.58,559.4,No
CUST05788,Female,0,No,No,52,One year,DSL,Yes,Electronic check,Yes,68.64,3476.76,No
CUST05789,Male,0,No,Yes,52,Two year,DSL,Yes,Bank transfer,Yes,48.77,2662.68,No
CUST05790,Female,0,Yes,No,36,Month-to-month,DSL,No,Electronic check,Yes,57.97,2249.81,No
CUST05791,Male,0,Yes,No,62,Two year,No,Yes,Credit card,Yes,21.81,1152.07,No
CUST05792,Male,0,No,No,65,Month-to-month,DSL,Yes,Credit card,Yes,61.11,3922.56,No
CUST05793,Male,1,Yes,No,39,Two year,Fiber optic,No,Bank transfer,No,97.69,3652.62,No
CUST05794,Male,0,Yes,Yes,60,Month-to-month,Fiber optic,Yes,Credit card,Yes,79.49,4715.39,No
CUST05795,Female,0,Yes,No,5,Month-to-month,No,Yes,Electronic check,Yes,33.28,173.89,Yes
CUST05796,Female,0,No,No,24,Month-to-month,Fiber optic,Yes,Mailed check,Yes,61.73,1331.17,No
CUST05797,Male,1,No,No,45,Two year,Fiber optic,No,Mailed check,No,89.03,4078.65,No
CUST05798,Male,0,Yes,Yes,30,Month-to-month,Fiber optic,Yes,Electronic check,Yes,96.32,2763.72,Yes
CUST05799,Male,0,Yes,No,62,One year,No,Yes,Credit card,No,35.11,2343.54,No
CUST05800,Male,0,No,No,67,Two year,DSL,Yes,Mailed check,Yes,67.29,4486.88,No
CUST05801,Female,0,No,No,38,Month-to-month,Fiber optic,Yes,Mailed check,No,96.9,3759.35,No
CUST05802,Male,1,Yes,No,35,Month-to-month,No,Yes,Bank transfer,Yes,18.0,570.53,No
CUST05803,Female,0,No,No,6,One year,No,Yes,Electronic check,Yes,18.0,124.64,No
CUST05804,Male,0,Yes,No,65,Month-to-month,DSL,Yes,Credit card,Yes,66.47,4451.71,No
CUST05805,Male,1,Yes,No,54,Month-to-month,Fiber optic,Yes,Mailed check,No,87.47,4667.18,Yes
CUST05806,Male,1,Yes,Yes,71,One year,DSL,Yes,Electronic check,Yes,57.04,4054.31,No
CUST05807,Male,0,Yes,Yes,41,Month-to-month,Fiber optic,Yes,Electronic check,No,91.72,3798.49,No
CUST05808,Female,1,Yes,No,26,Month-to-month,Fiber optic,No,Electronic check,No,85.16,2125.02,No
CUST05809,Female,0,No,No,1,Month-to-month,DSL,Yes,Electronic check,Yes,51.52,0.0,No
CUST05810,Female,0,Yes,No,69,Month-to-month,No,Yes,Electronic check,No,30.98,2123.31,No
CUST05811,Male,1,Yes,No,3,Month-to-month,DSL,Yes,Credit card,No,67.43,202.24,Yes
CUST05812,Male,0,Yes,No,20,Month-to-month,No,Yes,Mailed check,Yes,32.94,729.94,No
CUST05813,Female,0,No,No,0,Month-to-month,No,Yes,Bank transfer,Yes,32.52,102.5,Yes
CUST05814,Female,0,No,No,37,One year,DSL,No,Electronic check,No,79.25,2819.6,Yes
CUST05815,Male,0,Yes,Yes,59,Two year,Fiber optic,Yes,Electronic check,Yes,68.06,3946.74,No
CUST05816,Male,0,Yes,No,13,Two year,DSL,Yes,Electronic check,No,77.12,956.93,No
CUST05817,Female,0,Yes,Yes,16,One year,DSL,Yes,Bank transfer,No,62.23,855.73,No
CUST05818,Male,0,Yes,No,72,Month-to-month,No,Yes,Mailed check,Yes,26.88,2018.29,No
CUST05819,Male,0,Yes,No,46,One year,DSL,Yes,Electronic check,Yes,71.83,3399.56,No
CUST05820,Female,0,No,Yes,55,Two year,Fiber optic,Yes,Bank transfer,No,39.86,2333.12,No
CUST05821,Male,1,No,No,52,Two year,No,Yes,Electronic check,No,33.61,1643.42,No
CUST05822,Female,0,No,No,17,One year,DSL,Yes,Mailed check,Yes,48.56,756.92,Yes
CUST05823,Male,0,Yes,No,68,Month-to-month,Fiber optic,Yes,Credit card,No,82.74,5616.54,No
CUST05824,Female,0,Yes,No,47,One year,Fiber optic,Yes,Electronic check,Yes,70.58,3433.26,No
CUST05825,Male,0,No,No,8,Month-to-month,Fiber optic,Yes,Credit card,Yes,107.84,792.4,No
CUST05826,Female,1,No,No,53,Two year,No,Yes,Credit card,Yes,30.43,1626.69,No
CUST05827,Female,0,Yes,No,34,Month-to-month,Fiber optic,Yes,Mailed check,No,70.97,2396.35,Yes
CUST05828,Female,0,No,No,45,Month-to-month,Fiber optic,Yes,Credit card,Yes,72.58,3228.1,No
CUST05829,Female,0,Yes,No,0,Month-to-month,No,No,Electronic check,Yes,32.77,18.98,No
CUST05830,Male,0,Yes,No,40,Month-to-month,No,Yes,Electronic check,Yes,24.56,958.65,No
CUST05831,Male,0,Yes,No,72,Month-to-month,Fiber optic,Yes,Electronic check,No,74.71,5349.72,Yes
CUST05832,Female,0,No,No,31,Month-to-month,Fiber optic,No,Mailed check,Yes,84.4,2656.36,Yes
CUST05833,Male,0,Yes,Yes,39,Month-to-month,Fiber optic,Yes,Electronic check,No,83.3,3268.5,No
CUST05834,Male,0,No,No,10,Month-to-month,No,Yes,Bank transfer,Yes,18.0,232.09,Yes
CUST05835,Male,0,Yes,No,61,Two year,Fiber optic,Yes,Electronic check,Yes,85.75,5199.2,No
CUST05836,Male,0,Yes,No,45,Month-to-month,DSL,No,Electronic check,No,64.22,2877.71,No
CUST05837,Male,0,No,No,47,Month-to-month,Fiber optic,No,Electronic check,No,87.88,4055.12,No
CUST05838,Female,0,Yes,Yes,42,Month-to-month,Fiber optic,Yes,Electronic check,Yes,74.89,3172.22,Yes
CUST05839,Female,0,Yes,No,50,Month-to-month,Fiber optic,Yes,Credit card,Yes,76.93,3870.96,No
CUST05840,Female,0,Yes,No,60,Two year,Fiber optic,Yes,Bank transfer,No,72.15,4295.41,No
CUST05841,Female,0,No,No,41,Month-to-month,Fiber optic,Yes,Bank transfer,Yes,92.41,3845.99,No
CUST05842,Male,0,No,Yes,25,Month-to-month,DSL,Yes,Mailed check,Yes,58.85,1381.44,No
CUST05843,Male,0,Yes,Yes,10,Month-to-month,DSL,Yes,Bank transfer,No,80.93,859.04,Yes
CUST05844,Female,0,Yes,No,24,Month-to-month,Fiber optic,Yes,Electronic check,Yes,115.11,2858.92,Yes
CUST05845,Male,0,No,Yes,39,One year,DSL,Yes,Electronic check,Yes,56.93,2218.66,No
CUST05846,Male,0,Yes,No,24,Month-to-month,No,Yes,Mailed check,No,43.75,976.48,No
CUST05847,Female,0,Yes,Yes,51,One year,DSL,Yes,Bank transfer,Yes,72.39,3674.93,No
CUST05848,Male,0,Yes,No,2,One year,Fiber optic,Yes,Electronic check,Yes,83.51,150.29,No
CUST05849,Female,0,No,No,38,One year,DSL,Yes,Bank transfer,Yes,81.0,3051.7,Yes
CUST05850,Female,0,Yes,No,34,Month-to-month,DSL,Yes,Credit card,No,67.89,2245.5,No
CUST05851,Male,1,No,No,39,One year,DSL,Yes,Mailed check,No,55.61,2212.84,No
CUST05852,Male,0,No,No,21,Month-to-month,Fiber optic,Yes,Mailed check,Yes,69.52,1437.48,No
CUST05853,Female,0,No,Yes,61,Month-to-month,Fiber optic,Yes,Electronic check,Yes,70.12,4308.6,No
CUST05854,Female,0,No,No,18,Month-to-month,DSL,Yes,Mailed check,Yes,73.02,1389.43,Yes
CUST05855,Male,0,Yes,No,13,Month-to-month,Fiber optic,Yes,Mailed check,Yes,74.99,947.89,No
CUST05856,Female,0,No,Yes,49,One year,Fiber optic,Yes,Credit card,No,71.15,3565.77,No
CUST05857,Female,1,No,Yes,61,One year,Fiber optic,No,Electronic check,Yes,73.69,4354.39,No
CUST05858,Female,0,No,Yes,42,Month-to-month,DSL,Yes,Electronic check,Yes,79.68,3326.96,No
CUST05859,Male,0,Yes,No,54,Month-to-month,No,Yes,Credit card,Yes,33.14,1627.85,No
CUST05860,Female,0,Yes,No,39,Two year,DSL,Yes,Bank transfer,No,65.8,2403.1,Yes
CUST05861,Male,1,No,Yes,11,Month-to-month,No,Yes,Bank transfer,No,29.45,125.97,No
CUST05862,Female,0,Yes,Yes,64,Month-to-month,DSL,Yes,Credit card,Yes,64.85,4261.67,No
CUST05863,Male,0,Yes,No,33,Month-to-month,Fiber optic,Yes,Electronic check,Yes,72.91,2339.47,No
CUST05864,Female,0,No,No,22,One year,Fiber optic,Yes,Mailed check,Yes,91.87,1950.27,Yes
CUST05865,Male,1,No,No,70,Month-to-month,Fiber optic,Yes,Electronic check,No,82.26,5727.6,No
CUST05866,Male,0,Yes,No,6,Month-to-month,Fiber optic,Yes,Bank transfer,Yes,71.46,304.06,Yes
CUST05867,Male,0,No,No,64,One year,DSL,Yes,Credit card,No,50.75,3302.7,No
CUST05868,Female,0,No,No,17,Month-to-month,Fiber optic,Yes,Electronic check,No,92.15,1607.44,Yes
CUST05869,Female,0,Yes,No,7,One year,DSL,Yes,Electronic check,Yes,60.1,419.65,No
CUST05870,Female,0,No,Yes,41,Two year,Fiber optic,Yes,Credit card,Yes,48.51,1970.6,No
CUST05871,Male,0,No,No,0,Month-to-month,No,Yes,Electronic check,No,18.0,0.0,No
CUST05872,Female,0,No,No,14,Two year,Fiber optic,Yes,Electronic check,Yes,86.63,1221.89,No
CUST05873,Male,0,No,No,27,Two year,Fiber optic,No,Electronic check,No,93.23,2485.41,No
CUST05874,Female,0,No,No,35,Month-to-month,DSL,Yes,Bank transfer,No,59.03,1933.63,No
CUST05875,Male,0,Yes,No,45,Two year,Fiber optic,Yes,Bank transfer,Yes,108.01,4908.42,No
CUST05876,Male,0,Yes,No,20,One year,DSL,Yes,Bank transfer,Yes,65.72,1319.92,No
CUST05877,Male,0,Yes,No,48,Two year,DSL,No,Bank transfer,Yes,78.37,3592.0,No
CUST05878,Female,0,No,No,38,One year,DSL,Yes,Credit card,Yes,42.33,1528.06,No
CUST05879,Female,0,No,No,37,Month-to-month,No,No,Bank transfer,No,36.23,1249.12,No
CUST05880,Female,0,Yes,No,8,One year,No,Yes,Mailed check,No,23.97,70.71,Yes
CUST05881,Male,1,Yes,Yes,19,Month-to-month,No,No,Bank transfer,No,21.53,443.58,No
CUST05882,Male,0,Yes,No,7,Month-to-month,No,Yes,Bank transfer,Yes,23.91,208.3,Yes
CUST05883,Female,0,Yes,No,13,One year,Fiber optic,Yes,Mailed check,No,93.87,1197.62,No
CUST05884,Female,0,Yes,No,61,Two year,DSL,Yes,Credit card,Yes,69.79,4260.21,Yes
CUST05885,Female,0,Yes,Yes,34,One year,Fiber optic,Yes,Bank transfer,Yes,83.5,2980.94,No
CUST05886,Male,0,No,No,54,Two year,Fiber optic,No,Electronic check,No,48.86,2597.5,No
CUST05887,Male,0,Yes,Yes,44,Month-to-month,Fiber optic,Yes,Electronic check,No,102.71,4661.61,No
CUST05888,Male,0,No,No,20,One year,Fiber optic,Yes,Electronic check,Yes,37.03,698.13,No
CUST05889,Male,0,No,No,52,One year,Fiber optic,Yes,Mailed check,No,81.12,4169.63,No
CUST05890,Male,0,No,No,53,Month-to-month,Fiber optic,Yes,Electronic check,Yes,70.94,3761.98,Yes
CUST05891,Female,0,Yes,Yes,42,Month-to-month,DSL,Yes,Credit card,Yes,57.01,2485.82,No
CUST05892,Male,0,No,No,5,Two year,Fiber optic,Yes,Electronic check,Yes,71.3,392.64,No
CUST05893,Male,0,No,Yes,54,Month-to-month,DSL,Yes,Mailed check,Yes,72.81,3901.52,Yes
CUST05894,Male,1,Yes,No,43,Month-to-month,DSL,Yes,Electronic check,Yes,65.62,2805.48,No
CUST05895,Male,0,Yes,No,67,Two year,No,Yes,Mailed check,No,31.04,2047.92,No
CUST05896,Male,0,Yes,No,3,Two year,Fiber optic,No,Mailed check,No,80.22,335.16,No
CUST05897,Female,0,No,No,62,Two year,No,Yes,Bank transfer,No,23.18,1396.96,No
CUST05898,Male,0,No,No,57,Two year,Fiber optic,Yes,Bank transfer,Yes,69.04,3983.94,No
CUST05899,Male,0,Yes,No,53,Month-to-month,DSL,Yes,Credit card,No,94.13,5078.68,No
CUST05900,Male,0,Yes,No,37,Month-to-month,No,Yes,Mailed check,No,26.11,983.91,No
CUST05901,Female,0,No,No,59,Two year,DSL,Yes,Credit card,Yes,48.65,2966.77,No
CUST05902,Female,0,No,No,51,One year,No,Yes,Bank transfer,Yes,23.75,1308.72,No
CUST05903,Female,1,No,Yes,28,One year,Fiber optic,Yes,Bank transfer,Yes,69.65,1851.16,No
CUST05904,Male,0,No,No,39,Month-to-month,No,Yes,Bank transfer,Yes,20.1,854.18,No
CUST05905,Female,1,No,No,70,Two year,No,Yes,Bank transfer,No,48.45,3535.94,No
CUST05906,Male,0,No,No,7,Month-to-month,Fiber optic,Yes,Mailed check,Yes,79.5,639.33,Yes
CUST05907,Male,0,Yes,No,34,Month-to-month,No,Yes,Electronic check,Yes,21.88,893.9,Yes
CUST05908,Female,0,Yes,No,15,Month-to-month,Fiber optic,Yes,Mailed check,Yes,88.52,1320.46,No
CUST05909,Male,0,No,No,17,One year,DSL,Yes,Electronic check,Yes,59.41,1005.0,No
CUST05910,Male,1,Yes,No,58,One year,No,Yes,Bank transfer,Yes,21.47,1112.2,No
CUST05911,Male,0,Yes,No,33,Month-to-month,No,Yes,Electronic check,Yes,35.74,1163.14,No
CUST05912,Female,0,No,No,3,Month-to-month,DSL,Yes,Credit card,Yes,75.02,220.67,Yes
CUST05913,Male,1,No,No,68,Two year,No,Yes,Electronic check,Yes,20.44,1514.43,No
CUST05914,Male,0,No,No,64,Two year,Fiber optic,Yes,Electronic check,Yes,75.95,4884.76,No
CUST05915,Female,0,No,No,60,Month-to-month,DSL,No,Credit card,Yes,73.47,4478.63,No
CUST05916,Male,0,No,No,45,Two year,Fiber optic,Yes,Mailed check,Yes,72.91,3172.58,No
CUST05917,Male,0,Yes,No,20,Two year,No,Yes,Mailed check,Yes,18.0,397.88,No
CUST05918,Female,0,No,No,37,Month-to-month,Fiber optic,Yes,Credit card,Yes,57.17,2151.75,No
CUST05919,Male,0,Yes,No,72,Month-to-month,Fiber optic,Yes,Bank transfer,Yes,89.64,6473.21,No
CUST05920,Male,0,Yes,No,59,Two year,No,No,Mailed check,Yes,24.32,1504.68,No
CUST05921,Male,0,Yes,No,35,Month-to-month,No,Yes,Electronic check,Yes,22.99,766.74,No
CUST05922,Male,0,No,No,5,Month-to-month,DSL,Yes,Electronic check,No,34.81,217.16,No
CUST05923,Male,1,Yes,No,38,One year,Fiber optic,Yes,Bank transfer,Yes,94.44,3580.22,No
CUST05924,Female,0,No,No,28,One year,DSL,Yes,Mailed check,No,65.69,1949.75,No
CUST05925,Female,0,Yes,Yes,26,One year,Fiber optic,Yes,Electronic check,Yes,80.5,2051.85,No
CUST05926,Female,0,Yes,No,68,One year,No,Yes,Electronic check,No,26.02,1817.75,No
CUST05927,Female,0,No,Yes,8,One year,DSL,Yes,Credit card,Yes,51.65,484.13,Yes
CUST05928,Male,0,No,No,23,Month-to-month,Fiber optic,Yes,Bank transfer,Yes,75.48,1650.54,No
CUST05929,Male,0,Yes,No,62,Month-to-month,No,No,Credit card,No,28.71,1750.81,Yes
CUST05930,Male,1,No,No,18,Month-to-month,Fiber optic,Yes,Mailed check,Yes,58.21,1000.82,Yes
CUST05931,Male,0,No,No,29,Two year,DSL,Yes,Credit card,Yes,56.13,1921.385,No
CUST05932,Male,0,No,No,57,Two year,Fiber optic,Yes,Mailed check,No,82.81,4621.45,No
CUST05933,Female,0,No,Yes,39,Month-to-month,No,Yes,Mailed check,No,24.77,926.41,Yes
CUST05934,Female,0,Yes,No,67,Month-to-month,Fiber optic,Yes,Electronic check,Yes,66.54,4415.48,No
CUST05935,Male,0,No,No,31,Two year,Fiber optic,Yes,Electronic check,No,69.51,2052.48,No
CUST05936,Male,0,Yes,No,64,Month-to-month,Fiber optic,Yes,Credit card,No,75.01,4846.14,No
CUST05937,Male,0,Yes,No,33,Month-to-month,Fiber optic,Yes,Credit card,No,65.54,2065.13,No
CUST05938,Female,1,No,No,30,Two year,Fiber optic,Yes,Mailed check,No,71.12,2168.97,No
CUST05939,Male,0,Yes,No,58,One year,DSL,Yes,Electronic check,Yes,72.66,4283.9,No
CUST05940,Male,0,Yes,No,25,Month-to-month,Fiber optic,No,Credit card,No,73.53,1755.65,No
CUST05941,Male,0,No,Yes,21,Two year,No,Yes,Credit card,Yes,18.0,283.49,No
CUST05942,Female,0,No,No,33,Two year,No,Yes,Electronic check,Yes,23.68,901.43,No
CUST05943,Male,0,No,Yes,12,Month-to-month,Fiber optic,Yes,Electronic check,Yes,63.2,876.25,No
CUST05944,Female,0,No,No,54,Two year,Fiber optic,Yes,Electronic check,No,84.11,4482.8,No
CUST05945,Female,0,Yes,No,7,One year,DSL,Yes,Bank transfer,Yes,75.32,449.94,No
CUST05946,Female,0,No,Yes,61,Month-to-month,DSL,Yes,Mailed check,No,63.37,3815.59,No
CUST05947,Female,0,No,No,21,Two year,No,Yes,Electronic check,No,33.15,725.19,Yes
CUST05948,Female,0,Yes,No,55,Month-to-month,DSL,Yes,Electronic check,Yes,41.92,2243.2,No
CUST05949,Female,0,Yes,Yes,20,Month-to-month,DSL,Yes,Credit card,No,65.16,1243.38,No
CUST05950,Male,0,Yes,Yes,48,Month-to-month,Fiber optic,Yes,Bank transfer,Yes,75.6,3683.65,No
CUST05951,Male,0,No,Yes,5,One year,Fiber optic,Yes,Credit card,No,84.9,347.53,No
CUST05952,Male,0,Yes,Yes,34,Month-to-month,Fiber optic,Yes,Credit card,No,91.92,3153.94,No
CUST05953,Female,0,No,Yes,26,Two year,Fiber optic,Yes,Credit card,No,65.04,1666.6,No
CUST05954,Male,0,Yes,No,39,One year,Fiber optic,Yes,Electronic check,Yes,71.64,2860.28,Yes
CUST05955,Female,0,Yes,No,13,Month-to-month,DSL,Yes,Electronic check,No,73.71,1177.26,No
CUST05956,Female,0,Yes,No,51,One year,No,No,Mailed check,Yes,32.6,1552.96,No
CUST05957,Female,0,Yes,No,39,Month-to-month,No,Yes,Bank transfer,Yes,26.95,1004.78,No
CUST05958,Male,0,Yes,No,42,Month-to-month,Fiber optic,Yes,Bank transfer,No,72.7,3020.82,Yes
CUST05959,Female,0,Yes,No,57,Month-to-month,Fiber optic,Yes,Electronic check,Yes,102.87,1921.385,Yes
CUST05960,Female,0,Yes,No,2,One year,Fiber optic,Yes,Electronic check,No,53.68,120.78,No
CUST05961,Male,0,No,No,14,Month-to-month,Fiber optic,Yes,Mailed check,Yes,89.52,1301.8,Yes
CUST05962,Male,0,No,No,44,Two year,Fiber optic,Yes,Electronic check,Yes,69.25,3010.5,No
CUST05963,Female,0,No,No,10,Month-to-month,DSL,No,Credit card,Yes,80.33,802.18,Yes
CUST05964,Female,0,No,No,38,Month-to-month,Fiber optic,Yes,Credit card,No,106.43,4016.05,Yes
CUST05965,Male,0,No,Yes,18,Month-to-month,Fiber optic,Yes,Electronic check,Yes,113.94,1950.43,No
CUST05966,Male,0,No,No,19,One year,No,Yes,Bank transfer,No,25.68,399.3,No
CUST05967,Male,0,Yes,No,70,Month-to-month,DSL,Yes,Electronic check,No,68.98,4864.42,Yes
CUST05968,Female,0,No,No,55,Month-to-month,Fiber optic,Yes,Bank transfer,Yes,74.94,4269.96,No
CUST05969,Male,0,No,Yes,3,Month-to-month,Fiber optic,Yes,Bank transfer,No,88.85,257.57,No
CUST05970,Male,0,No,Yes,8,One year,DSL,Yes,Electronic check,Yes,61.03,452.47,No
CUST05971,Male,0,No,No,24,Month-to-month,Fiber optic,No,Bank transfer,No,58.26,1348.07,No
CUST05972,Female,0,Yes,Yes,46,Month-to-month,Fiber optic,Yes,Credit card,No,91.9,4381.53,Yes
CUST05973,Male,0,No,No,48,Month-to-month,Fiber optic,Yes,Electronic check,Yes,63.86,3059.44,No
CUST05974,Male,0,Yes,No,26,Two year,Fiber optic,Yes,Electronic check,No,75.52,1849.68,No
CUST05975,Male,0,Yes,No,27,Two year,No,Yes,Mailed check,No,21.64,608.62,No
CUST05976,Male,0,Yes,Yes,61,One year,Fiber optic,Yes,Mailed check,No,77.9,4758.69,No
CUST05977,Male,0,Yes,No,15,Month-to-month,No,Yes,Credit card,Yes,18.64,384.71,Yes
CUST05978,Female,0,Yes,Yes,45,Month-to-month,DSL,Yes,Mailed check,No,53.49,2386.21,No
CUST05979,Female,0,Yes,No,45,Month-to-month,No,Yes,Mailed check,No,30.5,1342.91,No
CUST05980,Female,0,No,No,39,Month-to-month,Fiber optic,No,Bank transfer,No,82.3,3115.93,No
CUST05981,Male,1,Yes,No,33,Month-to-month,DSL,Yes,Electronic check,No,54.61,1740.95,Yes
CUST05982,Female,1,No,No,9,Month-to-month,DSL,Yes,Electronic check,Yes,68.78,520.64,Yes
CUST05983,Female,0,No,No,0,Month-to-month,Fiber optic,Yes,Mailed check,Yes,90.04,0.0,No
CUST05984,Female,1,No,No,65,Month-to-month,DSL,Yes,Electronic check,No,79.47,5226.25,No
CUST05985,Male,0,Yes,Yes,16,Month-to-month,DSL,Yes,Credit card,No,64.16,943.93,No
CUST05986,Male,0,No,No,46,Month-to-month,Fiber optic,No,Bank transfer,Yes,48.51,2363.02,Yes
CUST05987,Female,0,Yes,Yes,23,Month-to-month,Fiber optic,Yes,Bank transfer,No,82.13,2018.27,No
CUST05988,Female,0,Yes,No,49,Month-to-month,Fiber optic,No,Electronic check,No,81.08,4075.95,No
CUST05989,Male,0,No,No,28,Month-to-month,Fiber optic,Yes,Mailed check,Yes,69.11,1892.61,Yes
CUST05990,Male,1,No,Yes,71,Month-to-month,No,Yes,Electronic check,Yes,21.89,1461.27,No
CUST05991,Female,0,No,No,12,Month-to-month,No,Yes,Electronic check,No,19.64,235.59,No
CUST05992,Male,0,Yes,Yes,63,Month-to-month,DSL,Yes,Mailed check,No,61.52,3979.73,No
CUST05993,Female,0,Yes,Yes,27,Month-to-month,No,Yes,Electronic check,Yes,41.23,1246.73,No
CUST05994,Male,0,Yes,No,4,Month-to-month,DSL,Yes,Credit card,Yes,68.89,380.3,Yes
CUST05995,Female,0,No,No,8,One year,Fiber optic,Yes,Credit card,Yes,98.3,940.66,No
CUST05996,Female,0,Yes,Yes,13,Two year,No,Yes,Electronic check,No,26.4,432.84,Yes
CUST05997,Male,0,No,No,9,Two year,Fiber optic,Yes,Bank transfer,Yes,74.28,608.75,Yes
CUST05998,Female,0,Yes,No,32,Month-to-month,No,No,Electronic check,Yes,35.09,1240.89,Yes
CUST05999,Female,0,Yes,No,39,Month-to-month,No,Yes,Bank transfer,No,18.0,607.43,No
CUST06000,Female,0,Yes,No,5,Month-to-month,No,Yes,Electronic check,Yes,28.63,246.82,Yes
CUST06001,Male,1,Yes,Yes,16,Two year,Fiber optic,Yes,Credit card,Yes,48.6,740.61,No
CUST06002,Male,0,No,Yes,35,Two year,No,Yes,Credit card,Yes,25.35,913.09,No
CUST06003,Male,0,No,Yes,69,Two year,DSL,Yes,Bank transfer,Yes,61.55,4167.16,No
CUST06004,Female,0,Yes,Yes,60,Month-to-month,Fiber optic,Yes,Electronic check,Yes,67.57,4081.35,No
CUST06005,Male,0,Yes,Yes,48,Month-to-month,Fiber optic,Yes,Bank transfer,No,88.84,4340.75,No
CUST06006,Female,1,No,No,68,Month-to-month,No,Yes,Mailed check,Yes,18.0,1252.45,No
CUST06007,Female,0,No,No,70,Two year,DSL,Yes,Bank transfer,No,69.97,4949.6,No
CUST06008,Male,0,No,No,23,Month-to-month,No,Yes,Bank transfer,Yes,18.0,458.99,No
CUST06009,Male,0,Yes,No,50,One year,No,Yes,Mailed check,Yes,28.75,1431.58,No
CUST06010,Female,1,Yes,Yes,41,Month-to-month,No,Yes,Electronic check,No,23.97,1004.61,No
CUST06011,Female,0,Yes,Yes,18,Two year,DSL,Yes,Mailed check,No,57.75,945.91,No
CUST06012,Male,0,Yes,No,61,Month-to-month,No,No,Mailed check,No,18.0,1163.46,No
CUST06013,Male,0,No,Yes,66,Two year,Fiber optic,Yes,Mailed check,Yes,85.0,5629.45,No
CUST06014,Male,0,Yes,No,29,Month-to-month,DSL,Yes,Credit card,Yes,65.71,1875.86,No
CUST06015,Female,0,No,No,37,One year,No,Yes,Electronic check,Yes,18.0,581.65,No
CUST06016,Female,0,Yes,No,5,Month-to-month,DSL,Yes,Mailed check,No,72.27,345.58,Yes
CUST06017,Female,0,No,No,21,Two year,Fiber optic,Yes,Electronic check,Yes,82.71,1616.99,Yes
CUST06018,Female,0,Yes,Yes,10,One year,DSL,Yes,Bank transfer,Yes,72.79,715.84,No
CUST06019,Female,0,Yes,No,71,Month-to-month,DSL,Yes,Electronic check,No,49.61,3606.24,No
CUST06020,Male,0,No,No,28,One year,Fiber optic,Yes,Electronic check,Yes,58.86,1677.38,Yes
CUST06021,Male,0,Yes,No,7,Month-to-month,No,Yes,Bank transfer,No,21.56,63.1,No
CUST06022,Female,0,Yes,No,34,Month-to-month,No,Yes,Credit card,Yes,18.0,644.19,No
CUST06023,Female,0,Yes,Yes,71,Month-to-month,Fiber optic,Yes,Mailed check,No,78.62,5581.73,No
CUST06024,Male,0,No,No,71,One year,Fiber optic,No,Electronic check,Yes,78.25,5542.43,No
CUST06025,Male,0,No,No,44,One year,DSL,No,Electronic check,Yes,41.93,1786.82,Yes
CUST06026,Male,0,No,No,32,One year,Fiber optic,Yes,Bank transfer,Yes,100.22,3177.95,No
CUST06027,Male,0,No,No,4,One year,No,Yes,Electronic check,No,28.07,90.92,No
CUST06028,Female,0,No,Yes,61,Two year,DSL,Yes,Bank transfer,Yes,79.74,4844.21,No
CUST06029,Male,0,No,Yes,36,Month-to-month,DSL,No,Electronic check,No,79.55,2874.02,No
CUST06030,Female,0,No,No,16,Month-to-month,No,Yes,Electronic check,Yes,20.55,476.48,No
CUST06031,Male,0,No,No,21,Two year,Fiber optic,Yes,Mailed check,Yes,77.94,1736.34,No
CUST06032,Male,0,Yes,No,31,Month-to-month,DSL,Yes,Credit card,Yes,65.53,2043.45,Yes
CUST06033,Male,1,No,No,13,Month-to-month,No,No,Electronic check,Yes,18.0,302.19,No
CUST06034,Female,0,No,No,19,Two year,DSL,No,Electronic check,Yes,51.36,929.92,No
CUST06035,Female,0,Yes,No,21,Two year,No,Yes,Electronic check,Yes,27.39,480.41,No
CUST06036,Male,0,Yes,No,29,One year,Fiber optic,Yes,Bank transfer,Yes,85.98,2643.59,No
CUST06037,Female,0,Yes,No,53,Month-to-month,Fiber optic,Yes,Mailed check,Yes,53.18,2810.63,Yes
CUST06038,Female,0,Yes,Yes,32,Month-to-month,Fiber optic,Yes,Electronic check,Yes,70.54,2309.66,No
CUST06039,Male,1,Yes,No,4,Month-to-month,DSL,Yes,Electronic check,Yes,48.54,190.13,Yes
CUST06040,Male,0,Yes,No,17,Month-to-month,Fiber optic,Yes,Electronic check,No,67.98,1234.24,Yes
CUST06041,Female,0,Yes,Yes,62,Month-to-month,DSL,Yes,Mailed check,Yes,72.92,4704.52,No
CUST06042,Female,0,No,No,45,Month-to-month,DSL,Yes,Electronic check,No,62.01,2736.27,No
CUST06043,Female,0,Yes,No,6,Month-to-month,Fiber optic,Yes,Mailed check,Yes,82.37,545.0,Yes
CUST06044,Male,0,Yes,No,28,One year,Fiber optic,Yes,Electronic check,Yes,74.52,2056.79,Yes
CUST06045,Male,0,Yes,No,56,Two year,Fiber optic,Yes,Credit card,Yes,100.84,5647.52,No
CUST06046,Female,0,No,No,46,Month-to-month,Fiber optic,Yes,Mailed check,No,110.05,4968.78,No
CUST06047,Male,1,Yes,No,8,Month-to-month,Fiber optic,Yes,Electronic check,No,69.29,538.57,No
CUST06048,Male,0,Yes,No,58,Month-to-month,DSL,Yes,Credit card,Yes,63.52,3644.04,No
CUST06049,Female,0,No,Yes,70,Month-to-month,No,Yes,Credit card,Yes,35.45,2579.4,No
CUST06050,Female,1,Yes,No,70,Month-to-month,DSL,Yes,Electronic check,No,67.035,6513.06,No
CUST06051,Male,0,Yes,No,42,Two year,Fiber optic,Yes,Credit card,No,95.72,4017.48,No
CUST06052,Male,0,Yes,No,58,Month-to-month,Fiber optic,Yes,Credit card,No,79.13,4672.52,No
CUST06053,Female,0,No,Yes,5,Month-to-month,Fiber optic,Yes,Mailed check,No,81.2,471.02,No
CUST06054,Male,0,No,No,52,Month-to-month,Fiber optic,No,Electronic check,No,85.05,4530.9,Yes
CUST06055,Male,0,No,No,63,Month-to-month,No,Yes,Credit card,No,19.62,1921.385,No
CUST06056,Female,0,Yes,No,3,Month-to-month,Fiber optic,Yes,Electronic check,Yes,59.33,213.16,No
CUST06057,Female,0,No,No,0,Two year,Fiber optic,Yes,Bank transfer,Yes,64.17,0.0,No
CUST06058,Male,0,Yes,Yes,69,Two year,Fiber optic,Yes,Mailed check,Yes,70.66,4860.2,No
CUST06059,Male,1,Yes,No,30,One year,Fiber optic,Yes,Bank transfer,Yes,100.52,3019.34,No
CUST06060,Male,0,Yes,No,64,Month-to-month,Fiber optic,Yes,Bank transfer,Yes,84.56,5338.29,No
CUST06061,Female,0,No,No,68,Two year,DSL,No,Credit card,Yes,66.26,4474.57,No
CUST06062,Male,0,Yes,No,18,Month-to-month,Fiber optic,No,Credit card,Yes,59.1,1093.95,No
CUST06063,Male,0,No,No,68,Two year,DSL,No,Bank transfer,No,50.73,3328.67,No
CUST06064,Female,0,No,Yes,68,Month-to-month,Fiber optic,Yes,Electronic check,Yes,70.31,4643.22,No
CUST06065,Female,0,Yes,No,48,One year,Fiber optic,Yes,Electronic check,No,76.24,3490.27,No
CUST06066,Male,0,Yes,No,30,Month-to-month,No,Yes,Mailed check,Yes,29.65,780.96,No
CUST06067,Female,0,Yes,Yes,59,Two year,Fiber optic,Yes,Credit card,No,67.82,3976.49,Yes
CUST06068,Female,0,Yes,No,70,One year,Fiber optic,Yes,Mailed check,Yes,71.89,5019.68,No
CUST06069,Male,0,Yes,No,54,Month-to-month,Fiber optic,Yes,Bank transfer,Yes,69.65,3686.11,Yes
CUST06070,Female,0,No,No,37,Month-to-month,Fiber optic,Yes,Electronic check,No,76.74,2766.37,No
CUST06071,Female,0,Yes,Yes,32,Month-to-month,DSL,Yes,Mailed check,Yes,68.9,2116.73,No
CUST06072,Male,0,No,No,5,Month-to-month,DSL,Yes,Electronic check,Yes,74.76,391.61,No
CUST06073,Female,0,Yes,No,12,Month-to-month,Fiber optic,Yes,Credit card,Yes,63.63,738.23,No
CUST06074,Male,0,No,No,19,Month-to-month,No,Yes,Credit card,Yes,27.96,543.85,Yes
CUST06075,Male,1,No,No,36,Month-to-month,Fiber optic,Yes,Electronic check,No,110.37,3946.02,No
CUST06076,Female,0,No,Yes,44,Month-to-month,Fiber optic,Yes,Mailed check,No,74.87,3258.37,No
CUST06077,Female,0,No,No,72,Month-to-month,DSL,Yes,Electronic check,No,72.51,5231.16,No
CUST06078,Female,0,Yes,No,58,Month-to-month,Fiber optic,Yes,Bank transfer,Yes,66.74,3893.16,No
CUST06079,Male,1,Yes,No,51,Month-to-month,No,Yes,Electronic check,Yes,25.32,1389.22,No
CUST06080,Female,0,No,No,17,Month-to-month,DSL,Yes,Credit card,Yes,70.26,1245.07,No
CUST06081,Male,0,No,No,24,Two year,No,Yes,Electronic check,Yes,18.0,561.12,No
CUST06082,Female,0,No,No,0,Two year,DSL,Yes,Bank transfer,No,66.34,0.0,No
CUST06083,Female,0,Yes,No,40,Two year,No,Yes,Bank transfer,No,18.9,672.02,No
CUST06084,Female,0,Yes,No,17,Month-to-month,Fiber optic,Yes,Electronic check,No,84.41,1395.0,Yes
CUST06085,Male,0,Yes,No,0,One year,DSL,Yes,Electronic check,No,74.73,56.11,Yes
CUST06086,Female,0,No,No,38,One year,DSL,Yes,Electronic check,Yes,83.54,3123.08,No
CUST06087,Female,0,No,No,30,Month-to-month,Fiber optic,Yes,Mailed check,Yes,95.89,2969.21,No
CUST06088,Male,0,No,Yes,70,Two year,Fiber optic,Yes,Credit card,No,85.25,5870.01,No
CUST06089,Male,1,No,No,37,Two year,Fiber optic,Yes,Mailed check,No,50.28,1771.01,No
CUST06090,Female,0,No,Yes,7,One year,Fiber optic,Yes,Electronic check,Yes,76.16,538.44,Yes
CUST06091,Female,0,No,No,33,Month-to-month,Fiber optic,Yes,Electronic check,No,81.09,2831.97,No
CUST06092,Female,0,Yes,No,72,One year,No,Yes,Electronic check,Yes,18.0,1340.75,Yes
CUST06093,Male,1,No,Yes,26,Month-to-month,No,Yes,Mailed check,No,31.98,880.38,No
CUST06094,Male,1,Yes,No,40,Month-to-month,Fiber optic,Yes,Electronic check,No,67.41,2626.35,Yes
CUST06095,Male,0,No,No,6,One year,Fiber optic,Yes,Electronic check,No,60.44,332.64,Yes
CUST06096,Male,0,Yes,Yes,31,Month-to-month,DSL,Yes,Electronic check,No,60.69,1910.46,No
CUST06097,Female,0,No,No,72,Month-to-month,Fiber optic,Yes,Mailed check,Yes,95.57,6741.67,No
CUST06098,Male,1,No,No,15,Month-to-month,No,Yes,Bank transfer,Yes,21.6,304.15,No
CUST06099,Male,0,No,No,1,One year,Fiber optic,Yes,Bank transfer,Yes,80.19,190.64,No
CUST06100,Male,0,No,No,42,Two year,Fiber optic,Yes,Electronic check,No,68.13,2959.48,No
CUST06101,Female,0,No,Yes,30,Month-to-month,No,Yes,Electronic check,Yes,28.71,1033.34,No
CUST06102,Female,1,No,Yes,46,Month-to-month,DSL,Yes,Credit card,Yes,70.39,3213.36,No
CUST06103,Male,0,Yes,No,32,Month-to-month,No,Yes,Electronic check,Yes,23.69,643.07,No
CUST06104,Male,0,No,No,16,One year,DSL,Yes,Electronic check,Yes,53.59,826.13,No
CUST06105,Female,0,Yes,No,53,Two year,DSL,Yes,Electronic check,No,44.03,2344.98,No
CUST06106,Female,0,No,No,53,Month-to-month,Fiber optic,Yes,Electronic check,Yes,86.75,4666.01,Yes
CUST06107,Female,0,No,No,50,Month-to-month,No,Yes,Electronic check,No,30.93,1563.76,No
CUST06108,Female,1,No,No,51,Month-to-month,No,Yes,Bank transfer,Yes,26.71,1400.78,No
CUST06109,Female,1,No,No,6,Two year,Fiber optic,Yes,Electronic check,No,76.83,430.87,No
CUST06110,Female,1,No,Yes,53,Month-to-month,Fiber optic,Yes,Mailed check,No,87.62,4617.54,No
CUST06111,Female,0,No,Yes,10,One year,Fiber optic,Yes,Bank transfer,No,76.17,703.98,No
CUST06112,Female,0,No,No,61,Month-to-month,Fiber optic,Yes,Electronic check,Yes,97.03,5814.94,No
CUST06113,Male,1,No,No,29,One year,No,Yes,Electronic check,No,31.3,871.32,No
CUST06114,Male,0,No,Yes,56,Month-to-month,No,Yes,Mailed check,Yes,30.23,1722.82,No
CUST06115,Male,0,Yes,No,45,Month-to-month,No,Yes,Credit card,Yes,18.0,857.4,No
CUST06116,Male,1,No,No,69,Month-to-month,Fiber optic,Yes,Mailed check,Yes,81.58,5659.29,No
CUST06117,Male,0,No,Yes,65,Month-to-month,Fiber optic,Yes,Mailed check,Yes,63.7,4155.67,No
CUST06118,Male,0,No,No,54,Month-to-month,DSL,No,Electronic check,Yes,76.45,4094.91,No
CUST06119,Female,0,No,Yes,57,One year,Fiber optic,Yes,Bank transfer,No,58.73,3468.35,No
CUST06120,Female,0,Yes,No,9,Month-to-month,Fiber optic,Yes,Electronic check,Yes,66.62,612.85,No
CUST06121,Male,0,Yes,Yes,3,One year,DSL,Yes,Bank transfer,Yes,58.34,160.18,Yes
CUST06122,Male,0,No,No,72,Month-to-month,Fiber optic,Yes,Mailed check,No,87.76,6379.77,No
CUST06123,Female,0,No,Yes,61,One year,Fiber optic,No,Electronic check,Yes,67.21,4223.29,No
CUST06124,Female,0,No,No,42,Month-to-month,Fiber optic,Yes,Electronic check,No,55.5,2398.86,Yes
CUST06125,Female,0,Yes,No,41,Two year,DSL,Yes,Bank transfer,No,64.15,2695.39,No
CUST06126,Male,0,No,No,23,Month-to-month,Fiber optic,Yes,Bank transfer,No,53.35,1202.07,No
CUST06127,Female,1,No,No,4,Month-to-month,Fiber optic,Yes,Bank transfer,Yes,84.54,470.19,Yes
CUST06128,Male,0,Yes,No,67,One year,No,Yes,Bank transfer,No,31.73,2237.62,No
CUST06129,Male,0,Yes,Yes,44,Month-to-month,DSL,Yes,Electronic check,Yes,77.09,3404.65,No
CUST06130,Female,0,Yes,No,58,Month-to-month,Fiber optic,Yes,Credit card,Yes,88.59,5140.52,No
CUST06131,Female,1,Yes,No,64,Two year,DSL,No,Electronic check,Yes,45.92,3001.31,No
CUST06132,Male,0,Yes,No,62,One year,DSL,Yes,Electronic check,Yes,68.25,4237.36,No
CUST06133,Female,0,Yes,No,66,Two year,DSL,Yes,Electronic check,No,47.65,3300.82,No
CUST06134,Female,1,No,No,48,One year,DSL,No,Credit card,Yes,76.13,3766.47,No
CUST06135,Male,0,Yes,No,31,Month-to-month,No,Yes,Electronic check,Yes,18.0,524.78,No
CUST06136,Female,1,Yes,No,49,Two year,No,Yes,Bank transfer,Yes,24.91,1206.15,No
CUST06137,Male,1,Yes,No,57,Two year,Fiber optic,Yes,Electronic check,Yes,64.07,3560.09,Yes
CUST06138,Male,1,Yes,No,51,Month-to-month,Fiber optic,Yes,Bank transfer,No,57.3,3053.51,No
CUST06139,Female,0,No,No,22,Month-to-month,DSL,Yes,Electronic check,No,50.48,1166.39,No
CUST06140,Male,0,Yes,No,29,One year,Fiber optic,Yes,Bank transfer,No,101.61,2832.56,No
CUST06141,Male,1,No,No,69,Month-to-month,DSL,Yes,Electronic check,No,66.28,4537.47,Yes
CUST06142,Female,0,No,No,70,Month-to-month,DSL,Yes,Electronic check,Yes,79.54,5454.72,No
CUST06143,Female,0,Yes,No,29,Two year,DSL,Yes,Mailed check,Yes,70.94,2075.74,No
CUST06144,Female,0,No,No,36,Month-to-month,Fiber optic,Yes,Electronic check,No,68.73,2435.91,Yes
CUST06145,Male,0,No,No,47,Month-to-month,DSL,Yes,Electronic check,Yes,69.55,3242.48,Yes
CUST06146,Male,0,Yes,Yes,31,One year,Fiber optic,Yes,Electronic check,No,97.29,3124.88,No
CUST06147,Female,0,No,Yes,69,Month-to-month,DSL,Yes,Mailed check,No,70.31,4874.9,No
CUST06148,Male,0,No,No,34,Two year,No,Yes,Electronic check,No,18.0,633.89,No
CUST06149,Female,0,No,No,67,Month-to-month,DSL,Yes,Credit card,Yes,58.7,3904.96,No
CUST06150,Female,0,Yes,No,31,Month-to-month,DSL,Yes,Credit card,Yes,46.06,1425.83,No
CUST06151,Male,0,No,No,58,Month-to-month,Fiber optic,Yes,Electronic check,Yes,83.45,4882.7,No
CUST06152,Female,0,Yes,No,34,One year,No,Yes,Electronic check,No,38.9,1449.2,No
CUST06153,Male,0,Yes,No,15,One year,No,Yes,Credit card,No,29.4,457.85,No
CUST06154,Male,0,Yes,No,51,Two year,Fiber optic,Yes,Electronic check,No,65.19,3288.68,No
CUST06155,Female,0,No,Yes,65,Month-to-month,DSL,Yes,Mailed check,Yes,68.22,4457.38,No
CUST06156,Male,0,No,No,5,Two year,DSL,Yes,Bank transfer,Yes,53.35,275.94,Yes
CUST06157,Female,0,Yes,No,13,One year,No,Yes,Mailed check,No,21.15,502.14,No
CUST06158,Male,0,Yes,No,28,Two year,No,No,Credit card,Yes,26.38,721.56,No
CUST06159,Male,0,No,No,25,Month-to-month,Fiber optic,Yes,Bank transfer,Yes,94.5,2377.85,Yes
CUST06160,Male,0,No,No,17,Month-to-month,Fiber optic,Yes,Mailed check,No,73.26,1307.86,Yes
CUST06161,Female,0,Yes,Yes,3,Month-to-month,Fiber optic,Yes,Mailed check,No,52.62,180.77,Yes
CUST06162,Male,1,No,Yes,56,Month-to-month,Fiber optic,Yes,Electronic check,Yes,109.13,6198.32,Yes
CUST06163,Female,0,Yes,Yes,52,One year,Fiber optic,Yes,Credit card,No,106.51,5550.96,No
CUST06164,Male,1,No,No,24,Two year,DSL,Yes,Bank transfer,No,83.5,1977.75,No
CUST06165,Male,0,No,Yes,46,One year,DSL,Yes,Electronic check,No,70.74,3294.77,Yes
CUST06166,Female,0,Yes,Yes,51,Month-to-month,Fiber optic,Yes,Credit card,No,70.82,3640.45,No
CUST06167,Female,0,No,No,33,Month-to-month,No,No,Bank transfer,Yes,18.0,653.66,Yes
CUST06168,Female,0,No,No,15,Month-to-month,Fiber optic,Yes,Electronic check,No,89.87,1314.24,No
CUST06169,Female,0,Yes,No,35,Two year,Fiber optic,Yes,Electronic check,No,78.9,2813.23,No
CUST06170,Female,0,Yes,No,27,Month-to-month,No,Yes,Mailed check,No,19.01,623.94,No
CUST06171,Male,0,Yes,No,64,Month-to-month,Fiber optic,Yes,Electronic check,Yes,94.97,5947.42,No
CUST06172,Male,0,Yes,Yes,71,Month-to-month,DSL,Yes,Credit card,No,65.68,4669.09,No
CUST06173,Female,0,No,No,52,Month-to-month,DSL,Yes,Credit card,Yes,59.0,3007.9,Yes
CUST06174,Male,0,Yes,No,41,Month-to-month,No,Yes,Mailed check,Yes,45.06,1918.78,No
CUST06175,Male,1,No,No,18,Month-to-month,Fiber optic,Yes,Mailed check,No,104.95,1897.54,No
CUST06176,Male,0,Yes,No,43,Two year,No,Yes,Credit card,Yes,18.0,725.3,No
CUST06177,Female,0,No,No,29,Two year,Fiber optic,No,Electronic check,No,105.4,3018.85,No
CUST06178,Male,0,Yes,No,43,Two year,Fiber optic,No,Mailed check,No,78.61,3522.09,No
CUST06179,Male,0,Yes,No,26,Two year,DSL,Yes,Electronic check,Yes,52.94,1365.42,No
CUST06180,Male,0,Yes,No,72,Month-to-month,No,Yes,Bank transfer,No,46.68,3366.14,No
CUST06181,Female,0,No,No,33,Month-to-month,DSL,Yes,Credit card,Yes,53.14,1787.66,No
CUST06182,Male,0,Yes,No,23,Month-to-month,No,Yes,Electronic check,Yes,21.46,417.66,No
CUST06183,Male,1,Yes,No,55,One year,DSL,Yes,Credit card,No,67.24,3775.46,No
CUST06184,Female,0,No,Yes,6,One year,DSL,No,Mailed check,Yes,82.97,407.21,Yes
CUST06185,Female,1,No,No,67,One year,DSL,Yes,Credit card,Yes,60.89,4141.74,No
CUST06186,Male,1,No,Yes,50,Month-to-month,No,Yes,Credit card,Yes,39.13,1906.49,No
CUST06187,Male,1,Yes,No,7,Month-to-month,DSL,Yes,Credit card,Yes,81.36,569.03,Yes
CUST06188,Female,0,Yes,No,55,Month-to-month,Fiber optic,Yes,Credit card,Yes,76.57,4297.96,No
CUST06189,Female,0,No,No,57,Month-to-month,DSL,Yes,Electronic check,Yes,67.6,3798.95,No
CUST06190,Female,0,No,No,68,Two year,DSL,No,Mailed check,Yes,75.42,5112.82,No
CUST06191,Female,0,Yes,No,7,Two year,Fiber optic,Yes,Electronic check,Yes,72.76,471.83,No
CUST06192,Female,0,Yes,No,65,Month-to-month,No,Yes,Mailed check,Yes,18.0,1204.06,Yes
CUST06193,Female,0,No,No,23,One year,No,Yes,Mailed check,Yes,32.53,660.19,No
CUST06194,Female,0,Yes,No,41,Month-to-month,DSL,Yes,Credit card,Yes,57.59,2322.01,No
CUST06195,Male,0,No,Yes,53,Month-to-month,No,Yes,Mailed check,Yes,39.56,2121.17,No
CUST06196,Female,0,Yes,No,15,Month-to-month,Fiber optic,No,Bank transfer,No,64.37,1124.73,No
CUST06197,Female,0,No,No,3,Month-to-month,DSL,Yes,Electronic check,Yes,61.58,204.9,Yes
CUST06198,Male,0,No,Yes,58,One year,Fiber optic,Yes,Credit card,No,89.53,5181.73,No
CUST06199,Female,0,Yes,No,45,Month-to-month,DSL,Yes,Bank transfer,No,85.52,3829.01,No
CUST06200,Female,0,Yes,Yes,12,Two year,No,No,Bank transfer,No,23.47,443.0,No
CUST06201,Male,0,No,No,36,Two year,Fiber optic,No,Credit card,Yes,105.22,3861.52,No
CUST06202,Female,0,Yes,Yes,53,Month-to-month,DSL,Yes,Credit card,Yes,48.29,2472.58,No
CUST06203,Male,0,No,No,48,Month-to-month,Fiber optic,Yes,Mailed check,Yes,69.66,3184.32,No
CUST06204,Male,0,No,No,57,One year,Fiber optic,Yes,Credit card,No,77.44,4318.6,No
CUST06205,Male,0,No,No,18,Two year,Fiber optic,Yes,Bank transfer,No,50.38,920.12,Yes
CUST06206,Male,0,Yes,No,17,Month-to-month,Fiber optic,Yes,Bank transfer,Yes,84.68,1446.09,No
CUST06207,Female,0,Yes,No,59,Month-to-month,Fiber optic,Yes,Bank transfer,Yes,62.03,3677.19,No
CUST06208,Male,0,No,No,16,Two year,Fiber optic,Yes,Electronic check,Yes,74.87,1337.15,No
CUST06209,Male,0,Yes,No,10,Month-to-month,Fiber optic,Yes,Electronic check,Yes,78.9,801.73,Yes
CUST06210,Female,0,No,No,14,Month-to-month,No,Yes,Mailed check,No,22.14,321.09,No
CUST06211,Male,1,No,Yes,71,Two year,DSL,Yes,Credit card,Yes,60.48,4278.51,No
CUST06212,Male,0,Yes,Yes,16,Month-to-month,Fiber optic,Yes,Mailed check,Yes,47.36,785.64,Yes
CUST06213,Male,0,Yes,No,4,Month-to-month,Fiber optic,Yes,Mailed check,Yes,67.07,321.23,Yes
CUST06214,Male,0,Yes,No,60,Month-to-month,DSL,Yes,Mailed check,Yes,62.06,3727.9,No
CUST06215,Female,0,No,Yes,3,Month-to-month,No,Yes,Electronic check,Yes,18.0,0.0,Yes
CUST06216,Male,0,Yes,Yes,55,Two year,DSL,Yes,Bank transfer,Yes,70.55,3800.84,No
CUST06217,Female,0,Yes,No,47,Month-to-month,No,Yes,Mailed check,Yes,18.77,926.93,No
CUST06218,Female,0,No,No,47,Two year,Fiber optic,Yes,Credit card,No,77.39,3567.59,No
CUST06219,Male,0,Yes,No,34,Month-to-month,Fiber optic,Yes,Mailed check,Yes,67.69,2281.37,Yes
CUST06220,Male,0,Yes,No,32,Month-to-month,No,Yes,Mailed check,No,28.94,780.8,No
CUST06221,Male,0,Yes,Yes,20,One year,No,Yes,Electronic check,Yes,32.59,726.68,Yes
CUST06222,Male,0,No,No,4,Two year,No,Yes,Electronic check,Yes,18.0,26.25,No
CUST06223,Female,0,Yes,No,63,Month-to-month,Fiber optic,Yes,Bank transfer,Yes,71.98,4366.57,No
CUST06224,Female,0,No,No,68,One year,DSL,Yes,Credit card,Yes,83.44,5727.08,No
CUST06225,Female,0,No,No,20,Month-to-month,No,Yes,Credit card,No,18.0,247.59,No
CUST06226,Male,0,No,No,31,Two year,Fiber optic,Yes,Mailed check,Yes,100.47,3021.15,No
CUST06227,Female,0,No,No,17,Two year,DSL,Yes,Bank transfer,No,66.67,1197.81,No
CUST06228,Male,1,Yes,Yes,57,One year,No,Yes,Electronic check,No,33.15,1840.56,No
CUST06229,Male,1,Yes,Yes,23,One year,Fiber optic,Yes,Electronic check,Yes,64.46,1626.55,Yes
CUST06230,Male,0,Yes,Yes,4,Month-to-month,Fiber optic,Yes,Credit card,No,49.62,88.45,No
CUST06231,Male,0,No,No,52,Month-to-month,Fiber optic,Yes,Credit card,Yes,84.47,4523.78,No
CUST06232,Male,0,Yes,No,72,Month-to-month,No,Yes,Electronic check,No,22.45,1535.85,No
CUST06233,Female,0,Yes,No,54,Month-to-month,Fiber optic,Yes,Mailed check,No,66.8,3579.56,No
CUST06234,Female,1,Yes,No,4,One year,DSL,Yes,Mailed check,Yes,69.9,199.26,Yes
CUST06235,Male,0,Yes,No,68,Month-to-month,Fiber optic,Yes,Electronic check,No,53.4,3716.74,No
CUST06236,Female,0,No,Yes,40,Month-to-month,No,Yes,Credit card,Yes,35.81,1554.59,No
CUST06237,Male,0,No,Yes,6,Two year,Fiber optic,No,Electronic check,Yes,64.92,356.55,No
CUST06238,Male,0,Yes,Yes,0,Two year,No,Yes,Credit card,Yes,18.11,0.0,Yes
CUST06239,Male,1,No,No,51,Month-to-month,DSL,Yes,Credit card,No,74.0,3652.1,No
CUST06240,Female,0,No,Yes,25,Month-to-month,Fiber optic,Yes,Bank transfer,Yes,95.27,2474.72,Yes
CUST06241,Male,0,No,No,62,Month-to-month,DSL,No,Credit card,Yes,60.48,3671.67,No
CUST06242,Male,0,No,No,11,Month-to-month,Fiber optic,No,Electronic check,No,82.52,804.97,Yes
CUST06243,Female,0,Yes,Yes,69,Month-to-month,Fiber optic,Yes,Mailed check,No,117.16,8083.12,No
CUST06244,Female,0,Yes,Yes,18,Two year,No,Yes,Mailed check,Yes,18.0,284.55,No
CUST06245,Female,0,No,No,3,One year,DSL,Yes,Bank transfer,No,72.43,157.86,Yes
CUST06246,Male,0,No,Yes,4,Two year,DSL,Yes,Bank transfer,Yes,75.18,287.29,No
CUST06247,Male,0,No,Yes,53,Month-to-month,DSL,Yes,Bank transfer,No,59.8,3114.87,No
CUST06248,Female,0,No,No,69,Month-to-month,DSL,Yes,Electronic check,Yes,73.19,5062.64,No
CUST06249,Male,0,No,No,56,Month-to-month,DSL,Yes,Credit card,No,60.1,3463.9,No
CUST06250,Female,0,No,Yes,51,Two year,No,Yes,Credit card,No,19.76,817.36,No
CUST06251,Female,0,No,No,17,Month-to-month,Fiber optic,Yes,Bank transfer,No,93.96,1624.06,No
CUST06252,Male,0,Yes,Yes,63,Month-to-month,No,Yes,Credit card,Yes,31.67,2101.65,No
CUST06253,Male,0,No,No,9,Month-to-month,DSL,Yes,Electronic check,No,67.58,635.48,Yes
CUST06254,Female,0,No,No,22,One year,No,Yes,Electronic check,No,25.21,654.6,No
CUST06255,Female,0,No,No,67,Month-to-month,DSL,Yes,Credit card,Yes,65.68,4457.12,No
CUST06256,Female,0,Yes,No,51,Month-to-month,No,Yes,Credit card,No,18.0,941.77,No
CUST06257,Female,0,Yes,No,46,Month-to-month,Fiber optic,Yes,Mailed check,Yes,83.44,3726.44,Yes
CUST06258,Male,0,No,No,69,Month-to-month,Fiber optic,Yes,Mailed check,Yes,56.46,3778.2,No
CUST06259,Female,0,No,Yes,25,One year,Fiber optic,Yes,Bank transfer,No,53.57,1247.65,No
CUST06260,Female,1,No,No,69,Two year,No,Yes,Mailed check,Yes,26.35,1900.71,No
CUST06261,Female,0,Yes,No,42,Month-to-month,Fiber optic,Yes,Electronic check,Yes,90.16,3769.96,Yes
CUST06262,Male,0,Yes,No,68,Two year,DSL,No,Electronic check,Yes,42.22,2889.81,No
CUST06263,Male,0,Yes,No,62,Month-to-month,Fiber optic,Yes,Electronic check,No,94.71,5897.19,No
CUST06264,Female,0,No,No,65,Month-to-month,No,Yes,Bank transfer,No,18.0,1149.76,Yes
CUST06265,Male,0,Yes,Yes,62,One year,No,Yes,Electronic check,No,18.0,1110.72,No
CUST06266,Male,0,No,No,12,Month-to-month,Fiber optic,Yes,Credit card,No,56.85,770.08,No
CUST06267,Male,0,Yes,Yes,50,Month-to-month,DSL,Yes,Credit card,Yes,52.96,2612.12,No
CUST06268,Female,0,No,Yes,4,One year,Fiber optic,Yes,Mailed check,Yes,120.79,506.09,No
CUST06269,Female,0,No,Yes,46,Month-to-month,No,Yes,Electronic check,Yes,24.85,1088.41,No
CUST06270,Male,0,No,No,35,One year,Fiber optic,Yes,Bank transfer,Yes,70.02,2442.54,No
CUST06271,Female,0,Yes,Yes,35,One year,Fiber optic,Yes,Bank transfer,Yes,99.48,3573.02,Yes
CUST06272,Female,0,No,No,49,Month-to-month,Fiber optic,Yes,Electronic check,No,87.49,4287.33,No
CUST06273,Male,0,Yes,No,55,Month-to-month,DSL,Yes,Bank transfer,No,66.42,3605.55,Yes
CUST06274,Male,0,Yes,Yes,18,Month-to-month,No,Yes,Electronic check,No,23.46,506.74,No
CUST06275,Female,1,Yes,Yes,19,Month-to-month,No,Yes,Credit card,No,21.22,507.12,Yes
CUST06276,Male,1,No,Yes,21,Month-to-month,DSL,Yes,Bank transfer,Yes,79.92,1877.76,No
CUST06277,Female,0,Yes,No,30,Month-to-month,No,Yes,Mailed check,Yes,18.0,563.13,No
CUST06278,Female,0,No,Yes,61,Month-to-month,No,Yes,Credit card,No,44.82,2662.84,No
CUST06279,Male,0,Yes,No,43,Month-to-month,DSL,Yes,Mailed check,Yes,65.22,2749.22,No
CUST06280,Female,0,Yes,No,67,One year,Fiber optic,Yes,Credit card,No,78.63,5240.88,No
CUST06281,Female,1,Yes,No,66,Month-to-month,DSL,Yes,Electronic check,Yes,77.0,5131.95,No
CUST06282,Male,0,No,No,48,Two year,DSL,Yes,Mailed check,No,56.82,2652.39,No
CUST06283,Male,0,Yes,No,58,Month-to-month,Fiber optic,No,Electronic check,No,73.36,4300.51,No
CUST06284,Male,0,No,No,3,Month-to-month,DSL,Yes,Mailed check,Yes,69.21,119.54,No
CUST06285,Female,0,No,No,38,One year,No,Yes,Credit card,No,40.46,1520.28,No
CUST06286,Male,0,No,Yes,6,Two year,No,Yes,Credit card,Yes,18.0,37.7,No
CUST06287,Male,0,Yes,No,70,Two year,DSL,Yes,Credit card,Yes,66.84,4633.77,No
CUST06288,Male,0,Yes,No,48,Month-to-month,DSL,Yes,Bank transfer,Yes,58.67,2915.35,No
CUST06289,Male,0,No,Yes,14,One year,DSL,Yes,Electronic check,No,75.57,941.22,No
CUST06290,Female,0,No,No,6,Month-to-month,No,Yes,Electronic check,Yes,27.61,224.86,Yes
CUST06291,Female,0,Yes,No,46,Month-to-month,Fiber optic,Yes,Electronic check,Yes,61.18,2829.68,No
CUST06292,Male,0,No,No,67,One year,Fiber optic,Yes,Bank transfer,Yes,55.51,3723.43,No
CUST06293,Female,0,Yes,No,44,Month-to-month,Fiber optic,Yes,Mailed check,No,70.96,3173.98,No
CUST06294,Male,1,No,No,18,Month-to-month,DSL,Yes,Mailed check,Yes,54.83,987.33,Yes
CUST06295,Male,0,Yes,Yes,46,One year,DSL,Yes,Credit card,Yes,48.79,2162.19,No
CUST06296,Female,0,Yes,No,52,Two year,DSL,Yes,Bank transfer,No,62.71,3490.64,No
CUST06297,Female,0,Yes,Yes,26,Month-to-month,Fiber optic,Yes,Electronic check,No,81.25,2035.98,No
CUST06298,Male,0,No,No,4,One year,Fiber optic,Yes,Electronic check,Yes,82.47,437.82,Yes
CUST06299,Male,0,No,No,59,Month-to-month,DSL,Yes,Credit card,Yes,80.51,4655.7,No
CUST06300,Female,0,Yes,Yes,61,Month-to-month,Fiber optic,Yes,Credit card,Yes,79.66,5053.83,No
CUST06301,Male,1,No,No,58,One year,Fiber optic,Yes,Electronic check,Yes,96.58,5505.51,No
CUST06302,Female,0,No,Yes,60,Two year,DSL,Yes,Credit card,No,56.51,3347.26,No
CUST06303,Male,1,No,Yes,55,Month-to-month,DSL,Yes,Mailed check,Yes,53.3,2787.65,No
CUST06304,Male,1,Yes,No,46,One year,DSL,Yes,Credit card,Yes,87.16,3962.25,No
CUST06305,Female,1,No,Yes,47,Month-to-month,DSL,Yes,Bank transfer,Yes,60.11,2850.77,No
CUST06306,Female,0,Yes,No,9,Two year,Fiber optic,Yes,Credit card,Yes,97.71,852.1,No
CUST06307,Female,0,Yes,Yes,31,One year,DSL,No,Bank transfer,Yes,53.32,1759.81,No
CUST06308,Female,0,No,Yes,64,Two year,No,Yes,Electronic check,Yes,31.27,2003.6,No
CUST06309,Female,0,No,Yes,23,Two year,DSL,No,Electronic check,No,81.42,1907.95,No
CUST06310,Female,0,No,No,28,Month-to-month,Fiber optic,Yes,Bank transfer,Yes,106.05,2970.8,Yes
CUST06311,Female,0,No,Yes,6,Month-to-month,No,Yes,Electronic check,No,27.63,110.3,No
CUST06312,Male,0,No,No,16,One year,DSL,Yes,Electronic check,Yes,48.79,944.82,No
CUST06313,Male,1,Yes,No,24,One year,Fiber optic,Yes,Electronic check,Yes,70.46,1719.82,No
CUST06314,Male,0,Yes,Yes,35,Two year,DSL,Yes,Mailed check,Yes,71.62,2499.71,No
CUST06315,Female,0,No,Yes,60,Month-to-month,Fiber optic,Yes,Bank transfer,No,106.56,6293.03,No
CUST06316,Female,0,No,No,70,One year,Fiber optic,Yes,Credit card,No,81.83,5786.91,No
CUST06317,Female,0,No,No,34,One year,DSL,Yes,Credit card,Yes,59.91,2021.03,Yes
CUST06318,Male,0,No,No,49,Month-to-month,DSL,Yes,Credit card,Yes,71.15,3530.84,No
CUST06319,Female,1,No,No,55,Month-to-month,No,Yes,Bank transfer,Yes,40.13,2206.89,No
CUST06320,Female,0,No,No,64,Month-to-month,Fiber optic,Yes,Credit card,Yes,68.5,4478.84,No
CUST06321,Male,0,Yes,No,40,Two year,DSL,Yes,Credit card,No,68.51,2874.39,No
CUST06322,Female,0,Yes,No,24,Month-to-month,Fiber optic,Yes,Credit card,Yes,76.52,1812.56,No
CUST06323,Male,0,No,Yes,33,Month-to-month,DSL,Yes,Electronic check,Yes,48.24,1614.97,No
CUST06324,Male,0,No,Yes,7,Month-to-month,DSL,Yes,Credit card,No,51.74,268.74,No
CUST06325,Female,0,No,No,55,Month-to-month,DSL,Yes,Electronic check,Yes,74.71,4062.19,No
CUST06326,Female,0,Yes,No,29,One year,Fiber optic,Yes,Mailed check,No,104.55,2986.46,No
CUST06327,Female,0,No,Yes,67,Two year,Fiber optic,No,Mailed check,No,70.12,4686.17,No
CUST06328,Male,0,No,No,20,Month-to-month,No,Yes,Mailed check,Yes,25.5,422.37,No
CUST06329,Male,0,No,No,9,Month-to-month,DSL,Yes,Bank transfer,No,74.05,644.15,No
CUST06330,Male,1,Yes,No,32,Month-to-month,Fiber optic,Yes,Mailed check,Yes,97.8,3099.08,Yes
CUST06331,Female,0,No,Yes,3,Month-to-month,DSL,Yes,Bank transfer,No,73.64,408.3,No
CUST06332,Female,0,No,No,22,Month-to-month,Fiber optic,Yes,Mailed check,No,79.35,1692.1,No
CUST06333,Female,0,No,Yes,68,Month-to-month,Fiber optic,Yes,Electronic check,No,75.98,5320.41,No
CUST06334,Female,1,No,Yes,52,One year,DSL,Yes,Bank transfer,Yes,63.3,3227.72,Yes
CUST06335,Male,1,No,Yes,4,Month-to-month,No,Yes,Mailed check,No,20.14,100.71,No
CUST06336,Male,0,Yes,No,17,One year,DSL,Yes,Bank transfer,Yes,68.79,1186.06,No
CUST06337,Male,0,Yes,No,16,Month-to-month,No,No,Electronic check,No,21.56,440.89,No
CUST06338,Male,0,No,No,57,Month-to-month,No,Yes,Mailed check,No,22.69,1378.47,No
CUST06339,Female,0,Yes,No,66,Two year,Fiber optic,Yes,Credit card,Yes,82.42,5585.05,No
CUST06340,Female,0,No,No,71,Month-to-month,No,Yes,Electronic check,No,20.36,1463.45,No
CUST06341,Female,0,Yes,Yes,55,Month-to-month,DSL,No,Mailed check,No,67.86,3812.28,No
CUST06342,Male,0,Yes,Yes,39,Two year,Fiber optic,Yes,Electronic check,Yes,66.6,2543.05,No
CUST06343,Male,1,No,No,1,Month-to-month,No,Yes,Mailed check,Yes,21.42,0.0,No
CUST06344,Female,0,Yes,No,20,Month-to-month,No,Yes,Mailed check,Yes,36.04,779.93,No
CUST06345,Female,0,No,No,51,Month-to-month,DSL,Yes,Credit card,No,63.03,3255.9,No
CUST06346,Male,0,No,No,23,Month-to-month,Fiber optic,Yes,Electronic check,Yes,68.56,1688.6,Yes
CUST06347,Female,0,Yes,No,52,One year,DSL,Yes,Credit card,Yes,72.62,3771.17,No
CUST06348,Male,0,No,No,37,Two year,Fiber optic,Yes,Bank transfer,No,64.69,2402.54,No
CUST06349,Male,0,Yes,No,19,Month-to-month,DSL,Yes,Mailed check,Yes,52.03,891.56,Yes
CUST06350,Male,0,No,No,49,One year,DSL,Yes,Credit card,No,60.61,3072.78,No
CUST06351,Female,0,Yes,No,38,One year,DSL,Yes,Electronic check,No,65.62,2486.66,No
CUST06352,Female,0,Yes,No,59,Two year,Fiber optic,Yes,Electronic check,No,87.26,5011.26,No
CUST06353,Male,0,No,No,38,One year,Fiber optic,Yes,Credit card,Yes,77.67,3086.4,No
CUST06354,Female,0,No,No,70,Two year,Fiber optic,Yes,Credit card,Yes,81.82,5828.43,No
CUST06355,Male,0,Yes,No,32,Month-to-month,Fiber optic,Yes,Credit card,Yes,105.02,3353.67,No
CUST06356,Male,0,No,No,28,Month-to-month,Fiber optic,Yes,Electronic check,Yes,60.75,1708.78,Yes
CUST06357,Male,0,No,No,9,Month-to-month,DSL,Yes,Bank transfer,Yes,57.11,679.52,No
CUST06358,Male,0,No,No,66,Two year,Fiber optic,Yes,Mailed check,No,76.66,5149.98,No
CUST06359,Female,0,Yes,No,2,Month-to-month,DSL,No,Credit card,Yes,78.95,173.65,Yes
CUST06360,Male,0,No,No,30,One year,Fiber optic,Yes,Electronic check,No,95.45,2826.65,No
CUST06361,Male,0,No,No,26,Month-to-month,Fiber optic,Yes,Credit card,No,94.2,2527.93,No
CUST06362,Female,1,No,Yes,69,Two year,DSL,Yes,Electronic check,Yes,58.15,4021.47,No
CUST06363,Male,0,No,No,26,One year,Fiber optic,Yes,Electronic check,Yes,80.4,2086.92,No
CUST06364,Male,0,Yes,No,8,One year,Fiber optic,Yes,Electronic check,Yes,79.02,624.6,No
CUST06365,Female,0,Yes,No,5,Two year,Fiber optic,Yes,Electronic check,No,82.23,640.65,No
CUST06366,Female,0,Yes,No,5,Two year,Fiber optic,Yes,Electronic check,No,63.08,379.9,No
CUST06367,Female,0,Yes,No,25,Month-to-month,Fiber optic,Yes,Electronic check,Yes,100.83,2430.02,Yes
CUST06368,Male,0,Yes,No,42,Two year,No,Yes,Bank transfer,No,32.26,1292.11,No
CUST06369,Female,0,No,Yes,18,Month-to-month,Fiber optic,Yes,Bank transfer,Yes,75.35,1420.25,Yes
CUST06370,Female,0,Yes,No,15,Two year,DSL,Yes,Credit card,No,70.93,948.45,Yes
CUST06371,Male,1,Yes,No,22,Month-to-month,No,Yes,Electronic check,No,18.0,427.89,No
CUST06372,Male,0,Yes,Yes,28,Month-to-month,DSL,Yes,Mailed check,Yes,57.41,1534.18,No
CUST06373,Male,0,Yes,No,37,Two year,DSL,No,Electronic check,No,47.82,1715.01,No
CUST06374,Male,0,Yes,No,58,One year,Fiber optic,No,Mailed check,Yes,101.48,5899.52,No
CUST06375,Male,1,No,No,47,Month-to-month,No,Yes,Credit card,No,18.0,823.08,No
CUST06376,Female,0,Yes,Yes,19,Month-to-month,DSL,Yes,Mailed check,Yes,75.04,1284.68,Yes
CUST06377,Female,0,No,Yes,20,Two year,DSL,Yes,Credit card,Yes,64.27,1271.51,No
CUST06378,Female,1,Yes,No,27,Month-to-month,DSL,Yes,Credit card,No,68.53,1902.61,No
CUST06379,Male,0,No,Yes,49,Month-to-month,Fiber optic,Yes,Electronic check,No,58.02,2875.9,Yes
CUST06380,Male,0,Yes,No,32,One year,No,Yes,Electronic check,Yes,32.57,1149.66,No
CUST06381,Male,0,No,No,39,Month-to-month,No,Yes,Bank transfer,Yes,18.46,632.94,Yes
CUST06382,Female,0,No,No,53,One year,DSL,Yes,Bank transfer,Yes,48.54,2617.68,No
CUST06383,Female,1,No,Yes,9,Month-to-month,DSL,Yes,Mailed check,Yes,91.9,816.9,No
CUST06384,Male,0,No,No,33,Month-to-month,No,Yes,Mailed check,No,33.38,1084.69,Yes
CUST06385,Female,1,No,No,72,Two year,DSL,Yes,Electronic check,No,48.91,3552.84,Yes
CUST06386,Male,1,No,No,35,Two year,DSL,Yes,Credit card,Yes,61.83,2121.49,No
CUST06387,Female,0,No,Yes,6,Two year,DSL,Yes,Electronic check,No,69.45,365.0,No
CUST06388,Female,0,No,Yes,15,Two year,DSL,Yes,Electronic check,Yes,85.92,1228.56,No
CUST06389,Female,0,No,No,50,Month-to-month,DSL,Yes,Bank transfer,Yes,60.92,3051.0,No
CUST06390,Male,0,No,No,60,Month-to-month,DSL,Yes,Mailed check,Yes,56.32,3384.79,No
CUST06391,Female,0,Yes,No,30,One year,Fiber optic,Yes,Bank transfer,Yes,92.48,2743.76,No
CUST06392,Female,0,No,Yes,31,Month-to-month,Fiber optic,Yes,Credit card,Yes,86.36,2750.04,No
CUST06393,Male,0,No,No,44,Month-to-month,Fiber optic,Yes,Mailed check,No,85.74,3760.98,Yes
CUST06394,Female,0,No,No,26,Month-to-month,No,Yes,Electronic check,Yes,23.63,779.03,Yes
CUST06395,Male,0,Yes,Yes,21,Month-to-month,No,No,Electronic check,Yes,27.45,694.66,No
CUST06396,Male,1,No,No,14,Month-to-month,DSL,Yes,Electronic check,No,63.08,699.88,No
CUST06397,Male,0,No,No,7,Month-to-month,Fiber optic,Yes,Electronic check,No,95.7,591.62,Yes
CUST06398,Male,1,No,No,67,Two year,No,No,Credit card,No,30.62,2019.45,No
CUST06399,Male,0,Yes,No,7,Month-to-month,No,Yes,Credit card,No,18.0,238.77,Yes
CUST06400,Female,0,Yes,No,15,One year,DSL,Yes,Bank transfer,Yes,33.87,278.25,No
CUST06401,Male,0,Yes,No,47,Month-to-month,Fiber optic,Yes,Bank transfer,Yes,107.31,4913.54,No
CUST06402,Male,0,No,No,33,Two year,Fiber optic,Yes,Bank transfer,No,80.29,2700.4,No
CUST06403,Male,0,Yes,No,56,One year,Fiber optic,Yes,Electronic check,No,83.24,4747.3,No
CUST06404,Male,0,No,No,4,Month-to-month,DSL,Yes,Electronic check,No,63.23,193.9,Yes
CUST06405,Female,0,No,No,43,Month-to-month,DSL,Yes,Bank transfer,No,48.69,2083.59,No
CUST06406,Male,0,No,Yes,70,One year,Fiber optic,Yes,Electronic check,No,92.81,6461.54,No
CUST06407,Female,0,Yes,No,36,Month-to-month,Fiber optic,Yes,Credit card,Yes,118.64,4398.44,No
CUST06408,Male,0,Yes,No,27,Month-to-month,DSL,Yes,Bank transfer,Yes,77.88,2223.32,No
CUST06409,Female,0,No,Yes,67,Month-to-month,No,Yes,Electronic check,Yes,19.96,1205.98,No
CUST06410,Male,0,No,No,37,Month-to-month,DSL,Yes,Bank transfer,Yes,49.74,1799.28,No
CUST06411,Male,1,Yes,Yes,45,Month-to-month,DSL,Yes,Bank transfer,Yes,85.64,3819.53,No
CUST06412,Female,1,No,Yes,72,Month-to-month,No,Yes,Mailed check,Yes,30.24,2231.87,No
CUST06413,Male,1,No,Yes,25,Month-to-month,DSL,Yes,Credit card,Yes,70.96,1931.3,No
CUST06414,Female,0,Yes,No,52,Two year,DSL,Yes,Electronic check,No,64.0,3300.58,No
CUST06415,Male,0,Yes,No,62,Two year,Fiber optic,Yes,Mailed check,Yes,93.0,5827.32,No
CUST06416,Female,0,No,No,62,Month-to-month,DSL,Yes,Bank transfer,Yes,67.18,4073.25,No
CUST06417,Male,0,Yes,No,37,Month-to-month,DSL,Yes,Bank transfer,Yes,65.1,2411.22,No
CUST06418,Male,0,Yes,No,14,Two year,DSL,Yes,Electronic check,Yes,54.9,836.5,Yes
CUST06419,Female,0,Yes,No,8,One year,DSL,Yes,Electronic check,Yes,55.09,458.84,No
CUST06420,Male,0,No,Yes,21,Two year,No,Yes,Electronic check,No,38.15,838.13,Yes
CUST06421,Male,0,No,No,69,Month-to-month,No,Yes,Electronic check,No,18.0,1921.385,No
CUST06422,Male,0,Yes,No,55,Month-to-month,DSL,Yes,Credit card,Yes,70.13,4053.79,No
CUST06423,Male,0,Yes,Yes,36,Two year,DSL,Yes,Credit card,Yes,79.49,2901.25,No
CUST06424,Male,0,Yes,Yes,56,Month-to-month,DSL,Yes,Bank transfer,No,62.67,3618.62,No
CUST06425,Male,0,No,No,59,One year,Fiber optic,Yes,Bank transfer,Yes,87.56,5290.81,No
CUST06426,Female,0,Yes,No,11,One year,No,Yes,Bank transfer,No,31.85,529.88,No
CUST06427,Female,1,No,Yes,6,Two year,No,Yes,Bank transfer,Yes,18.0,60.81,Yes
CUST06428,Female,0,Yes,Yes,65,Two year,DSL,Yes,Mailed check,Yes,70.25,4357.44,No
CUST06429,Male,0,Yes,Yes,40,Month-to-month,DSL,Yes,Mailed check,No,56.42,2312.89,No
CUST06430,Female,1,Yes,No,23,Month-to-month,DSL,Yes,Bank transfer,Yes,69.42,1702.91,No
CUST06431,Male,0,No,No,24,Month-to-month,No,Yes,Mailed check,Yes,26.86,651.9,No
CUST06432,Male,0,No,Yes,61,Two year,Fiber optic,Yes,Bank transfer,Yes,62.5,3832.47,No
CUST06433,Male,0,No,Yes,43,Month-to-month,Fiber optic,Yes,Credit card,Yes,66.43,2915.18,No
CUST06434,Male,0,Yes,No,1,Month-to-month,No,Yes,Bank transfer,No,18.69,0.0,No
CUST06435,Female,0,Yes,Yes,41,Two year,No,Yes,Electronic check,No,29.57,1108.99,No
CUST06436,Male,0,No,No,32,Month-to-month,Fiber optic,Yes,Bank transfer,Yes,54.19,1574.1,Yes
CUST06437,Female,0,No,Yes,16,Two year,DSL,Yes,Bank transfer,Yes,88.36,1276.01,No
CUST06438,Male,0,No,Yes,62,One year,DSL,Yes,Electronic check,Yes,60.97,3757.01,No
CUST06439,Female,1,Yes,No,21,Month-to-month,DSL,Yes,Electronic check,Yes,66.77,1406.14,Yes
CUST06440,Female,0,Yes,No,0,Month-to-month,Fiber optic,Yes,Bank transfer,No,101.31,0.0,No
CUST06441,Female,0,Yes,No,69,Month-to-month,Fiber optic,Yes,Bank transfer,No,94.27,6394.23,Yes
CUST06442,Female,1,No,No,53,Month-to-month,Fiber optic,Yes,Credit card,Yes,72.34,3807.72,No
CUST06443,Female,0,No,No,13,One year,DSL,No,Bank transfer,No,77.39,980.88,No
CUST06444,Female,0,No,No,52,Month-to-month,No,Yes,Electronic check,Yes,39.68,2140.13,No
CUST06445,Male,0,Yes,No,5,Month-to-month,Fiber optic,Yes,Mailed check,No,78.09,416.29,No
CUST06446,Female,0,No,No,63,Month-to-month,DSL,Yes,Electronic check,Yes,68.69,4318.07,Yes
CUST06447,Male,0,Yes,Yes,32,Two year,Fiber optic,No,Bank transfer,No,73.61,2354.29,No
CUST06448,Female,0,Yes,Yes,71,Two year,No,Yes,Electronic check,No,24.09,1615.54,No
CUST06449,Male,0,No,Yes,43,Month-to-month,Fiber optic,No,Electronic check,Yes,80.74,3495.54,No
CUST06450,Female,0,No,No,33,Month-to-month,DSL,Yes,Electronic check,Yes,74.16,2521.78,Yes
CUST06451,Female,0,No,No,33,Two year,DSL,Yes,Electronic check,No,66.05,2194.15,No
CUST06452,Male,1,No,Yes,23,One year,DSL,No,Electronic check,No,61.72,1352.48,No
CUST06453,Female,0,Yes,No,1,Two year,Fiber optic,No,Bank transfer,No,69.2,138.6,No
CUST06454,Female,1,No,Yes,7,Month-to-month,Fiber optic,Yes,Electronic check,Yes,94.07,706.94,Yes
CUST06455,Female,0,No,No,24,Month-to-month,Fiber optic,Yes,Electronic check,Yes,82.2,2043.74,No
CUST06456,Male,0,Yes,No,31,Two year,Fiber optic,Yes,Credit card,Yes,67.74,2113.6,No
CUST06457,Female,0,No,No,55,Month-to-month,No,Yes,Mailed check,Yes,21.04,1206.3,No
CUST06458,Male,0,No,Yes,6,Month-to-month,Fiber optic,Yes,Mailed check,No,76.08,458.26,Yes
CUST06459,Female,0,Yes,No,47,Month-to-month,Fiber optic,Yes,Electronic check,Yes,81.95,3882.56,No
CUST06460,Female,0,Yes,No,53,Month-to-month,Fiber optic,Yes,Electronic check,No,73.56,3867.82,No
CUST06461,Male,0,Yes,No,62,One year,Fiber optic,Yes,Bank transfer,No,60.79,3770.59,No
CUST06462,Female,0,No,Yes,72,One year,No,Yes,Electronic check,Yes,28.16,2018.74,No
CUST06463,Female,1,No,Yes,1,Month-to-month,Fiber optic,Yes,Electronic check,Yes,86.54,142.07,No
CUST06464,Male,0,No,No,34,Two year,DSL,Yes,Mailed check,Yes,55.64,1867.6,No
CUST06465,Female,0,Yes,No,21,Month-to-month,Fiber optic,Yes,Electronic check,Yes,70.33,1554.82,No
CUST06466,Male,0,No,No,63,Month-to-month,No,Yes,Bank transfer,Yes,29.3,1749.74,No
CUST06467,Male,0,No,No,58,Month-to-month,No,Yes,Electronic check,No,25.4,1294.94,No
CUST06468,Male,0,Yes,No,48,Two year,Fiber optic,Yes,Electronic check,No,81.6,3819.99,Yes
CUST06469,Female,0,No,No,51,Month-to-month,Fiber optic,Yes,Mailed check,Yes,66.4,3377.65,No
CUST06470,Male,0,No,Yes,20,Two year,DSL,Yes,Bank transfer,Yes,68.31,1438.45,No
CUST06471,Male,1,Yes,Yes,11,Month-to-month,Fiber optic,Yes,Bank transfer,Yes,81.61,831.58,Yes
CUST06472,Female,0,Yes,No,10,Month-to-month,Fiber optic,No,Electronic check,No,83.43,731.91,Yes
CUST06473,Male,1,No,Yes,53,Two year,DSL,Yes,Electronic check,Yes,57.75,2996.56,No
CUST06474,Female,0,No,No,69,One year,DSL,Yes,Electronic check,No,72.66,5072.47,No
CUST06475,Female,0,No,No,13,Month-to-month,Fiber optic,Yes,Bank transfer,Yes,83.61,1062.76,Yes
CUST06476,Female,0,No,No,32,Two year,Fiber optic,Yes,Mailed check,No,79.2,2522.27,No
CUST06477,Female,0,Yes,No,25,Month-to-month,Fiber optic,Yes,Bank transfer,No,82.56,2140.3,No
CUST06478,Male,0,Yes,No,13,Two year,No,Yes,Mailed check,No,18.0,205.13,No
CUST06479,Male,0,No,Yes,47,One year,Fiber optic,No,Mailed check,Yes,93.36,4465.7,No
CUST06480,Male,0,Yes,No,64,Month-to-month,DSL,Yes,Mailed check,No,82.24,5256.27,No
CUST06481,Male,0,No,No,45,One year,No,Yes,Electronic check,Yes,18.0,745.6,No
CUST06482,Male,1,Yes,No,54,Two year,Fiber optic,No,Electronic check,No,98.12,5354.75,No
CUST06483,Female,0,Yes,Yes,67,One year,DSL,Yes,Electronic check,No,74.45,5035.12,No
CUST06484,Male,1,Yes,No,11,Month-to-month,Fiber optic,Yes,Electronic check,No,63.5,728.72,No
CUST06485,Male,0,Yes,No,53,Month-to-month,DSL,Yes,Credit card,No,64.23,3574.68,No
CUST06486,Male,1,No,No,63,Two year,Fiber optic,Yes,Credit card,No,96.5,6147.43,No
CUST06487,Female,0,Yes,Yes,46,Two year,Fiber optic,Yes,Electronic check,Yes,92.8,4176.82,No
CUST06488,Female,0,No,No,36,One year,No,Yes,Electronic check,Yes,22.68,835.4,Yes
CUST06489,Male,0,No,No,40,One year,Fiber optic,Yes,Electronic check,No,104.13,4221.52,No
CUST06490,Female,0,No,No,26,Month-to-month,DSL,No,Credit card,No,51.75,1369.96,Yes
CUST06491,Male,0,Yes,No,41,Two year,DSL,Yes,Credit card,No,51.61,2054.93,No
CUST06492,Male,0,No,No,67,Month-to-month,Fiber optic,Yes,Mailed check,Yes,62.47,4120.38,No
CUST06493,Female,0,Yes,No,28,One year,DSL,Yes,Mailed check,No,73.26,1954.08,Yes
CUST06494,Female,0,No,No,35,Month-to-month,Fiber optic,Yes,Mailed check,Yes,80.81,2853.89,Yes
CUST06495,Male,0,No,No,56,Month-to-month,Fiber optic,Yes,Electronic check,Yes,72.58,4020.54,No
CUST06496,Male,0,Yes,No,11,One year,Fiber optic,Yes,Electronic check,Yes,88.58,911.35,No
CUST06497,Female,0,No,No,44,One year,No,Yes,Bank transfer,No,18.0,753.45,No
CUST06498,Male,1,Yes,No,19,Two year,Fiber optic,Yes,Credit card,No,89.17,1618.97,No
CUST06499,Female,0,Yes,No,44,Month-to-month,Fiber optic,Yes,Bank transfer,Yes,96.59,4275.17,Yes
CUST06500,Male,0,No,Yes,22,Month-to-month,DSL,Yes,Credit card,Yes,82.0,1799.72,No
CUST06501,Female,1,Yes,Yes,61,Two year,No,Yes,Credit card,No,23.77,1496.61,No
CUST06502,Male,0,No,No,33,Month-to-month,No,Yes,Electronic check,No,18.0,547.33,No
CUST06503,Male,0,No,Yes,20,One year,No,Yes,Electronic check,Yes,19.39,398.93,No
CUST06504,Female,0,Yes,No,50,Two year,No,Yes,Mailed check,Yes,29.23,1474.09,No
CUST06505,Male,0,Yes,No,8,Two year,No,Yes,Mailed check,No,18.83,184.98,No
CUST06506,Male,0,Yes,No,9,Month-to-month,Fiber optic,Yes,Bank transfer,Yes,65.87,599.56,Yes
CUST06507,Female,0,Yes,Yes,51,One year,Fiber optic,No,Electronic check,Yes,72.74,3618.14,No
CUST06508,Male,0,Yes,Yes,44,Month-to-month,DSL,Yes,Credit card,No,63.89,2852.02,No
CUST06509,Male,0,No,No,51,Month-to-month,Fiber optic,Yes,Credit card,Yes,76.49,3955.8,No
CUST06510,Male,0,No,No,29,Month-to-month,Fiber optic,Yes,Electronic check,No,80.81,2350.68,No
CUST06511,Female,1,No,No,63,Two year,No,Yes,Mailed check,No,31.11,1935.78,No
CUST06512,Female,0,Yes,No,1,Month-to-month,Fiber optic,No,Credit card,No,81.43,184.2,Yes
CUST06513,Female,1,No,Yes,48,One year,No,Yes,Electronic check,Yes,18.59,932.49,No
CUST06514,Male,1,No,Yes,44,One year,Fiber optic,Yes,Bank transfer,Yes,65.04,2897.19,No
CUST06515,Male,0,Yes,No,16,Month-to-month,DSL,Yes,Bank transfer,Yes,76.0,1229.78,No
CUST06516,Male,0,Yes,No,27,Month-to-month,DSL,Yes,Electronic check,No,61.4,1621.86,No
CUST06517,Male,0,Yes,No,44,Two year,No,Yes,Electronic check,Yes,25.29,1171.0,No
CUST06518,Female,1,No,Yes,16,Month-to-month,Fiber optic,Yes,Bank transfer,Yes,90.67,1420.98,No
CUST06519,Male,0,No,Yes,58,One year,DSL,Yes,Bank transfer,No,89.59,5246.99,Yes
CUST06520,Male,1,No,No,13,Month-to-month,Fiber optic,Yes,Bank transfer,Yes,88.36,1051.8,Yes
CUST06521,Male,0,No,No,9,Month-to-month,DSL,Yes,Electronic check,Yes,71.21,701.46,Yes
CUST06522,Female,0,No,Yes,17,Month-to-month,No,Yes,Bank transfer,No,18.0,318.24,No
CUST06523,Male,0,Yes,No,34,Month-to-month,DSL,No,Mailed check,Yes,44.41,1536.05,No
CUST06524,Male,0,No,Yes,47,Month-to-month,Fiber optic,Yes,Mailed check,No,94.65,4561.39,No
CUST06525,Male,0,No,No,57,One year,Fiber optic,Yes,Bank transfer,No,77.6,4415.6,No
CUST06526,Male,0,Yes,Yes,17,Month-to-month,No,Yes,Mailed check,Yes,18.0,311.62,Yes
CUST06527,Male,0,No,No,51,Month-to-month,No,Yes,Mailed check,Yes,18.0,898.45,No
CUST06528,Female,0,Yes,Yes,29,Month-to-month,DSL,Yes,Mailed check,Yes,84.01,2523.97,No
CUST06529,Male,1,Yes,Yes,36,One year,No,Yes,Credit card,Yes,18.0,582.4,Yes
CUST06530,Male,1,No,No,39,Month-to-month,Fiber optic,Yes,Mailed check,Yes,61.66,2387.41,Yes
CUST06531,Male,0,No,No,5,Month-to-month,DSL,Yes,Mailed check,Yes,70.21,406.31,No
CUST06532,Male,0,Yes,No,34,One year,Fiber optic,Yes,Electronic check,Yes,97.56,3421.77,No
CUST06533,Male,0,No,Yes,25,One year,No,Yes,Bank transfer,Yes,27.84,740.56,Yes
CUST06534,Male,0,No,No,29,Month-to-month,Fiber optic,Yes,Mailed check,No,106.19,3045.58,No
CUST06535,Male,0,No,No,23,Two year,No,Yes,Bank transfer,Yes,34.89,784.57,No
CUST06536,Male,0,Yes,No,54,Month-to-month,Fiber optic,Yes,Electronic check,No,89.69,4833.72,No
CUST06537,Male,0,Yes,Yes,8,Month-to-month,Fiber optic,Yes,Electronic check,No,73.84,627.11,No
CUST06538,Male,1,Yes,Yes,61,Two year,DSL,Yes,Electronic check,Yes,65.18,3907.5,No
CUST06539,Female,0,Yes,No,17,Month-to-month,No,Yes,Bank transfer,No,26.72,430.44,No
CUST06540,Female,0,Yes,No,50,Month-to-month,Fiber optic,Yes,Electronic check,Yes,84.13,4191.32,No
CUST06541,Female,0,No,No,18,Two year,Fiber optic,No,Electronic check,Yes,104.89,1990.38,No
CUST06542,Female,0,Yes,No,68,Month-to-month,Fiber optic,Yes,Mailed check,Yes,84.64,5826.49,No
CUST06543,Male,0,Yes,No,32,Month-to-month,Fiber optic,Yes,Electronic check,Yes,82.62,2601.02,No
CUST06544,Female,0,Yes,No,37,Two year,Fiber optic,Yes,Electronic check,No,80.42,3011.63,No
CUST06545,Female,0,Yes,No,12,Month-to-month,Fiber optic,No,Bank transfer,No,69.77,896.93,No
CUST06546,Male,1,Yes,No,48,Month-to-month,Fiber optic,Yes,Bank transfer,No,86.97,4036.46,No
CUST06547,Female,0,Yes,Yes,72,Month-to-month,DSL,Yes,Electronic check,Yes,71.5,5096.47,No
CUST06548,Female,1,No,Yes,52,One year,Fiber optic,Yes,Electronic check,No,100.35,5443.9,Yes
CUST06549,Male,0,Yes,Yes,0,Month-to-month,Fiber optic,Yes,Electronic check,Yes,98.74,57.88,Yes
CUST06550,Male,1,No,No,11,Two year,Fiber optic,Yes,Credit card,Yes,74.79,948.96,No
CUST06551,Male,0,No,No,23,Month-to-month,Fiber optic,No,Bank transfer,No,78.22,1833.18,No
CUST06552,Female,0,Yes,No,0,One year,DSL,Yes,Credit card,Yes,58.75,13.88,No
CUST06553,Female,0,Yes,No,67,Month-to-month,DSL,Yes,Bank transfer,No,54.41,3604.33,No
CUST06554,Male,0,Yes,No,6,Month-to-month,Fiber optic,Yes,Credit card,Yes,86.85,670.09,Yes
CUST06555,Male,0,Yes,Yes,68,Two year,Fiber optic,Yes,Credit card,Yes,72.25,4955.62,No
CUST06556,Female,0,Yes,No,38,Month-to-month,DSL,Yes,Electronic check,Yes,58.92,2285.78,No
CUST06557,Male,0,No,No,31,One year,Fiber optic,Yes,Electronic check,No,66.87,2201.14,No
CUST06558,Female,0,Yes,Yes,48,Month-to-month,DSL,Yes,Mailed check,No,48.03,2272.29,No
CUST06559,Male,1,No,Yes,30,Two year,DSL,Yes,Electronic check,Yes,55.33,1648.21,No
CUST06560,Male,0,Yes,Yes,2,Month-to-month,DSL,Yes,Mailed check,Yes,67.72,213.87,Yes
CUST06561,Female,0,No,No,46,One year,DSL,Yes,Electronic check,No,57.67,2611.79,Yes
CUST06562,Male,0,No,Yes,14,Two year,DSL,Yes,Credit card,Yes,87.82,1128.13,No
CUST06563,Male,0,Yes,No,50,Month-to-month,Fiber optic,Yes,Bank transfer,Yes,78.23,3961.74,No
CUST06564,Male,0,Yes,No,20,Month-to-month,Fiber optic,Yes,Mailed check,Yes,61.28,1270.59,No
CUST06565,Female,0,No,No,40,One year,Fiber optic,Yes,Mailed check,Yes,98.01,3870.61,No
CUST06566,Male,0,No,No,2,Month-to-month,Fiber optic,Yes,Mailed check,No,98.63,206.41,Yes
CUST06567,Male,0,Yes,No,0,Two year,Fiber optic,No,Bank transfer,No,82.51,8.18,No
CUST06568,Male,0,Yes,Yes,20,Month-to-month,Fiber optic,Yes,Mailed check,No,78.46,1543.54,Yes
CUST06569,Male,0,Yes,Yes,20,Month-to-month,Fiber optic,Yes,Mailed check,Yes,75.69,1528.45,No
CUST06570,Male,0,Yes,Yes,48,Month-to-month,No,Yes,Bank transfer,Yes,31.9,1660.17,Yes
CUST06571,Male,0,No,No,64,Month-to-month,No,Yes,Bank transfer,No,21.22,1357.92,No
CUST06572,Female,0,No,No,40,Month-to-month,No,Yes,Bank transfer,No,32.5,1480.04,No
CUST06573,Female,1,Yes,No,66,Month-to-month,Fiber optic,Yes,Mailed check,No,95.99,6340.8,No
CUST06574,Male,1,Yes,No,41,Month-to-month,No,Yes,Mailed check,Yes,21.29,819.82,No
CUST06575,Female,0,Yes,Yes,68,Month-to-month,DSL,Yes,Electronic check,No,58.18,4121.37,No
CUST06576,Female,0,No,No,56,Month-to-month,Fiber optic,No,Mailed check,Yes,61.78,3390.51,No
CUST06577,Male,0,No,Yes,42,Month-to-month,Fiber optic,Yes,Bank transfer,Yes,78.82,3153.68,Yes
CUST06578,Female,0,Yes,Yes,11,Month-to-month,DSL,Yes,Electronic check,Yes,51.95,638.93,Yes
CUST06579,Female,0,Yes,No,63,Month-to-month,DSL,Yes,Electronic check,Yes,90.31,5891.18,No
CUST06580,Female,0,No,No,50,One year,Fiber optic,Yes,Credit card,Yes,70.65,3498.21,No
CUST06581,Female,0,Yes,Yes,72,Month-to-month,DSL,Yes,Mailed check,Yes,86.0,6202.72,No
CUST06582,Female,0,Yes,No,59,Two year,DSL,No,Bank transfer,Yes,73.55,4278.22,No
CUST06583,Female,0,Yes,No,70,Month-to-month,DSL,Yes,Electronic check,No,64.71,4524.0,No
CUST06584,Female,0,Yes,Yes,27,Month-to-month,Fiber optic,Yes,Mailed check,Yes,83.79,2196.77,No
CUST06585,Female,0,Yes,Yes,70,Month-to-month,DSL,Yes,Bank transfer,Yes,67.9,4825.09,No
CUST06586,Male,0,No,No,13,Month-to-month,Fiber optic,Yes,Credit card,Yes,72.73,1048.56,Yes
CUST06587,Male,0,No,No,31,Two year,No,Yes,Credit card,Yes,18.0,454.94,No
CUST06588,Female,0,Yes,No,7,Month-to-month,Fiber optic,Yes,Credit card,No,105.73,842.62,Yes
CUST06589,Female,0,Yes,Yes,26,Month-to-month,DSL,No,Electronic check,Yes,47.82,1174.88,No
CUST06590,Male,0,No,No,49,Month-to-month,DSL,No,Mailed check,Yes,64.32,3180.35,No
CUST06591,Female,0,Yes,No,58,Two year,Fiber optic,Yes,Bank transfer,Yes,106.35,6244.09,No
CUST06592,Female,0,Yes,No,56,One year,No,Yes,Mailed check,Yes,26.17,1451.5,No
CUST06593,Male,0,Yes,Yes,2,Month-to-month,DSL,Yes,Mailed check,No,68.98,42.43,No
CUST06594,Male,0,No,No,26,Two year,Fiber optic,Yes,Credit card,No,99.62,2516.78,No
CUST06595,Male,0,Yes,No,33,Two year,Fiber optic,Yes,Credit card,Yes,94.67,3199.06,No
CUST06596,Female,0,Yes,No,25,Month-to-month,No,Yes,Credit card,Yes,24.68,705.81,No
CUST06597,Female,1,Yes,No,39,Month-to-month,Fiber optic,No,Mailed check,Yes,77.38,2891.88,Yes
CUST06598,Male,1,Yes,No,31,Month-to-month,Fiber optic,Yes,Electronic check,No,85.77,2777.56,Yes
CUST06599,Male,0,No,No,40,One year,Fiber optic,Yes,Mailed check,No,81.62,3206.15,Yes
CUST06600,Female,1,No,No,1,Month-to-month,DSL,Yes,Bank transfer,Yes,43.92,2.45,Yes
CUST06601,Male,0,Yes,No,71,Two year,DSL,Yes,Mailed check,No,59.68,4273.73,No
CUST06602,Female,0,Yes,No,6,Month-to-month,DSL,No,Electronic check,Yes,68.0,236.47,Yes
CUST06603,Female,0,No,No,18,Two year,Fiber optic,No,Credit card,Yes,53.66,988.78,Yes
CUST06604,Male,1,Yes,No,32,One year,Fiber optic,Yes,Electronic check,No,60.41,1924.25,No
CUST06605,Male,0,No,Yes,1,Two year,DSL,Yes,Credit card,No,53.22,102.28,No
CUST06606,Female,0,No,No,66,Month-to-month,DSL,Yes,Credit card,Yes,64.87,4273.26,No
CUST06607,Male,0,Yes,Yes,14,Two year,DSL,Yes,Credit card,Yes,55.06,856.18,No
CUST06608,Male,0,No,No,20,One year,DSL,Yes,Credit card,No,48.6,906.24,No
CUST06609,Male,0,Yes,Yes,58,One year,DSL,Yes,Electronic check,Yes,51.63,3044.45,No
CUST06610,Male,0,Yes,No,38,Month-to-month,DSL,Yes,Mailed check,Yes,67.44,2541.57,No
CUST06611,Female,0,No,No,19,Two year,DSL,Yes,Credit card,Yes,67.39,1144.81,No
CUST06612,Female,0,No,Yes,0,Month-to-month,Fiber optic,No,Electronic check,Yes,65.04,0.0,No
CUST06613,Female,0,No,No,72,Two year,Fiber optic,No,Electronic check,Yes,77.22,5570.11,No
CUST06614,Female,0,No,Yes,8,Month-to-month,DSL,No,Mailed check,Yes,79.19,629.14,No
CUST06615,Male,0,Yes,No,50,Two year,DSL,Yes,Mailed check,Yes,83.45,4125.58,No
CUST06616,Male,0,Yes,No,37,Two year,No,Yes,Credit card,Yes,18.56,620.42,No
CUST06617,Female,0,Yes,No,14,Month-to-month,DSL,Yes,Mailed check,No,57.3,805.91,No
CUST06618,Female,0,No,No,40,Month-to-month,DSL,Yes,Electronic check,Yes,69.13,2885.96,No
CUST06619,Male,0,Yes,No,46,Month-to-month,DSL,Yes,Mailed check,No,60.92,2791.76,No
CUST06620,Female,0,Yes,No,25,Month-to-month,Fiber optic,Yes,Mailed check,No,79.03,1877.2,No
CUST06621,Female,1,No,No,53,One year,DSL,No,Bank transfer,Yes,64.3,3625.41,No
CUST06622,Male,1,Yes,No,69,Month-to-month,No,No,Credit card,Yes,28.16,1766.01,No
CUST06623,Female,0,Yes,No,38,Month-to-month,DSL,Yes,Mailed check,No,68.26,2738.12,Yes
CUST06624,Male,0,Yes,Yes,16,Month-to-month,DSL,Yes,Mailed check,Yes,87.43,1411.22,No
CUST06625,Male,1,Yes,Yes,69,Month-to-month,Fiber optic,Yes,Bank transfer,Yes,65.0,4462.77,No
CUST06626,Female,1,Yes,Yes,8,One year,DSL,Yes,Credit card,Yes,67.16,505.95,No
CUST06627,Male,1,Yes,No,45,Month-to-month,Fiber optic,Yes,Bank transfer,Yes,71.93,3220.1,Yes
CUST06628,Female,1,Yes,No,5,Two year,Fiber optic,Yes,Electronic check,No,87.74,426.07,Yes
CUST06629,Male,0,Yes,Yes,67,Month-to-month,DSL,No,Credit card,Yes,54.92,3823.7,No
CUST06630,Female,0,Yes,Yes,15,Month-to-month,No,No,Bank transfer,No,22.45,246.0,No
CUST06631,Female,0,Yes,No,28,Month-to-month,Fiber optic,Yes,Electronic check,No,93.08,2592.83,No
CUST06632,Female,0,Yes,Yes,40,Month-to-month,DSL,Yes,Electronic check,No,70.3,2802.69,No
CUST06633,Male,0,Yes,No,67,Month-to-month,Fiber optic,Yes,Electronic check,No,66.31,4439.58,No
CUST06634,Male,0,Yes,No,61,Month-to-month,DSL,Yes,Credit card,No,53.15,3386.95,No
CUST06635,Female,0,No,No,39,Month-to-month,Fiber optic,Yes,Electronic check,Yes,99.91,3880.71,No
CUST06636,Male,0,No,Yes,61,Month-to-month,Fiber optic,Yes,Bank transfer,Yes,31.08,1825.29,No
CUST06637,Female,0,Yes,No,23,Month-to-month,No,Yes,Electronic check,Yes,22.17,672.11,Yes
CUST06638,Female,0,Yes,No,5,One year,Fiber optic,Yes,Electronic check,No,57.48,241.0,Yes
CUST06639,Male,0,No,Yes,39,Two year,No,Yes,Mailed check,Yes,20.89,819.45,No
CUST06640,Female,0,No,No,69,Month-to-month,DSL,Yes,Electronic check,No,77.73,5306.93,No
CUST06641,Male,0,No,No,57,Month-to-month,DSL,Yes,Credit card,Yes,65.98,3735.36,No
CUST06642,Female,0,Yes,Yes,13,Month-to-month,No,Yes,Mailed check,Yes,18.0,290.65,No
CUST06643,Male,0,No,No,44,Two year,DSL,Yes,Mailed check,Yes,91.64,4049.64,No
CUST06644,Female,0,No,Yes,5,One year,No,Yes,Credit card,No,20.37,65.12,Yes
CUST06645,Female,0,Yes,No,22,Month-to-month,DSL,Yes,Mailed check,No,67.23,1494.78,No
CUST06646,Male,0,Yes,No,61,Month-to-month,DSL,Yes,Bank transfer,No,61.23,3851.8,No
CUST06647,Female,0,Yes,Yes,16,Two year,Fiber optic,Yes,Credit card,Yes,90.92,1390.3,No
CUST06648,Female,1,Yes,Yes,69,Month-to-month,Fiber optic,Yes,Bank transfer,Yes,73.98,5160.96,No
CUST06649,Male,0,Yes,No,27,Month-to-month,No,Yes,Bank transfer,Yes,29.34,690.46,No
CUST06650,Female,0,No,No,12,Month-to-month,No,Yes,Bank transfer,Yes,28.78,276.63,No
CUST06651,Male,0,Yes,No,28,Month-to-month,Fiber optic,Yes,Electronic check,Yes,67.08,1892.59,Yes
CUST06652,Female,0,Yes,No,44,Month-to-month,Fiber optic,Yes,Electronic check,Yes,82.46,3593.86,No
CUST06653,Male,0,No,No,19,Month-to-month,Fiber optic,Yes,Bank transfer,Yes,85.92,1763.01,Yes
CUST06654,Female,1,Yes,Yes,57,One year,Fiber optic,Yes,Electronic check,Yes,78.76,4558.28,No
CUST06655,Female,0,Yes,No,53,Month-to-month,No,Yes,Electronic check,Yes,18.0,1029.7,No
CUST06656,Female,0,Yes,No,63,Two year,Fiber optic,Yes,Electronic check,No,64.34,4216.65,No
CUST06657,Male,0,Yes,No,51,Month-to-month,DSL,Yes,Bank transfer,Yes,67.92,3403.73,No
CUST06658,Male,0,Yes,Yes,42,One year,Fiber optic,Yes,Bank transfer,No,82.21,3378.21,No
CUST06659,Male,0,No,No,17,Month-to-month,Fiber optic,Yes,Credit card,No,76.42,1328.06,No
CUST06660,Male,0,Yes,No,53,Month-to-month,Fiber optic,No,Bank transfer,No,105.62,5608.19,No
CUST06661,Female,0,No,No,59,Two year,Fiber optic,Yes,Mailed check,No,69.73,4126.43,No
CUST06662,Female,0,Yes,No,70,Month-to-month,No,Yes,Electronic check,No,27.38,1884.1,No
CUST06663,Male,1,No,No,0,Two year,DSL,No,Bank transfer,Yes,67.03,0.0,No
CUST06664,Male,0,No,Yes,36,One year,Fiber optic,Yes,Mailed check,Yes,96.64,3463.0,No
CUST06665,Male,0,No,No,48,One year,No,Yes,Credit card,No,30.81,1434.24,No
CUST06666,Female,0,Yes,Yes,34,Month-to-month,No,Yes,Credit card,Yes,20.17,774.62,No
CUST06667,Male,0,No,Yes,66,Two year,DSL,Yes,Mailed check,Yes,58.3,3849.44,No
CUST06668,Male,0,No,No,34,Month-to-month,Fiber optic,No,Mailed check,No,84.33,2956.68,No
CUST06669,Female,0,No,No,8,Two year,Fiber optic,Yes,Credit card,Yes,67.97,468.44,Yes
CUST06670,Female,0,Yes,No,36,Two year,No,Yes,Mailed check,Yes,23.11,838.64,No
CUST06671,Male,0,Yes,No,59,Month-to-month,Fiber optic,Yes,Bank transfer,No,73.03,4256.72,No
CUST06672,Female,0,Yes,No,55,Two year,Fiber optic,No,Mailed check,Yes,98.31,5387.92,Yes
CUST06673,Male,0,Yes,No,11,Month-to-month,No,Yes,Bank transfer,Yes,30.79,416.96,No
CUST06674,Female,0,No,Yes,70,Two year,No,Yes,Electronic check,Yes,31.03,2290.77,No
CUST06675,Male,0,No,No,70,One year,Fiber optic,No,Credit card,Yes,77.57,5538.55,No
CUST06676,Male,1,No,Yes,3,Month-to-month,Fiber optic,No,Credit card,No,95.98,217.36,No
CUST06677,Male,0,Yes,No,60,Month-to-month,Fiber optic,Yes,Bank transfer,Yes,87.96,5337.87,Yes
CUST06678,Male,0,Yes,No,44,One year,Fiber optic,Yes,Mailed check,No,67.78,2915.94,No
CUST06679,Female,0,Yes,Yes,49,One year,Fiber optic,Yes,Mailed check,No,73.85,3681.36,No
CUST06680,Female,0,Yes,Yes,49,Month-to-month,Fiber optic,Yes,Bank transfer,Yes,107.8,5191.75,No
CUST06681,Female,0,No,No,47,Month-to-month,DSL,Yes,Electronic check,No,66.18,3136.52,No
CUST06682,Female,1,Yes,No,22,Month-to-month,No,No,Electronic check,No,35.04,698.84,No
CUST06683,Male,0,No,No,7,Two year,No,Yes,Credit card,Yes,21.54,230.82,No
CUST06684,Male,1,No,No,28,Month-to-month,No,Yes,Credit card,Yes,22.23,544.15,Yes
CUST06685,Female,0,No,No,42,Two year,Fiber optic,Yes,Electronic check,Yes,104.47,4422.21,Yes
CUST06686,Female,0,Yes,No,52,Month-to-month,Fiber optic,Yes,Electronic check,Yes,87.47,4600.83,No
CUST06687,Female,0,Yes,No,5,Month-to-month,Fiber optic,Yes,Credit card,Yes,79.66,353.89,No
CUST06688,Female,0,Yes,Yes,23,Month-to-month,DSL,Yes,Electronic check,Yes,48.18,1073.69,No
CUST06689,Female,0,Yes,No,13,Two year,Fiber optic,Yes,Bank transfer,No,100.51,1331.69,No
CUST06690,Male,1,No,No,51,Month-to-month,No,Yes,Mailed check,Yes,34.25,1818.51,No
CUST06691,Male,0,No,No,69,Month-to-month,DSL,Yes,Credit card,Yes,62.37,4435.76,No
CUST06692,Male,1,Yes,No,3,Two year,Fiber optic,Yes,Bank transfer,No,95.53,360.95,No
CUST06693,Female,1,Yes,No,57,Two year,DSL,No,Mailed check,No,54.97,3220.17,No
CUST06694,Female,1,No,Yes,36,Two year,No,Yes,Electronic check,Yes,31.46,1173.25,No
CUST06695,Female,0,Yes,No,47,Two year,Fiber optic,Yes,Electronic check,Yes,69.9,3273.04,No
CUST06696,Female,0,No,Yes,38,Two year,Fiber optic,No,Credit card,Yes,87.43,3360.78,No
CUST06697,Male,0,No,Yes,65,Two year,Fiber optic,Yes,Electronic check,Yes,76.41,4967.33,No
CUST06698,Male,0,No,No,12,One year,Fiber optic,Yes,Electronic check,No,55.46,707.92,No
CUST06699,Female,0,No,No,65,One year,Fiber optic,No,Electronic check,Yes,104.53,6609.25,No
CUST06700,Male,0,No,No,59,Month-to-month,DSL,Yes,Electronic check,No,67.26,4088.38,No
CUST06701,Male,0,No,Yes,40,One year,Fiber optic,Yes,Bank transfer,No,74.49,3139.24,No
CUST06702,Female,1,No,No,31,Month-to-month,No,Yes,Credit card,No,22.04,582.48,Yes
CUST06703,Female,1,Yes,Yes,51,Two year,Fiber optic,Yes,Electronic check,Yes,67.89,3538.65,No
CUST06704,Female,0,Yes,No,4,One year,DSL,Yes,Credit card,No,49.85,288.79,No
CUST06705,Female,0,No,No,66,Two year,Fiber optic,Yes,Electronic check,Yes,73.28,4851.53,No
CUST06706,Female,0,Yes,No,65,Month-to-month,Fiber optic,Yes,Credit card,Yes,83.38,5259.78,No
CUST06707,Female,0,No,No,51,One year,Fiber optic,Yes,Mailed check,No,84.51,4287.69,No
CUST06708,Male,0,No,Yes,48,Month-to-month,DSL,Yes,Credit card,Yes,73.82,3489.02,No
CUST06709,Male,0,No,No,28,Two year,DSL,Yes,Electronic check,Yes,88.67,2602.76,No
CUST06710,Female,0,Yes,No,37,Month-to-month,DSL,Yes,Credit card,Yes,68.2,2522.43,Yes
CUST06711,Male,0,Yes,No,69,Month-to-month,No,Yes,Electronic check,No,38.38,2673.78,No
CUST06712,Female,0,Yes,No,7,Month-to-month,No,Yes,Electronic check,Yes,18.0,192.76,Yes
CUST06713,Female,0,Yes,No,58,Month-to-month,No,Yes,Bank transfer,Yes,18.0,1031.35,No
CUST06714,Female,1,No,No,54,Month-to-month,Fiber optic,Yes,Electronic check,Yes,92.08,4919.3,No
CUST06715,Female,0,No,No,1,Two year,No,Yes,Credit card,No,25.48,94.13,No
CUST06716,Male,0,No,No,25,Month-to-month,Fiber optic,Yes,Bank transfer,No,83.55,2111.97,Yes
CUST06717,Female,0,Yes,Yes,62,One year,Fiber optic,Yes,Electronic check,Yes,85.25,5268.13,No
CUST06718,Male,0,Yes,Yes,16,Month-to-month,No,Yes,Electronic check,No,39.27,585.33,No
CUST06719,Female,0,Yes,Yes,58,Month-to-month,Fiber optic,Yes,Electronic check,Yes,70.66,3917.67,Yes
CUST06720,Female,0,Yes,No,15,Two year,Fiber optic,Yes,Bank transfer,Yes,86.13,1400.2,No
CUST06721,Female,0,No,Yes,57,Month-to-month,No,Yes,Credit card,Yes,20.87,1271.6,No
CUST06722,Male,0,Yes,Yes,63,Two year,No,Yes,Bank transfer,No,20.92,1475.21,No
CUST06723,Female,0,Yes,No,49,Two year,Fiber optic,Yes,Bank transfer,No,95.59,4792.51,No
CUST06724,Female,0,No,No,25,Two year,DSL,Yes,Electronic check,Yes,46.05,1229.1,No
CUST06725,Female,0,No,No,16,Month-to-month,Fiber optic,No,Credit card,Yes,97.65,1593.44,Yes
CUST06726,Male,0,Yes,No,45,Two year,DSL,Yes,Credit card,No,53.93,2372.03,No
CUST06727,Male,0,No,Yes,67,Month-to-month,No,Yes,Electronic check,No,31.68,2178.3,No
CUST06728,Male,0,Yes,No,49,Month-to-month,No,Yes,Mailed check,Yes,34.48,1691.18,No
CUST06729,Female,1,Yes,Yes,42,Month-to-month,Fiber optic,Yes,Electronic check,Yes,74.04,3224.46,No
CUST06730,Male,0,Yes,No,47,Month-to-month,Fiber optic,Yes,Credit card,Yes,63.72,3004.08,No
CUST06731,Female,1,No,Yes,67,Two year,DSL,No,Electronic check,Yes,59.53,3989.93,No
CUST06732,Male,0,Yes,No,18,One year,No,Yes,Mailed check,No,19.64,283.82,No
CUST06733,Male,1,Yes,Yes,24,Two year,No,Yes,Bank transfer,Yes,28.9,797.33,No
CUST06734,Female,0,No,No,71,Month-to-month,DSL,Yes,Electronic check,No,98.18,6902.96,No
CUST06735,Male,0,Yes,Yes,17,Two year,DSL,Yes,Electronic check,No,55.19,990.52,No
CUST06736,Female,1,Yes,Yes,50,Month-to-month,DSL,Yes,Credit card,No,71.76,3696.19,No
CUST06737,Female,0,Yes,No,17,Two year,Fiber optic,Yes,Electronic check,No,72.83,1242.71,Yes
CUST06738,Male,0,Yes,Yes,57,Two year,DSL,Yes,Bank transfer,No,79.38,4548.24,No
CUST06739,Female,0,No,No,63,Month-to-month,DSL,Yes,Bank transfer,Yes,67.21,4121.12,Yes
CUST06740,Female,0,No,No,70,One year,Fiber optic,Yes,Mailed check,Yes,100.88,6954.61,No
CUST06741,Male,0,Yes,No,56,Two year,Fiber optic,Yes,Electronic check,Yes,66.4,3625.5,No
CUST06742,Male,0,Yes,No,16,Month-to-month,No,Yes,Electronic check,Yes,26.15,487.9,No
CUST06743,Female,1,No,No,58,Month-to-month,No,Yes,Mailed check,Yes,33.85,1885.95,No
CUST06744,Male,0,Yes,No,66,Two year,Fiber optic,Yes,Electronic check,No,52.76,3555.42,No
CUST06745,Female,1,No,No,14,Month-to-month,DSL,Yes,Bank transfer,Yes,52.77,639.09,Yes
CUST06746,Female,1,Yes,Yes,25,Month-to-month,Fiber optic,Yes,Mailed check,Yes,96.51,2404.95,No
CUST06747,Male,0,No,Yes,47,Month-to-month,DSL,Yes,Bank transfer,Yes,63.42,2932.59,No
CUST06748,Male,0,No,Yes,13,One year,DSL,Yes,Mailed check,No,81.06,1028.58,No
CUST06749,Male,0,No,No,8,Month-to-month,DSL,Yes,Bank transfer,No,40.24,427.6,No
CUST06750,Male,0,Yes,No,6,Two year,Fiber optic,Yes,Credit card,Yes,70.36,252.1,No
CUST06751,Female,0,No,No,54,Two year,DSL,Yes,Credit card,Yes,49.04,2771.12,No
CUST06752,Female,0,No,No,11,Month-to-month,Fiber optic,Yes,Electronic check,Yes,59.02,686.27,No
CUST06753,Male,0,No,No,16,Month-to-month,DSL,Yes,Bank transfer,Yes,57.81,829.6,No
CUST06754,Male,0,Yes,No,72,One year,Fiber optic,Yes,Mailed check,No,59.35,4336.67,No
CUST06755,Female,0,No,No,7,Two year,Fiber optic,Yes,Bank transfer,Yes,53.68,331.13,No
CUST06756,Female,0,Yes,No,41,Month-to-month,Fiber optic,No,Electronic check,Yes,67.76,2761.05,Yes
CUST06757,Female,0,Yes,No,36,Two year,No,Yes,Electronic check,Yes,33.85,1332.71,No
CUST06758,Female,0,No,Yes,19,Month-to-month,No,No,Mailed check,No,22.05,318.57,No
CUST06759,Male,0,Yes,No,0,Month-to-month,Fiber optic,Yes,Electronic check,Yes,78.76,0.0,No
CUST06760,Female,1,No,No,8,Month-to-month,Fiber optic,No,Bank transfer,Yes,72.98,644.5,Yes
CUST06761,Female,0,No,Yes,23,One year,DSL,Yes,Bank transfer,Yes,71.19,1577.6,Yes
CUST06762,Male,0,No,No,33,Month-to-month,Fiber optic,Yes,Electronic check,Yes,91.21,2855.36,Yes
CUST06763,Female,0,No,Yes,35,Two year,DSL,Yes,Mailed check,No,69.88,2370.92,No
CUST06764,Female,1,No,No,3,Two year,DSL,Yes,Bank transfer,Yes,52.83,196.41,Yes
CUST06765,Male,0,Yes,Yes,28,Two year,No,Yes,Credit card,Yes,30.47,676.88,No
CUST06766,Male,0,No,No,15,Month-to-month,DSL,Yes,Credit card,No,62.04,771.77,No
CUST06767,Male,1,Yes,No,7,Month-to-month,Fiber optic,Yes,Electronic check,No,90.09,662.31,Yes
CUST06768,Female,0,Yes,No,38,Month-to-month,Fiber optic,Yes,Mailed check,Yes,79.4,2929.43,No
CUST06769,Female,0,No,No,57,Month-to-month,No,Yes,Credit card,Yes,49.29,2889.37,No
CUST06770,Male,0,Yes,No,11,Month-to-month,Fiber optic,Yes,Credit card,No,93.12,1066.65,No
CUST06771,Male,1,Yes,No,43,Month-to-month,DSL,Yes,Mailed check,Yes,52.93,2246.0,No
CUST06772,Female,0,No,No,3,Two year,Fiber optic,Yes,Electronic check,No,86.59,319.96,No
CUST06773,Male,0,Yes,Yes,24,One year,Fiber optic,Yes,Mailed check,Yes,79.61,1919.9,Yes
CUST06774,Male,0,Yes,No,69,Two year,No,Yes,Mailed check,Yes,21.77,1498.1,No
CUST06775,Male,0,Yes,No,66,Two year,Fiber optic,Yes,Mailed check,No,48.81,3244.71,No
CUST06776,Female,0,No,No,38,Month-to-month,Fiber optic,Yes,Electronic check,Yes,69.04,2598.39,No
CUST06777,Female,0,No,Yes,23,Two year,Fiber optic,Yes,Electronic check,Yes,73.76,1724.01,No
CUST06778,Female,0,No,Yes,5,Month-to-month,Fiber optic,Yes,Bank transfer,No,91.22,349.88,No
CUST06779,Female,0,Yes,No,71,Month-to-month,Fiber optic,Yes,Bank transfer,Yes,63.39,4680.63,No
CUST06780,Female,0,No,No,32,Month-to-month,Fiber optic,Yes,Mailed check,No,105.04,3448.23,No
CUST06781,Female,0,No,Yes,47,Month-to-month,DSL,Yes,Mailed check,Yes,83.99,3979.8,No
CUST06782,Male,0,Yes,No,66,Month-to-month,Fiber optic,Yes,Credit card,Yes,77.5,5206.38,No
CUST06783,Female,0,Yes,Yes,1,Month-to-month,DSL,No,Electronic check,Yes,87.62,181.21,Yes
CUST06784,Female,0,No,No,37,Two year,No,Yes,Mailed check,Yes,21.32,785.74,No
CUST06785,Male,0,No,No,39,Two year,No,Yes,Bank transfer,No,18.0,635.88,No
CUST06786,Female,0,No,No,55,One year,No,Yes,Credit card,No,34.4,1792.84,No
CUST06787,Female,0,Yes,Yes,20,One year,Fiber optic,Yes,Bank transfer,Yes,87.36,1812.17,Yes
CUST06788,Male,0,No,Yes,34,Month-to-month,No,Yes,Electronic check,Yes,30.15,1141.64,No
CUST06789,Male,0,Yes,No,66,One year,DSL,Yes,Electronic check,No,59.81,3905.63,No
CUST06790,Male,0,Yes,No,59,Month-to-month,DSL,Yes,Electronic check,Yes,57.02,3392.47,No
CUST06791,Female,1,Yes,No,22,Month-to-month,Fiber optic,Yes,Mailed check,No,92.49,2126.88,No
CUST06792,Male,0,No,No,64,Month-to-month,DSL,No,Electronic check,No,63.55,4127.35,No
CUST06793,Female,0,No,No,62,One year,No,No,Electronic check,Yes,25.81,1647.92,No
CUST06794,Female,1,No,Yes,22,One year,DSL,Yes,Electronic check,Yes,69.9,1724.81,No
CUST06795,Female,0,No,Yes,41,Month-to-month,Fiber optic,Yes,Bank transfer,No,57.83,2341.98,No
CUST06796,Female,0,Yes,No,63,Month-to-month,Fiber optic,No,Bank transfer,No,103.21,6498.18,No
CUST06797,Male,0,No,No,65,Two year,DSL,Yes,Credit card,Yes,81.85,5252.37,Yes
CUST06798,Male,0,No,No,40,Two year,DSL,No,Bank transfer,Yes,43.38,1647.28,No
CUST06799,Female,0,Yes,No,19,Month-to-month,DSL,Yes,Mailed check,No,66.04,1274.44,No
CUST06800,Male,0,Yes,Yes,8,Month-to-month,DSL,Yes,Mailed check,Yes,67.31,443.62,No
CUST06801,Female,0,Yes,No,56,Month-to-month,No,Yes,Bank transfer,Yes,18.0,828.86,No
CUST06802,Female,0,Yes,No,16,Month-to-month,DSL,Yes,Bank transfer,Yes,75.82,1175.9,No
CUST06803,Female,0,Yes,No,17,One year,DSL,Yes,Bank transfer,Yes,69.92,1168.45,No
CUST06804,Male,1,Yes,No,62,One year,Fiber optic,Yes,Credit card,Yes,45.11,2890.57,No
CUST06805,Female,0,No,No,71,One year,Fiber optic,Yes,Bank transfer,Yes,77.09,5345.93,No
CUST06806,Female,0,Yes,Yes,71,Month-to-month,No,Yes,Bank transfer,No,26.6,1783.85,No
CUST06807,Male,0,Yes,No,25,One year,No,Yes,Credit card,Yes,18.0,399.18,No
CUST06808,Male,0,No,Yes,71,Month-to-month,No,Yes,Mailed check,No,25.09,1749.51,No
CUST06809,Male,0,Yes,No,71,Month-to-month,No,Yes,Electronic check,No,30.77,2080.89,No
CUST06810,Male,0,No,Yes,12,Month-to-month,DSL,Yes,Credit card,Yes,54.72,663.89,No
CUST06811,Female,0,No,Yes,16,Two year,Fiber optic,No,Mailed check,Yes,91.03,1482.46,No
CUST06812,Male,0,Yes,Yes,25,One year,Fiber optic,Yes,Bank transfer,Yes,80.02,1882.8,No
CUST06813,Female,0,Yes,Yes,5,Month-to-month,Fiber optic,Yes,Mailed check,Yes,79.05,439.84,Yes
CUST06814,Male,0,Yes,No,3,One year,DSL,Yes,Mailed check,No,53.74,213.9,Yes
CUST06815,Male,1,Yes,No,6,Month-to-month,DSL,Yes,Bank transfer,Yes,71.41,325.36,Yes
CUST06816,Male,1,Yes,No,16,One year,Fiber optic,Yes,Bank transfer,Yes,72.69,1265.89,No
CUST06817,Male,0,Yes,No,49,Two year,DSL,Yes,Electronic check,Yes,62.93,3159.02,No
CUST06818,Male,0,Yes,Yes,5,Month-to-month,DSL,Yes,Electronic check,Yes,54.33,220.1,Yes
CUST06819,Male,0,No,No,29,Month-to-month,Fiber optic,No,Electronic check,Yes,63.69,1783.04,Yes
CUST06820,Female,0,Yes,Yes,55,Month-to-month,Fiber optic,Yes,Electronic check,Yes,61.6,3260.36,No
CUST06821,Male,1,No,Yes,38,One year,No,Yes,Credit card,Yes,30.16,1031.02,No
CUST06822,Male,0,Yes,Yes,13,Month-to-month,Fiber optic,Yes,Electronic check,Yes,80.58,1004.7,Yes
CUST06823,Male,0,No,No,53,Month-to-month,No,Yes,Bank transfer,Yes,18.0,939.66,No
CUST06824,Male,1,Yes,Yes,21,Month-to-month,DSL,Yes,Electronic check,No,63.7,1369.11,No
CUST06825,Female,1,No,No,56,Month-to-month,Fiber optic,Yes,Bank transfer,Yes,74.35,4233.33,No
CUST06826,Male,0,Yes,No,40,One year,DSL,Yes,Credit card,No,60.63,2336.29,Yes
CUST06827,Male,0,No,No,9,One year,Fiber optic,No,Electronic check,Yes,95.03,852.71,No
CUST06828,Male,0,Yes,No,1,One year,No,Yes,Bank transfer,No,22.76,64.2,No
CUST06829,Male,0,No,No,66,Month-to-month,DSL,Yes,Electronic check,Yes,57.24,3834.74,No
CUST06830,Female,0,Yes,No,47,Two year,Fiber optic,Yes,Electronic check,No,93.66,4354.13,No
CUST06831,Male,0,No,Yes,41,Month-to-month,No,Yes,Electronic check,No,24.08,1025.17,No
CUST06832,Female,0,Yes,No,10,Month-to-month,Fiber optic,Yes,Mailed check,No,91.93,962.08,No
CUST06833,Male,0,Yes,Yes,11,Month-to-month,DSL,Yes,Mailed check,No,52.07,690.48,No
CUST06834,Female,0,Yes,No,13,Two year,DSL,Yes,Bank transfer,No,69.45,896.22,Yes
CUST06835,Female,0,Yes,No,29,One year,DSL,Yes,Mailed check,No,69.65,2005.51,No
CUST06836,Male,0,No,No,59,Month-to-month,DSL,Yes,Credit card,No,53.71,3111.51,No
CUST06837,Male,0,No,No,29,Two year,Fiber optic,Yes,Electronic check,No,74.39,2080.46,No
CUST06838,Female,0,Yes,Yes,37,Two year,Fiber optic,Yes,Credit card,Yes,56.84,2068.3,No
CUST06839,Female,0,No,No,64,Month-to-month,Fiber optic,Yes,Mailed check,Yes,88.13,5538.11,No
CUST06840,Male,0,No,No,46,Month-to-month,Fiber optic,Yes,Credit card,No,87.52,3986.7,No
CUST06841,Female,0,No,No,38,Month-to-month,DSL,No,Mailed check,Yes,61.13,2216.1,No
CUST06842,Female,0,Yes,Yes,48,Month-to-month,Fiber optic,Yes,Mailed check,Yes,71.38,3321.78,No
CUST06843,Female,0,Yes,No,72,Two year,Fiber optic,Yes,Mailed check,Yes,93.51,6657.53,No
CUST06844,Male,0,No,No,57,Two year,DSL,Yes,Electronic check,No,62.97,3622.83,No
CUST06845,Female,0,Yes,No,16,Month-to-month,No,Yes,Electronic check,Yes,28.19,499.45,Yes
CUST06846,Female,0,No,No,5,Month-to-month,DSL,Yes,Mailed check,No,63.84,311.39,Yes
CUST06847,Female,0,No,No,14,Month-to-month,Fiber optic,Yes,Mailed check,Yes,109.16,1532.29,No
CUST06848,Male,0,Yes,No,66,Month-to-month,DSL,Yes,Mailed check,Yes,57.41,3834.98,No
CUST06849,Male,0,Yes,No,27,One year,Fiber optic,Yes,Electronic check,Yes,104.79,2797.52,No
CUST06850,Female,1,No,No,72,Month-to-month,No,Yes,Mailed check,Yes,32.28,2340.14,Yes
CUST06851,Male,0,Yes,No,43,Month-to-month,No,Yes,Electronic check,Yes,36.46,1489.78,No
CUST06852,Female,0,Yes,No,17,Month-to-month,DSL,Yes,Mailed check,Yes,81.43,1416.81,No
CUST06853,Male,0,Yes,Yes,31,Two year,No,Yes,Electronic check,No,21.75,660.92,No
CUST06854,Male,0,No,No,68,Month-to-month,DSL,No,Credit card,Yes,61.11,4178.64,No
CUST06855,Female,0,Yes,No,43,Month-to-month,No,Yes,Mailed check,Yes,21.15,881.72,No
CUST06856,Male,0,No,No,69,One year,Fiber optic,Yes,Credit card,No,76.4,5379.63,No
CUST06857,Male,0,Yes,Yes,62,Month-to-month,Fiber optic,Yes,Electronic check,Yes,85.26,5388.29,No
CUST06858,Male,0,Yes,No,57,One year,No,Yes,Electronic check,Yes,30.52,1840.81,No
CUST06859,Female,0,No,No,46,Month-to-month,Fiber optic,Yes,Electronic check,Yes,58.01,2535.25,No
CUST06860,Male,1,No,No,16,Two year,DSL,Yes,Electronic check,Yes,61.21,1008.97,No
CUST06861,Male,0,Yes,Yes,38,Month-to-month,DSL,No,Credit card,Yes,58.36,2350.25,No
CUST06862,Female,0,No,Yes,58,Month-to-month,No,Yes,Bank transfer,Yes,18.0,1048.26,No
CUST06863,Male,0,Yes,No,6,Month-to-month,Fiber optic,Yes,Mailed check,No,96.74,604.14,No
CUST06864,Male,0,No,No,62,Two year,Fiber optic,Yes,Electronic check,Yes,72.59,4519.9,No
CUST06865,Male,0,Yes,No,56,One year,DSL,Yes,Electronic check,Yes,77.8,4529.47,No
CUST06866,Male,0,No,No,33,Month-to-month,DSL,Yes,Bank transfer,No,76.22,2571.7,No
CUST06867,Male,0,No,No,52,Month-to-month,DSL,Yes,Bank transfer,No,72.59,3857.46,Yes
CUST06868,Female,0,Yes,No,65,Month-to-month,DSL,Yes,Bank transfer,Yes,74.82,4859.18,No
CUST06869,Female,0,No,Yes,47,One year,Fiber optic,Yes,Mailed check,Yes,103.33,4908.14,Yes
CUST06870,Male,0,No,Yes,59,One year,DSL,Yes,Credit card,Yes,69.27,4058.92,No
CUST06871,Male,0,Yes,No,42,Month-to-month,DSL,Yes,Electronic check,Yes,86.76,3788.36,Yes
CUST06872,Male,0,No,No,72,Two year,Fiber optic,Yes,Credit card,Yes,87.78,6244.73,No
CUST06873,Female,1,No,No,3,Month-to-month,DSL,Yes,Electronic check,Yes,70.61,119.08,No
CUST06874,Female,1,No,No,51,Two year,No,Yes,Mailed check,No,28.71,1366.01,Yes
CUST06875,Male,0,No,No,31,Two year,DSL,Yes,Bank transfer,No,59.74,1880.22,No
CUST06876,Male,0,No,No,50,One year,Fiber optic,Yes,Electronic check,No,65.89,3450.34,No
CUST06877,Female,0,No,No,9,Two year,Fiber optic,Yes,Bank transfer,No,103.04,931.7,No
CUST06878,Male,0,No,Yes,11,Month-to-month,DSL,Yes,Electronic check,No,87.99,1160.06,No
CUST06879,Female,0,Yes,No,38,One year,No,Yes,Credit card,No,44.16,1790.11,No
CUST06880,Female,1,No,No,67,Month-to-month,Fiber optic,Yes,Electronic check,Yes,74.14,5017.36,No
CUST06881,Male,0,Yes,No,9,Two year,DSL,Yes,Credit card,Yes,40.66,274.81,No
CUST06882,Female,0,No,No,72,Month-to-month,No,Yes,Credit card,No,28.21,2096.41,No
CUST06883,Male,0,No,No,9,Month-to-month,No,No,Electronic check,No,33.49,491.63,Yes
CUST06884,Male,0,Yes,No,22,Two year,Fiber optic,Yes,Mailed check,No,79.93,1845.45,No
CUST06885,Male,0,Yes,No,12,Two year,DSL,Yes,Electronic check,Yes,79.81,1042.59,No
CUST06886,Male,0,Yes,Yes,47,Month-to-month,Fiber optic,Yes,Bank transfer,Yes,79.48,3671.73,No
CUST06887,Male,0,Yes,No,43,Month-to-month,Fiber optic,No,Credit card,Yes,91.48,3967.74,No
CUST06888,Male,0,No,Yes,63,Month-to-month,DSL,No,Electronic check,No,69.29,4498.4,No
CUST06889,Female,1,Yes,No,39,Month-to-month,Fiber optic,Yes,Electronic check,No,65.75,2623.85,No
CUST06890,Female,0,No,No,5,Month-to-month,Fiber optic,No,Bank transfer,Yes,104.95,425.95,Yes
CUST06891,Female,1,No,No,71,Month-to-month,Fiber optic,Yes,Mailed check,No,68.49,4897.65,No
CUST06892,Female,0,No,Yes,42,Month-to-month,Fiber optic,No,Electronic check,Yes,72.75,3060.96,No
CUST06893,Male,0,Yes,No,31,Month-to-month,No,Yes,Bank transfer,Yes,20.69,617.45,No
CUST06894,Female,0,No,No,48,Month-to-month,No,Yes,Electronic check,Yes,36.75,1811.03,No
CUST06895,Female,0,Yes,Yes,18,Two year,Fiber optic,Yes,Electronic check,Yes,34.69,584.3,No
CUST06896,Female,0,No,No,51,Month-to-month,DSL,Yes,Credit card,No,50.69,2618.03,No
CUST06897,Male,0,No,No,51,Month-to-month,No,Yes,Mailed check,No,24.07,1193.6,No
CUST06898,Female,0,Yes,No,33,Month-to-month,DSL,Yes,Bank transfer,No,57.65,1857.79,No
CUST06899,Male,0,Yes,No,58,Two year,DSL,Yes,Electronic check,Yes,73.99,4220.29,No
CUST06900,Female,0,Yes,No,4,Two year,Fiber optic,No,Mailed check,Yes,70.57,260.63,No
CUST06901,Male,0,No,Yes,65,Month-to-month,Fiber optic,Yes,Mailed check,Yes,85.91,5604.18,No
CUST06902,Male,0,Yes,No,40,Two year,Fiber optic,Yes,Electronic check,Yes,70.63,2857.0,No
CUST06903,Female,0,No,No,33,Month-to-month,Fiber optic,No,Mailed check,Yes,86.37,2821.44,No
CUST06904,Male,0,Yes,No,53,Month-to-month,No,Yes,Bank transfer,No,35.96,1967.58,No
CUST06905,Male,0,No,No,19,Month-to-month,No,Yes,Electronic check,No,26.96,690.71,No
CUST06906,Female,0,Yes,No,53,Month-to-month,Fiber optic,Yes,Mailed check,No,76.18,4131.94,No
CUST06907,Female,1,Yes,No,65,One year,Fiber optic,Yes,Electronic check,Yes,60.28,3904.68,Yes
CUST06908,Female,0,Yes,No,17,Month-to-month,Fiber optic,Yes,Mailed check,No,84.65,1440.2,No
CUST06909,Male,0,No,No,43,One year,DSL,No,Mailed check,No,32.93,1496.31,No
CUST06910,Male,1,No,No,47,Month-to-month,Fiber optic,No,Bank transfer,Yes,70.19,3306.83,No
CUST06911,Male,1,Yes,No,34,Month-to-month,No,Yes,Bank transfer,Yes,22.32,813.3,No
CUST06912,Female,0,Yes,Yes,38,Month-to-month,No,Yes,Mailed check,Yes,30.02,1112.98,No
CUST06913,Male,1,Yes,No,2,Month-to-month,Fiber optic,Yes,Electronic check,No,91.0,306.08,Yes
CUST06914,Male,0,No,Yes,18,Two year,No,Yes,Credit card,No,19.11,350.18,Yes
CUST06915,Male,0,Yes,No,17,Two year,No,Yes,Electronic check,Yes,37.05,642.14,No
CUST06916,Male,0,No,No,4,Month-to-month,No,Yes,Bank transfer,Yes,45.67,267.17,Yes
CUST06917,Male,0,No,Yes,54,Month-to-month,No,Yes,Mailed check,Yes,23.4,1242.26,No
CUST06918,Male,0,No,No,12,Month-to-month,No,No,Electronic check,No,34.2,405.41,No
CUST06919,Male,0,No,Yes,33,Two year,DSL,Yes,Credit card,Yes,72.21,2441.5,No
CUST06920,Female,1,Yes,No,17,Month-to-month,No,Yes,Bank transfer,No,24.05,374.36,Yes
CUST06921,Female,0,No,No,67,Month-to-month,Fiber optic,Yes,Mailed check,No,78.59,5230.1,No
CUST06922,Female,0,Yes,Yes,71,One year,Fiber optic,Yes,Mailed check,No,93.29,6596.57,No
CUST06923,Male,0,Yes,No,42,Month-to-month,No,Yes,Electronic check,Yes,22.8,948.22,No
CUST06924,Male,0,No,No,64,Two year,DSL,Yes,Bank transfer,Yes,53.98,3409.2,No
CUST06925,Female,0,Yes,No,40,One year,DSL,Yes,Electronic check,Yes,59.7,2366.34,No
CUST06926,Male,0,Yes,No,37,Two year,Fiber optic,Yes,Electronic check,Yes,87.09,3281.97,No
CUST06927,Female,1,Yes,No,37,Two year,No,Yes,Electronic check,No,31.42,1305.36,No
CUST06928,Male,0,Yes,Yes,12,One year,No,Yes,Electronic check,No,18.0,227.3,Yes
CUST06929,Male,0,Yes,No,21,Two year,No,Yes,Credit card,Yes,23.48,476.35,No
CUST06930,Female,0,Yes,No,28,One year,No,Yes,Credit card,No,36.34,948.72,Yes
CUST06931,Female,0,Yes,No,8,Month-to-month,No,Yes,Bank transfer,Yes,26.7,251.04,No
CUST06932,Female,1,No,Yes,67,Month-to-month,DSL,Yes,Credit card,Yes,58.46,3937.9,No
CUST06933,Female,0,No,No,16,Month-to-month,Fiber optic,Yes,Bank transfer,Yes,55.71,818.19,Yes
CUST06934,Female,0,No,No,36,Month-to-month,DSL,Yes,Bank transfer,Yes,61.91,2218.66,No
CUST06935,Male,0,No,No,63,Month-to-month,DSL,Yes,Credit card,Yes,71.05,4452.18,No
CUST06936,Male,0,No,No,66,Month-to-month,No,Yes,Electronic check,Yes,18.0,1132.71,No
CUST06937,Male,0,No,No,3,Month-to-month,Fiber optic,Yes,Electronic check,Yes,68.94,188.01,Yes
CUST06938,Female,0,No,No,39,Month-to-month,No,Yes,Electronic check,Yes,30.54,1255.72,No
CUST06939,Female,0,No,No,15,Two year,Fiber optic,Yes,Mailed check,No,69.28,886.18,Yes
CUST06940,Female,0,Yes,No,10,One year,Fiber optic,Yes,Credit card,Yes,73.99,779.18,No
CUST06941,Female,0,No,No,25,Two year,Fiber optic,Yes,Credit card,No,72.95,1807.53,No
CUST06942,Female,0,No,No,71,Month-to-month,No,Yes,Bank transfer,No,35.56,2598.91,No
CUST06943,Female,0,No,No,64,Month-to-month,Fiber optic,Yes,Mailed check,No,98.33,6187.98,No
CUST06944,Male,0,No,Yes,1,Month-to-month,DSL,Yes,Credit card,Yes,54.35,0.0,Yes
CUST06945,Male,1,Yes,Yes,44,Month-to-month,No,Yes,Electronic check,Yes,39.37,1787.17,Yes
CUST06946,Male,0,Yes,No,42,Month-to-month,Fiber optic,Yes,Bank transfer,No,70.26,2929.97,No
CUST06947,Male,0,No,No,2,Two year,DSL,Yes,Bank transfer,Yes,53.33,47.93,Yes
CUST06948,Male,0,No,Yes,33,One year,Fiber optic,Yes,Electronic check,No,80.92,2628.67,No
CUST06949,Female,0,Yes,No,64,Month-to-month,DSL,Yes,Credit card,No,83.59,5337.09,Yes
CUST06950,Female,0,Yes,No,63,Two year,No,Yes,Bank transfer,Yes,20.18,1203.92,No
CUST06951,Female,1,No,No,6,Two year,Fiber optic,Yes,Mailed check,Yes,77.01,553.54,No
CUST06952,Female,0,Yes,No,34,One year,No,No,Electronic check,No,21.39,671.2,No
CUST06953,Female,0,Yes,No,21,Month-to-month,DSL,Yes,Bank transfer,Yes,87.39,1862.91,No
CUST06954,Female,0,Yes,Yes,47,Two year,No,Yes,Mailed check,Yes,24.24,1258.92,No
CUST06955,Male,1,Yes,No,31,Month-to-month,Fiber optic,Yes,Bank transfer,Yes,94.37,2932.69,Yes
CUST06956,Female,0,Yes,No,25,Month-to-month,DSL,Yes,Electronic check,Yes,55.62,1379.33,Yes
CUST06957,Female,0,No,No,5,One year,DSL,Yes,Bank transfer,Yes,66.19,394.65,No
CUST06958,Female,1,Yes,No,45,Month-to-month,DSL,Yes,Mailed check,Yes,88.0,3883.93,No
CUST06959,Female,0,Yes,Yes,54,Two year,Fiber optic,No,Mailed check,No,85.83,4649.03,No
CUST06960,Male,0,No,No,54,Two year,DSL,Yes,Mailed check,Yes,64.41,3545.69,No
CUST06961,Male,0,No,No,56,Month-to-month,Fiber optic,Yes,Electronic check,No,92.72,5349.7,No
CUST06962,Female,0,Yes,No,62,Month-to-month,Fiber optic,Yes,Credit card,No,95.15,6116.4,Yes
CUST06963,Male,0,No,Yes,0,Month-to-month,Fiber optic,Yes,Bank transfer,No,62.02,0.0,Yes
CUST06964,Male,0,No,No,20,Month-to-month,No,Yes,Electronic check,No,18.0,283.36,Yes
CUST06965,Female,0,No,Yes,19,Month-to-month,Fiber optic,Yes,Electronic check,Yes,68.8,1358.11,Yes
CUST06966,Female,0,No,No,72,Month-to-month,DSL,No,Electronic check,Yes,57.63,4134.9,No
CUST06967,Female,0,No,No,28,Month-to-month,Fiber optic,Yes,Electronic check,No,55.02,1483.53,No
CUST06968,Female,0,Yes,No,42,Two year,DSL,Yes,Mailed check,No,62.38,2573.8,No
CUST06969,Female,0,No,No,44,Month-to-month,Fiber optic,Yes,Mailed check,Yes,82.98,3764.71,Yes
CUST06970,Male,0,No,No,64,Two year,Fiber optic,Yes,Electronic check,Yes,58.07,3789.43,No
CUST06971,Female,0,Yes,Yes,2,Month-to-month,DSL,Yes,Credit card,No,69.1,196.95,No
CUST06972,Female,0,No,No,19,Month-to-month,Fiber optic,Yes,Credit card,Yes,71.97,1357.9,Yes
CUST06973,Female,0,No,No,36,Two year,DSL,Yes,Bank transfer,Yes,54.12,1906.93,No
CUST06974,Male,0,No,Yes,37,Month-to-month,Fiber optic,Yes,Electronic check,Yes,90.68,3398.16,Yes
CUST06975,Female,0,Yes,Yes,44,One year,No,Yes,Credit card,Yes,25.13,1116.29,No
CUST06976,Female,0,Yes,No,41,One year,Fiber optic,Yes,Electronic check,Yes,93.99,3757.29,No
CUST06977,Female,0,No,No,45,One year,No,Yes,Electronic check,Yes,20.94,978.33,No
CUST06978,Male,0,Yes,No,59,Month-to-month,No,Yes,Mailed check,Yes,29.85,1846.0,Yes
CUST06979,Female,0,No,No,12,Two year,DSL,Yes,Electronic check,Yes,67.61,666.98,Yes
CUST06980,Female,0,Yes,No,30,One year,Fiber optic,Yes,Electronic check,Yes,84.42,2560.02,No
CUST06981,Female,0,No,No,67,One year,DSL,Yes,Mailed check,Yes,75.43,5156.67,Yes
CUST06982,Male,0,No,Yes,61,Two year,Fiber optic,Yes,Credit card,Yes,83.53,5116.19,No
CUST06983,Female,0,Yes,No,48,Month-to-month,Fiber optic,Yes,Credit card,Yes,72.57,3528.26,No
CUST06984,Female,0,Yes,No,17,Month-to-month,Fiber optic,Yes,Bank transfer,Yes,76.77,1192.06,No
CUST06985,Female,0,Yes,No,52,Month-to-month,DSL,Yes,Mailed check,Yes,59.34,3106.03,No
CUST06986,Male,1,Yes,No,17,Month-to-month,DSL,Yes,Electronic check,Yes,66.69,1078.66,No
CUST06987,Female,0,No,No,50,Month-to-month,Fiber optic,Yes,Electronic check,Yes,77.01,3930.19,No
CUST06988,Female,0,No,No,40,Month-to-month,Fiber optic,Yes,Mailed check,Yes,68.06,2667.06,No
CUST06989,Female,0,Yes,No,66,Month-to-month,DSL,No,Mailed check,No,59.2,3882.04,No
CUST06990,Male,0,Yes,No,64,Month-to-month,Fiber optic,Yes,Mailed check,No,77.92,4981.81,No
CUST06991,Male,0,Yes,Yes,5,Two year,Fiber optic,Yes,Electronic check,Yes,60.29,250.51,No
CUST06992,Female,0,No,No,36,Month-to-month,Fiber optic,Yes,Bank transfer,No,65.5,2330.03,No
CUST06993,Male,0,Yes,Yes,11,Two year,DSL,Yes,Bank transfer,No,47.59,458.1,No
CUST06994,Male,0,No,Yes,1,Month-to-month,No,Yes,Credit card,Yes,26.51,0.0,Yes
CUST06995,Male,0,No,No,52,One year,Fiber optic,Yes,Bank transfer,Yes,91.32,4824.04,No
CUST06996,Female,0,No,No,24,Month-to-month,Fiber optic,Yes,Electronic check,Yes,78.21,1959.68,No
CUST06997,Female,1,No,No,27,Month-to-month,No,Yes,Mailed check,Yes,26.82,752.52,No
CUST06998,Male,0,No,No,44,Two year,DSL,Yes,Electronic check,Yes,48.47,2264.28,No
CUST06999,Male,1,No,Yes,36,One year,Fiber optic,Yes,Electronic check,Yes,96.01,3489.98,Yes
CUST07000,Male,0,No,Yes,16,Two year,Fiber optic,Yes,Electronic check,No,91.8,1499.33,Yes
CUST07001,Female,1,Yes,Yes,68,Month-to-month,DSL,Yes,Electronic check,Yes,69.92,4793.75,No
CUST07002,Female,0,No,No,55,Two year,Fiber optic,Yes,Mailed check,No,76.55,4146.44,No
CUST07003,Male,0,Yes,Yes,57,Month-to-month,DSL,No,Credit card,Yes,63.44,3549.73,No
CUST07004,Male,0,No,Yes,3,Month-to-month,Fiber optic,Yes,Mailed check,Yes,61.09,145.0,No
CUST07005,Male,1,No,No,54,Month-to-month,Fiber optic,Yes,Bank transfer,Yes,82.55,4417.32,No
CUST07006,Male,0,No,Yes,48,Month-to-month,Fiber optic,Yes,Mailed check,Yes,59.11,2858.76,No
CUST07007,Female,0,No,Yes,37,Month-to-month,No,Yes,Mailed check,No,25.85,1064.79,No
CUST07008,Male,1,Yes,No,44,One year,No,Yes,Electronic check,No,18.0,760.94,No
CUST07009,Female,0,No,No,29,Two year,Fiber optic,Yes,Electronic check,Yes,79.45,2243.65,No
CUST07010,Male,0,Yes,No,36,Month-to-month,DSL,Yes,Credit card,Yes,49.53,1694.48,No
CUST07011,Male,1,Yes,No,55,Two year,No,Yes,Mailed check,No,38.71,2159.51,No
CUST07012,Male,0,Yes,No,26,Two year,Fiber optic,Yes,Electronic check,Yes,98.65,2563.15,No
CUST07013,Male,0,Yes,Yes,31,Month-to-month,Fiber optic,Yes,Bank transfer,Yes,79.8,2624.67,Yes
CUST07014,Male,0,No,No,10,Month-to-month,Fiber optic,Yes,Mailed check,No,77.76,732.01,No
CUST07015,Female,0,No,No,57,Month-to-month,DSL,Yes,Credit card,No,69.28,4055.33,No
CUST07016,Male,0,No,No,34,Month-to-month,Fiber optic,Yes,Electronic check,Yes,74.62,2368.18,No
CUST07017,Male,1,Yes,No,16,Two year,DSL,Yes,Mailed check,No,68.59,971.19,No
CUST07018,Male,0,No,No,29,Month-to-month,Fiber optic,Yes,Credit card,No,87.95,2631.83,No
CUST07019,Female,0,No,No,17,Month-to-month,Fiber optic,Yes,Credit card,Yes,51.31,871.54,No
CUST07020,Female,0,No,No,29,Month-to-month,No,Yes,Mailed check,No,36.44,1037.21,No
CUST07021,Female,0,No,No,15,Month-to-month,Fiber optic,Yes,Bank transfer,Yes,70.13,1013.42,No
CUST07022,Female,0,No,No,53,Month-to-month,Fiber optic,Yes,Credit card,No,57.79,3129.66,Yes
CUST07023,Male,0,Yes,No,3,Month-to-month,DSL,Yes,Bank transfer,No,47.38,212.49,No
CUST07024,Male,0,No,No,14,Two year,Fiber optic,No,Credit card,Yes,76.61,1218.42,No
CUST07025,Male,0,No,Yes,26,Month-to-month,Fiber optic,Yes,Bank transfer,Yes,86.21,2284.13,No
CUST07026,Female,0,No,No,3,Month-to-month,DSL,Yes,Credit card,No,50.41,223.83,No
CUST07027,Male,0,Yes,Yes,34,Two year,Fiber optic,Yes,Credit card,No,79.53,2597.95,Yes
CUST07028,Male,0,No,Yes,62,One year,Fiber optic,Yes,Bank transfer,Yes,103.77,6346.2,No
CUST07029,Female,0,No,No,65,Month-to-month,Fiber optic,Yes,Electronic check,No,86.59,5666.65,No
CUST07030,Female,0,No,No,38,Month-to-month,No,Yes,Electronic check,Yes,23.43,958.95,No
CUST07031,Female,0,No,Yes,27,Month-to-month,DSL,Yes,Credit card,Yes,58.36,1684.73,No
CUST07032,Male,0,Yes,No,33,One year,Fiber optic,Yes,Electronic check,No,79.94,2519.75,No
CUST07033,Male,0,Yes,No,32,Month-to-month,Fiber optic,Yes,Credit card,Yes,78.81,2485.32,No
CUST07034,Female,0,No,No,49,One year,DSL,No,Electronic check,Yes,38.82,1871.12,No
CUST07035,Male,0,No,Yes,59,One year,No,Yes,Credit card,No,31.88,1820.64,No
CUST07036,Female,0,No,No,71,Month-to-month,No,Yes,Credit card,Yes,26.57,1745.95,No
CUST07037,Female,0,Yes,No,71,Month-to-month,Fiber optic,Yes,Credit card,No,64.06,4588.94,No
CUST07038,Male,0,No,No,41,Two year,No,Yes,Electronic check,No,37.43,1388.42,No
CUST07039,Female,0,Yes,No,27,Two year,DSL,Yes,Credit card,Yes,42.97,1208.04,No
CUST07040,Female,0,No,No,26,One year,DSL,Yes,Bank transfer,Yes,71.87,1932.38,Yes
CUST07041,Female,0,Yes,Yes,0,Month-to-month,DSL,Yes,Electronic check,Yes,89.38,68.62,No
CUST07042,Male,1,No,No,7,Month-to-month,Fiber optic,Yes,Credit card,Yes,82.28,607.47,Yes
CUST07043,Female,0,Yes,No,45,Month-to-month,Fiber optic,Yes,Electronic check,Yes,86.33,3916.07,No
